2;USA;Colorado;Adams;;W104.384;N39.8667;9;
2;USA;Colorado;Alamosa;;W105.801;N37.6;9;
2;USA;Colorado;Arapahoe;;W104.384;N39.65;9;
2;USA;Colorado;Archuleta;;W107.034;N37.1833;9;
2;USA;Colorado;Baca;;W102.551;N37.3333;9;
2;USA;Colorado;Bent;;W103.067;N37.9667;9;
2;USA;Colorado;Boulder;;W105.351;N40.0833;9;
2;USA;Colorado;Broomfield;;W105.087;N39.9206;9;
2;USA;Colorado;Chaffee;;W106.184;N38.7667;9;
2;USA;Colorado;Cheyenne;;W102.601;N38.8333;9;
2;USA;Colorado;Clear Creek;;W105.651;N39.6833;9;
2;USA;Colorado;Conejos;;W106.184;N37.2167;9;
2;USA;Colorado;Costilla;;W105.434;N37.2667;9;
2;USA;Colorado;Crowley;;W103.784;N38.35;9;
2;USA;Colorado;Custer;;W105.367;N38.1167;9;
2;USA;Colorado;Delta;;W107.851;N38.85;9;
2;USA;Colorado;Denver;;W104.951;N39.6667;9;
2;USA;Colorado;Dolores;;W108.517;N37.7667;9;
2;USA;Colorado;Douglas;;W104.951;N39.3333;9;
2;USA;Colorado;Eagle;;W106.701;N39.6333;9;
2;USA;Colorado;El Paso;;W104.517;N38.8333;9;
2;USA;Colorado;Elbert;;W104.051;N39.3;9;
2;USA;Colorado;Fremont;;W105.401;N38.4833;9;
2;USA;Colorado;Garfield;;W107.834;N39.55;9;
2;USA;Colorado;Gilpin;;W105.517;N39.85;9;
2;USA;Colorado;Grand;;W106.084;N40.0667;9;
2;USA;Colorado;Gunnison;;W107.067;N38.7;9;
2;USA;Colorado;Hinsdale;;W107.334;N37.85;9;
2;USA;Colorado;Huerfano;;W104.951;N37.6833;9;
2;USA;Colorado;Jackson;;W106.334;N40.6667;9;
2;USA;Colorado;Jefferson;;W105.267;N39.6333;9;
2;USA;Colorado;Kiowa;;W102.817;N38.4333;9;
2;USA;Colorado;Kit Carson;;W102.567;N39.3;9;
2;USA;Colorado;La Plata;;W107.817;N37.2833;9;
2;USA;Colorado;Lake;;W106.334;N39.2167;9;
2;USA;Colorado;Larimer;;W105.467;N40.6667;9;
2;USA;Colorado;Las Animas;;W104.001;N37.4167;9;
2;USA;Colorado;Lincoln;;W103.451;N39.05;9;
2;USA;Colorado;Logan;;W103.117;N40.7167;9;
2;USA;Colorado;Mesa;;W108.467;N39.0333;9;
2;USA;Colorado;Mineral;;W106.917;N37.6667;9;
2;USA;Colorado;Moffat;;W108.084;N40.65;9;
2;USA;Colorado;Montezuma;;W108.551;N37.3333;9;
2;USA;Colorado;Montrose;;W108.267;N38.4167;9;
2;USA;Colorado;Morgan;;W103.817;N40.2667;9;
2;USA;Colorado;Otero;;W103.717;N37.9;9;
2;USA;Colorado;Ouray;;W107.767;N38.15;9;
2;USA;Colorado;Park;;W105.767;N39.15;9;
2;USA;Colorado;Phillips;;W102.367;N40.6;9;
2;USA;Colorado;Pitkin;;W106.934;N39.2;9;
2;USA;Colorado;Prowers;;W102.401;N37.9667;9;
2;USA;Colorado;Pueblo;;W104.484;N38.1833;9;
2;USA;Colorado;Rio Blanco;;W108.201;N39.95;9;
2;USA;Colorado;Rio Grande;;W106.401;N37.5667;9;
2;USA;Colorado;Routt;;W106.984;N40.5167;9;
2;USA;Colorado;Saguache;;W106.251;N38.0833;9;
2;USA;Colorado;San Juan;;W107.667;N37.7506;9;
2;USA;Colorado;San Miguel;;W108.451;N38.0167;9;
2;USA;Colorado;Sedgwick;;W102.351;N40.8667;9;
2;USA;Colorado;Summit;;W106.017;N39.6;9;
2;USA;Colorado;Teller;;W105.167;N38.8667;9;
2;USA;Colorado;Washington;;W103.201;N39.9667;9;
2;USA;Colorado;Weld;;W104.534;N40.6333;9;
2;USA;Colorado;Yuma;;W102.434;N39.9833;9;
3;USA;Colorado;Adams;Aurora;W104.832;N39.7294;12;
3;USA;Colorado;Adams;Barr Lake;W104.775;N39.9444;12;
3;USA;Colorado;Adams;Bennett;W104.427;N39.7589;12;
3;USA;Colorado;Adams;Berkley;W105.026;N39.8044;12;
3;USA;Colorado;Adams;Brighton;W104.821;N39.9853;12;
3;USA;Colorado;Adams;Cabin Creek;W104.031;N39.7406;12;
3;USA;Colorado;Adams;Comanche;W104.301;N39.9856;12;
3;USA;Colorado;Adams;Commerce City;W104.934;N39.8083;12;
3;USA;Colorado;Adams;Cozy Corner;W105.026;N39.9139;12;
3;USA;Colorado;Adams;Derby;W104.919;N39.8394;12;
3;USA;Colorado;Adams;Dupont;W104.912;N39.8381;12;
3;USA;Colorado;Adams;Eastlake;W104.961;N39.9239;12;
3;USA;Colorado;Adams;Eno;W104.844;N39.8872;12;
3;USA;Colorado;Adams;Federal Heights;W104.999;N39.8514;12;
3;USA;Colorado;Adams;Hazeltine Heights;W104.89;N39.8856;12;
3;USA;Colorado;Adams;Hazeltine;W104.883;N39.8967;12;
3;USA;Colorado;Adams;Henderson;W104.866;N39.9206;12;
3;USA;Colorado;Adams;Hi-Land Acres;W104.877;N39.9883;12;
3;USA;Colorado;Adams;Irondale;W104.897;N39.8494;12;
3;USA;Colorado;Adams;Leader;W104.056;N39.8994;12;
3;USA;Colorado;Adams;Living Springs;W104.301;N39.8914;12;
3;USA;Colorado;Adams;Manila;W104.522;N39.7564;12;
3;USA;Colorado;Adams;North Washington;W104.979;N39.8072;12;
3;USA;Colorado;Adams;Northglenn;W104.987;N39.8856;12;
3;USA;Colorado;Adams;Quimby;W104.944;N39.8733;12;
3;USA;Colorado;Adams;Rolla;W104.891;N39.8692;12;
3;USA;Colorado;Adams;Sable;W104.831;N39.7664;12;
3;USA;Colorado;Adams;Shamrock;W103.816;N39.8853;12;
3;USA;Colorado;Adams;Sherrelwood;W105.001;N39.8378;12;
3;USA;Colorado;Adams;Strasburg;W104.323;N39.7383;12;
3;USA;Colorado;Adams;Thornton;W104.972;N39.8681;12;
3;USA;Colorado;Adams;Todd Creek;W104.873;N39.9781;12;
3;USA;Colorado;Adams;Twin Lakes;W105.005;N39.825;12;
3;USA;Colorado;Adams;Utah Junction;W104.998;N39.8006;12;
3;USA;Colorado;Adams;Watkins;W104.608;N39.7453;12;
3;USA;Colorado;Adams;Welby;W104.959;N39.8367;12;
3;USA;Colorado;Adams;Western Hills;W104.997;N39.8322;12;
3;USA;Colorado;Adams;Westminster;W105.037;N39.8367;12;
3;USA;Colorado;Adams;Zuni;W105.022;N39.8033;12;
3;USA;Colorado;Alamosa;Alamosa;W105.87;N37.4694;12;
3;USA;Colorado;Alamosa;Estrella;W105.924;N37.3661;12;
3;USA;Colorado;Alamosa;Hartner;W105.91;N37.3925;12;
3;USA;Colorado;Alamosa;Henry;W105.907;N37.3983;12;
3;USA;Colorado;Alamosa;Hooper;W105.875;N37.7428;12;
3;USA;Colorado;Alamosa;La Fruto;W105.899;N37.4147;12;
3;USA;Colorado;Alamosa;Mosca;W105.874;N37.6483;12;
3;USA;Colorado;Alamosa;Parma;W106.039;N37.5372;12;
3;USA;Colorado;Alamosa;Waverly;W106.006;N37.4297;12;
3;USA;Colorado;Arapahoe;Altura;W104.804;N39.7403;12;
3;USA;Colorado;Arapahoe;Bow Mar;W105.05;N39.6283;12;
3;USA;Colorado;Arapahoe;Byers;W104.228;N39.7114;12;
3;USA;Colorado;Arapahoe;Castlewood;W104.901;N39.5847;12;
3;USA;Colorado;Arapahoe;Centennial;W104.877;N39.5792;12;
3;USA;Colorado;Arapahoe;Cherry Hills Village;W104.959;N39.6417;12;
3;USA;Colorado;Arapahoe;Columbine Valley;W105.032;N39.6011;12;
3;USA;Colorado;Arapahoe;Deer Trail;W104.044;N39.615;12;
3;USA;Colorado;Arapahoe;Englewood;W104.988;N39.6478;12;
3;USA;Colorado;Arapahoe;Foxfield;W104.793;N39.5917;12;
3;USA;Colorado;Arapahoe;Glendale;W104.934;N39.705;12;
3;USA;Colorado;Arapahoe;Greenwood Village;W104.951;N39.6172;12;
3;USA;Colorado;Arapahoe;Littleton;W105.017;N39.6133;12;
3;USA;Colorado;Arapahoe;Peoria;W104.114;N39.6797;12;
3;USA;Colorado;Arapahoe;Sheridan;W105.025;N39.6469;12;
3;USA;Colorado;Arapahoe;Southglenn;W104.953;N39.5872;12;
3;USA;Colorado;Arapahoe;Sullivan;W104.898;N39.6714;12;
3;USA;Colorado;Arapahoe;Wolhurst;W105.033;N39.5706;12;
3;USA;Colorado;Archuleta;Altura;W107.191;N37.1833;12;
3;USA;Colorado;Archuleta;Arboles;W107.419;N37.0281;12;
3;USA;Colorado;Archuleta;Carracas;W107.259;N37.005;12;
3;USA;Colorado;Archuleta;Chimney Rock;W107.301;N37.1944;12;
3;USA;Colorado;Archuleta;Chromo;W106.843;N37.0364;12;
3;USA;Colorado;Archuleta;Dyke;W107.195;N37.2264;12;
3;USA;Colorado;Archuleta;Edith;W106.91;N37.0056;12;
3;USA;Colorado;Archuleta;Gato;W107.197;N37.045;12;
3;USA;Colorado;Archuleta;Juanita;W107.151;N37.0272;12;
3;USA;Colorado;Archuleta;Kearns;W107.16;N37.1311;12;
3;USA;Colorado;Archuleta;Lonetree;W107.173;N37.1681;12;
3;USA;Colorado;Archuleta;Nutria;W107.126;N37.2308;12;
3;USA;Colorado;Archuleta;Pagosa Junction;W107.199;N37.0381;12;
3;USA;Colorado;Archuleta;Pagosa Springs;W107.01;N37.2694;12;
3;USA;Colorado;Archuleta;Piedra;W107.341;N37.2236;12;
3;USA;Colorado;Archuleta;Stollsteimer;W107.355;N37.1417;12;
3;USA;Colorado;Archuleta;Treasure;W106.966;N37.3125;12;
3;USA;Colorado;Archuleta;Trujillo;W107.047;N37.1006;12;
3;USA;Colorado;Baca;Atlanta;W102.996;N37.5036;12;
3;USA;Colorado;Baca;Bartlett;W102.144;N37.4333;12;
3;USA;Colorado;Baca;Buckeye Crossroads;W102.129;N37.5575;12;
3;USA;Colorado;Baca;Campo;W102.58;N37.105;12;
3;USA;Colorado;Baca;Carrizo Springs;W103.035;N37.1636;12;
3;USA;Colorado;Baca;Deora;W102.967;N37.5803;12;
3;USA;Colorado;Baca;Edler;W102.778;N37.1764;12;
3;USA;Colorado;Baca;Frick;W102.956;N37.5853;12;
3;USA;Colorado;Baca;Graft;W102.892;N37.4478;12;
3;USA;Colorado;Baca;Harboro;W102.815;N37.4975;12;
3;USA;Colorado;Baca;Kirkwell;W102.941;N37.1486;12;
3;USA;Colorado;Baca;Liberty;W102.724;N37.3081;12;
3;USA;Colorado;Baca;Lycan;W102.201;N37.6153;12;
3;USA;Colorado;Baca;Midway;W102.186;N37.1492;12;
3;USA;Colorado;Baca;Murray Place;W102.997;N37.5161;12;
3;USA;Colorado;Baca;Prichett;W102.861;N37.3717;12;
3;USA;Colorado;Baca;Pritchett;W102.86;N37.3703;12;
3;USA;Colorado;Baca;Springfield;W102.614;N37.4083;12;
3;USA;Colorado;Baca;Stonington;W102.188;N37.2936;12;
3;USA;Colorado;Baca;Two Buttes;W102.398;N37.5611;12;
3;USA;Colorado;Baca;Utleyville;W103.031;N37.2711;12;
3;USA;Colorado;Baca;Vilas;W102.446;N37.3736;12;
3;USA;Colorado;Baca;Walsh;W102.278;N37.3861;12;
3;USA;Colorado;Bent;Able;W102.87;N38.0606;12;
3;USA;Colorado;Bent;Big Bend;W102.751;N38.2014;12;
3;USA;Colorado;Bent;Boggsville;W103.213;N38.0417;12;
3;USA;Colorado;Bent;Caddoa;W102.966;N38.0478;12;
3;USA;Colorado;Bent;Cornelia;W103.288;N38.0928;12;
3;USA;Colorado;Bent;Fort Lyon;W103.152;N38.0922;12;
3;USA;Colorado;Bent;Four Corners Crossing;W102.778;N38.0267;12;
3;USA;Colorado;Bent;Gilpin;W103.185;N37.9461;12;
3;USA;Colorado;Bent;Hasty;W102.957;N38.1125;12;
3;USA;Colorado;Bent;Hilton;W103.061;N38.0703;12;
3;USA;Colorado;Bent;Keesee;W102.779;N38.1364;12;
3;USA;Colorado;Bent;Keller;W103.146;N38.0628;12;
3;USA;Colorado;Bent;Kreybill;W103.101;N38.1139;12;
3;USA;Colorado;Bent;Las Animas Junction;W103.174;N38.0625;12;
3;USA;Colorado;Bent;Las Animas;W103.223;N38.0667;12;
3;USA;Colorado;Bent;Lubers;W102.924;N38.1289;12;
3;USA;Colorado;Bent;Marlman;W103.349;N38.0936;12;
3;USA;Colorado;Bent;McClave;W102.851;N38.1375;12;
3;USA;Colorado;Bent;Melina;W103.187;N38.0994;12;
3;USA;Colorado;Bent;Ninaview;W103.241;N37.6439;12;
3;USA;Colorado;Bent;Old Fort Lyons;W102.773;N38.0958;12;
3;USA;Colorado;Bent;Prowers;W102.768;N38.0819;12;
3;USA;Colorado;Bent;Riverdale;W103.317;N38.0586;12;
3;USA;Colorado;Bent;Ruxton;W103.147;N37.7481;12;
3;USA;Colorado;Bent;Toonerville;W103.164;N37.775;12;
3;USA;Colorado;Bent;Wareland;W103.216;N39.0925;12;
3;USA;Colorado;Boulder;Allenspark;W105.526;N40.1944;12;
3;USA;Colorado;Boulder;Altona;W105.283;N40.1339;12;
3;USA;Colorado;Boulder;Ara;W105.25;N40.025;12;
3;USA;Colorado;Boulder;Arrowood;W105.511;N40.1872;12;
3;USA;Colorado;Boulder;Aspen Meadows;W105.413;N39.9764;12;
3;USA;Colorado;Boulder;Balarat;W105.396;N40.1592;12;
3;USA;Colorado;Boulder;Bark Ranch;W105.439;N40.1175;12;
3;USA;Colorado;Boulder;Big Elk Meadows;W105.43;N40.2619;12;
3;USA;Colorado;Boulder;Bonanza Mountain Estates;W105.48;N39.9767;12;
3;USA;Colorado;Boulder;Boulder Junction;W105.209;N40.0167;12;
3;USA;Colorado;Boulder;Boulder;W105.271;N40.015;12;
3;USA;Colorado;Boulder;Canfield;W105.075;N40.0536;12;
3;USA;Colorado;Boulder;Caribou City;W105.513;N39.99;12;
3;USA;Colorado;Boulder;Coal Creek;W105.377;N39.9064;12;
3;USA;Colorado;Boulder;Copperdale;W105.349;N39.9142;12;
3;USA;Colorado;Boulder;Crescent Village;W105.361;N39.9197;12;
3;USA;Colorado;Boulder;Crescent;W105.343;N39.9283;12;
3;USA;Colorado;Boulder;Crisman;W105.361;N40.0408;12;
3;USA;Colorado;Boulder;Dominion;W105.127;N40.1431;12;
3;USA;Colorado;Boulder;El Vado;W105.346;N40.0058;12;
3;USA;Colorado;Boulder;Eldora;W105.564;N39.9486;12;
3;USA;Colorado;Boulder;Eldorado Springs;W105.277;N39.9325;12;
3;USA;Colorado;Boulder;Erie;W105.05;N40.0503;12;
3;USA;Colorado;Boulder;Ferncliff;W105.513;N40.1908;12;
3;USA;Colorado;Boulder;Glendale;W105.366;N40.0819;12;
3;USA;Colorado;Boulder;Gold Hill;W105.404;N40.0631;12;
3;USA;Colorado;Boulder;Gold Run;W105.411;N40.0542;12;
3;USA;Colorado;Boulder;Gooding;W105.083;N40.0736;12;
3;USA;Colorado;Boulder;Hidden Lake;W105.479;N40.11;12;
3;USA;Colorado;Boulder;Highland;W105.083;N40.2389;12;
3;USA;Colorado;Boulder;Hygiene;W105.181;N40.1886;12;
3;USA;Colorado;Boulder;Jamestown;W105.389;N40.1156;12;
3;USA;Colorado;Boulder;Lafayette;W105.09;N39.9936;12;
3;USA;Colorado;Boulder;Lake Shore Park;W105.367;N39.9589;12;
3;USA;Colorado;Boulder;Lazy Acres;W105.333;N40.0933;12;
3;USA;Colorado;Boulder;Leyner;W105.103;N40.0497;12;
3;USA;Colorado;Boulder;Liggett;W105.134;N40.045;12;
3;USA;Colorado;Boulder;Longmont;W105.102;N40.1672;12;
3;USA;Colorado;Boulder;Louisville;W105.132;N39.9778;12;
3;USA;Colorado;Boulder;Lyons;W105.271;N40.2247;12;
3;USA;Colorado;Boulder;Magnolia;W105.365;N39.9939;12;
3;USA;Colorado;Boulder;Marnett;W105.134;N40.1683;12;
3;USA;Colorado;Boulder;Marshall;W105.23;N39.9556;12;
3;USA;Colorado;Boulder;Meeker Park;W105.531;N40.2339;12;
3;USA;Colorado;Boulder;Miramonte;W105.373;N39.9306;12;
3;USA;Colorado;Boulder;Morey;W105.093;N40.2175;12;
3;USA;Colorado;Boulder;Mountain Meadows;W105.381;N40.0239;12;
3;USA;Colorado;Boulder;Nederland;W105.511;N39.9614;12;
3;USA;Colorado;Boulder;Ninemile Corner;W105.104;N40.0153;12;
3;USA;Colorado;Boulder;Niwot;W105.171;N40.1039;12;
3;USA;Colorado;Boulder;Noland;W105.254;N40.2592;12;
3;USA;Colorado;Boulder;Orodell;W105.325;N40.015;12;
3;USA;Colorado;Boulder;Paragon Estates;W105.175;N39.9819;12;
3;USA;Colorado;Boulder;Peaceful Valley;W105.498;N40.1314;12;
3;USA;Colorado;Boulder;Pine Brook Hill;W105.315;N40.05;12;
3;USA;Colorado;Boulder;Pine Valley;W105.483;N40.1917;12;
3;USA;Colorado;Boulder;Pleasant View Ridge;W105.056;N40.1167;12;
3;USA;Colorado;Boulder;Raymond;W105.464;N40.155;12;
3;USA;Colorado;Boulder;Ridgewood;W105.424;N39.9658;12;
3;USA;Colorado;Boulder;Riverside;W105.437;N40.1756;12;
3;USA;Colorado;Boulder;Rowena;W105.389;N40.0769;12;
3;USA;Colorado;Boulder;Saint Ann Highlands;W105.456;N39.9869;12;
3;USA;Colorado;Boulder;Salina;W105.373;N40.0506;12;
3;USA;Colorado;Boulder;Seven Hills;W105.312;N40.0264;12;
3;USA;Colorado;Boulder;Seven Hills;W105.333;N40.0372;12;
3;USA;Colorado;Boulder;Silver Springs;W105.454;N40.0156;12;
3;USA;Colorado;Boulder;Silver Spruce;W105.348;N40.0047;12;
3;USA;Colorado;Boulder;Springdale;W105.358;N40.1097;12;
3;USA;Colorado;Boulder;Sugarloaf;W105.407;N40.0169;12;
3;USA;Colorado;Boulder;Summerville;W105.394;N40.0569;12;
3;USA;Colorado;Boulder;Sunnyside;W105.382;N40.0036;12;
3;USA;Colorado;Boulder;Sunset;W105.469;N40.0358;12;
3;USA;Colorado;Boulder;Sunshine;W105.367;N40.0658;12;
3;USA;Colorado;Boulder;Superior;W105.169;N39.9528;12;
3;USA;Colorado;Boulder;Switzerland Park;W105.435;N40.0014;12;
3;USA;Colorado;Boulder;Tabor;W105.074;N40.0514;12;
3;USA;Colorado;Boulder;Tall Timber;W105.352;N40.0144;12;
3;USA;Colorado;Boulder;Valmont;W105.214;N40.0319;12;
3;USA;Colorado;Boulder;Wallstreet;W105.391;N40.0389;12;
3;USA;Colorado;Boulder;Ward;W105.508;N40.0722;12;
3;USA;Colorado;Boulder;Wheelman;W105.374;N40.0036;12;
3;USA;Colorado;Boulder;Whispering Pine;W105.486;N39.9697;12;
3;USA;Colorado;Boulder;Wondervu;W105.395;N39.9256;12;
3;USA;Colorado;Broomfield;Broomfield;W105.087;N39.9206;12;
3;USA;Colorado;Chaffee;Americus;W106.166;N38.9025;12;
3;USA;Colorado;Chaffee;Belleview;W106.037;N38.5692;12;
3;USA;Colorado;Chaffee;Browns Canon;W106.06;N38.6119;12;
3;USA;Colorado;Chaffee;Buena Vista;W106.131;N38.8422;12;
3;USA;Colorado;Chaffee;Centerville;W106.092;N38.7089;12;
3;USA;Colorado;Chaffee;Cleora;W105.97;N38.5133;12;
3;USA;Colorado;Chaffee;Futurity;W105.954;N38.7364;12;
3;USA;Colorado;Chaffee;Granite;W106.263;N39.0436;12;
3;USA;Colorado;Chaffee;Hamilton;W106.459;N38.9244;12;
3;USA;Colorado;Chaffee;Johnson Village;W106.107;N38.8108;12;
3;USA;Colorado;Chaffee;Maysville;W106.19;N38.5386;12;
3;USA;Colorado;Chaffee;Newett;W105.989;N38.8667;12;
3;USA;Colorado;Chaffee;Poncha Springs;W106.077;N38.5128;12;
3;USA;Colorado;Chaffee;Princeton;W106.22;N38.9933;12;
3;USA;Colorado;Chaffee;Riverside;W106.184;N38.9383;12;
3;USA;Colorado;Chaffee;Rockdale;W106.412;N38.9914;12;
3;USA;Colorado;Chaffee;Salida;W105.999;N38.5347;12;
3;USA;Colorado;Chaffee;Smeltertown;W106.014;N38.5475;12;
3;USA;Colorado;Chaffee;Stonewall;W106.36;N38.6311;12;
3;USA;Colorado;Chaffee;Turret;W105.989;N38.6403;12;
3;USA;Colorado;Chaffee;Vicksburg;W106.378;N38.9992;12;
3;USA;Colorado;Chaffee;Winfield;W106.441;N38.9847;12;
3;USA;Colorado;Cheyenne;Arapahoe;W102.182;N38.85;12;
3;USA;Colorado;Cheyenne;Aroya;W103.126;N38.8542;12;
3;USA;Colorado;Cheyenne;Cheyenne Wells;W102.353;N38.8214;12;
3;USA;Colorado;Cheyenne;Firstview;W102.54;N38.8158;12;
3;USA;Colorado;Cheyenne;Fort Big Spring;W102.83;N38.9333;12;
3;USA;Colorado;Cheyenne;Kit Carson;W102.789;N38.7611;12;
3;USA;Colorado;Cheyenne;Mount Pearl;W102.789;N38.9625;12;
3;USA;Colorado;Cheyenne;Old Wells;W102.326;N38.9;12;
3;USA;Colorado;Cheyenne;Wild Horse;W103.012;N38.8258;12;
3;USA;Colorado;Clear Creek;Alice;W105.643;N39.8183;12;
3;USA;Colorado;Clear Creek;Argo Mill;W105.507;N39.7428;12;
3;USA;Colorado;Clear Creek;Bakerville;W105.805;N39.6914;12;
3;USA;Colorado;Clear Creek;Berthoud Falls;W105.809;N39.7708;12;
3;USA;Colorado;Clear Creek;Black Eagle Mill;W105.547;N39.7264;12;
3;USA;Colorado;Clear Creek;Blue Valley;W105.489;N39.6997;12;
3;USA;Colorado;Clear Creek;Brookvale;W105.419;N39.6297;12;
3;USA;Colorado;Clear Creek;Downieville;W105.614;N39.7667;12;
3;USA;Colorado;Clear Creek;Dumont;W105.6;N39.7647;12;
3;USA;Colorado;Clear Creek;Empire;W105.684;N39.7614;12;
3;USA;Colorado;Clear Creek;Freeland;W105.596;N39.7442;12;
3;USA;Colorado;Clear Creek;Georgetown;W105.698;N39.7061;12;
3;USA;Colorado;Clear Creek;Gilson Gulch;W105.508;N39.7617;12;
3;USA;Colorado;Clear Creek;Graymont;W105.801;N39.6944;12;
3;USA;Colorado;Clear Creek;Idaho Springs;W105.514;N39.7425;12;
3;USA;Colorado;Clear Creek;Lamartine;W105.617;N39.7294;12;
3;USA;Colorado;Clear Creek;Lawson;W105.627;N39.7658;12;
3;USA;Colorado;Clear Creek;Ninetyfour;W105.636;N39.8275;12;
3;USA;Colorado;Clear Creek;Saint Marys;W105.647;N39.8167;12;
3;USA;Colorado;Clear Creek;Silver Plume;W105.726;N39.6961;12;
3;USA;Colorado;Clear Creek;Yankee;W105.624;N39.8264;12;
3;USA;Colorado;Conejos;Antonito;W106.009;N37.0792;12;
3;USA;Colorado;Conejos;Bountiful;W105.977;N37.2292;12;
3;USA;Colorado;Conejos;Cañon;W106.146;N37.0433;12;
3;USA;Colorado;Conejos;Capulin;W106.111;N37.2839;12;
3;USA;Colorado;Conejos;Centro;W106.147;N37.2839;12;
3;USA;Colorado;Conejos;Conejos;W106.02;N37.0883;12;
3;USA;Colorado;Conejos;Cumbres;W106.448;N37.0197;12;
3;USA;Colorado;Conejos;Espinosa;W105.946;N37.1306;12;
3;USA;Colorado;Conejos;Fox Creek;W106.201;N37.0656;12;
3;USA;Colorado;Conejos;Guadalupe;W106.026;N37.0953;12;
3;USA;Colorado;Conejos;La Jara;W105.96;N37.275;12;
3;USA;Colorado;Conejos;Las Mesitas;W106.111;N37.0644;12;
3;USA;Colorado;Conejos;Lasauses;W105.746;N37.2667;12;
3;USA;Colorado;Conejos;Lobatos;W105.949;N37.0794;12;
3;USA;Colorado;Conejos;Los Cerritos;W105.911;N37.1483;12;
3;USA;Colorado;Conejos;Manassa;W105.938;N37.1742;12;
3;USA;Colorado;Conejos;Mogote;W106.092;N37.0594;12;
3;USA;Colorado;Conejos;Morgan;W106.02;N37.3278;12;
3;USA;Colorado;Conejos;Ortiz;W106.044;N37.0042;12;
3;USA;Colorado;Conejos;Osier;W106.336;N37.0133;12;
3;USA;Colorado;Conejos;Paisaje;W106.061;N37.0678;12;
3;USA;Colorado;Conejos;Platoro;W106.533;N37.3519;12;
3;USA;Colorado;Conejos;Richfield;W105.945;N37.2778;12;
3;USA;Colorado;Conejos;Romeo;W105.985;N37.1722;12;
3;USA;Colorado;Conejos;San Antonio;W106.028;N37.0208;12;
3;USA;Colorado;Conejos;Sanford;W105.905;N37.2583;12;
3;USA;Colorado;Costilla;Blanca;W105.516;N37.4381;12;
3;USA;Colorado;Costilla;Chama;W105.378;N37.1619;12;
3;USA;Colorado;Costilla;Eastdale;W105.651;N37.0286;12;
3;USA;Colorado;Costilla;Fir;W105.179;N37.4853;12;
3;USA;Colorado;Costilla;Fort Garland;W105.434;N37.4289;12;
3;USA;Colorado;Costilla;Garcia;W105.537;N37.0042;12;
3;USA;Colorado;Costilla;Jaroso;W105.624;N37.0028;12;
3;USA;Colorado;Costilla;La Valley;W105.348;N37.1019;12;
3;USA;Colorado;Costilla;La Veta Pass;W105.203;N37.5931;12;
3;USA;Colorado;Costilla;Los Fuertes;W105.38;N37.1344;12;
3;USA;Colorado;Costilla;Mesita;W105.602;N37.0983;12;
3;USA;Colorado;Costilla;Russell;W105.288;N37.5553;12;
3;USA;Colorado;Costilla;San Acacio;W105.564;N37.2139;12;
3;USA;Colorado;Costilla;San Luis;W105.424;N37.2008;12;
3;USA;Colorado;Costilla;San Pablo;W105.397;N37.1492;12;
3;USA;Colorado;Costilla;San Pedro;W105.403;N37.1597;12;
3;USA;Colorado;Costilla;Viejo San Acacio;W105.508;N37.2028;12;
3;USA;Colorado;Crowley;Crowley;W103.856;N38.1931;12;
3;USA;Colorado;Crowley;King Center;W103.907;N38.1769;12;
3;USA;Colorado;Crowley;Olney Springs;W103.945;N38.1661;12;
3;USA;Colorado;Crowley;Ordway;W103.756;N38.2181;12;
3;USA;Colorado;Crowley;Pultney;W104.048;N38.1622;12;
3;USA;Colorado;Crowley;Sugar City;W103.663;N38.2319;12;
3;USA;Colorado;Custer;Cold Spring;W105.243;N38.1494;12;
3;USA;Colorado;Custer;Fairview;W105.099;N38.0678;12;
3;USA;Colorado;Custer;Greenwood;W105.097;N38.205;12;
3;USA;Colorado;Custer;McKenzie Junction;W105.191;N38.1642;12;
3;USA;Colorado;Custer;Querida;W105.334;N38.1261;12;
3;USA;Colorado;Custer;Rosita;W105.336;N38.0972;12;
3;USA;Colorado;Custer;San Isabel;W105.054;N37.9875;12;
3;USA;Colorado;Custer;Silver Cliff;W105.446;N38.1353;12;
3;USA;Colorado;Custer;Tanglewood Acres;W105.562;N38.0939;12;
3;USA;Colorado;Custer;Westcliffe;W105.466;N38.1347;12;
3;USA;Colorado;Custer;Wetmore;W105.085;N38.2381;12;
3;USA;Colorado;Delta;Austin;W107.951;N38.7811;12;
3;USA;Colorado;Delta;Bowie;W107.54;N38.9214;12;
3;USA;Colorado;Delta;Brimstone Corner;W107.975;N38.9381;12;
3;USA;Colorado;Delta;Broughton;W108.327;N38.8133;12;
3;USA;Colorado;Delta;Cedaredge;W107.926;N38.9017;12;
3;USA;Colorado;Delta;Chipeta;W108.009;N38.6811;12;
3;USA;Colorado;Delta;Coburn;W107.636;N38.8467;12;
3;USA;Colorado;Delta;Colby;W107.975;N38.9317;12;
3;USA;Colorado;Delta;Cory;W107.987;N38.7881;12;
3;USA;Colorado;Delta;Crawford;W107.609;N38.7039;12;
3;USA;Colorado;Delta;Delta;W108.069;N38.7422;12;
3;USA;Colorado;Delta;Dominguez;W108.322;N38.7972;12;
3;USA;Colorado;Delta;Eckert;W107.963;N38.8428;12;
3;USA;Colorado;Delta;Escalante;W108.262;N38.7578;12;
3;USA;Colorado;Delta;Grand Mesa;W107.95;N39.0403;12;
3;USA;Colorado;Delta;Hotchkiss;W107.719;N38.7997;12;
3;USA;Colorado;Delta;Huff;W108.256;N38.7569;12;
3;USA;Colorado;Delta;Juanita Junction;W107.528;N38.9247;12;
3;USA;Colorado;Delta;Keyhole;W108.309;N38.6931;12;
3;USA;Colorado;Delta;Lazear;W107.782;N38.78;12;
3;USA;Colorado;Delta;North Delta;W108.069;N38.7586;12;
3;USA;Colorado;Delta;Orchard City;W107.971;N38.8283;12;
3;USA;Colorado;Delta;Paonia;W107.592;N38.8683;12;
3;USA;Colorado;Delta;Payne;W107.902;N38.8017;12;
3;USA;Colorado;Delta;Peeples;W108.342;N38.8219;12;
3;USA;Colorado;Delta;Read;W107.976;N38.7661;12;
3;USA;Colorado;Delta;Rogers Mesa;W107.793;N38.7792;12;
3;USA;Colorado;Delta;Saunders;W108.01;N38.7603;12;
3;USA;Colorado;Delta;Saxton;W107.971;N38.7683;12;
3;USA;Colorado;Denver;Alamo Placita;W104.976;N39.7208;12;
3;USA;Colorado;Denver;College View;W105.022;N39.6631;12;
3;USA;Colorado;Denver;Denver;W104.985;N39.7392;12;
3;USA;Colorado;Denver;Lakeside;W105.059;N39.7783;12;
3;USA;Colorado;Denver;Montbello;W104.834;N39.7936;12;
3;USA;Colorado;Denver;Sandown;W104.901;N39.7725;12;
3;USA;Colorado;Dolores;Cahone;W108.808;N37.6589;12;
3;USA;Colorado;Dolores;Dove Creek;W108.906;N37.7661;12;
3;USA;Colorado;Dolores;Dunton;W108.094;N37.7728;12;
3;USA;Colorado;Dolores;Northdale;W109.017;N37.8094;12;
3;USA;Colorado;Dolores;Rico;W108.03;N37.6928;12;
3;USA;Colorado;Douglas;Acequia;W105.028;N39.5236;12;
3;USA;Colorado;Douglas;Acres Green;W104.896;N39.5567;12;
3;USA;Colorado;Douglas;Beverly Hills;W104.88;N39.475;12;
3;USA;Colorado;Douglas;Blakeland;W105.037;N39.5597;12;
3;USA;Colorado;Douglas;Carriage Club;W104.901;N39.5325;12;
3;USA;Colorado;Douglas;Castle Pines;W104.896;N39.4581;12;
3;USA;Colorado;Douglas;Castle Rock;W104.856;N39.3722;12;
3;USA;Colorado;Douglas;Challenger Regional Park;W104.786;N39.5339;12;
3;USA;Colorado;Douglas;Cherry Creek Highlands;W104.786;N39.5011;12;
3;USA;Colorado;Douglas;Clarke Farms;W104.788;N39.5272;12;
3;USA;Colorado;Douglas;Cottonwood;W104.802;N39.5625;12;
3;USA;Colorado;Douglas;Deckers;W105.227;N39.2547;12;
3;USA;Colorado;Douglas;Franktown;W104.753;N39.3914;12;
3;USA;Colorado;Douglas;Gateway;W104.906;N39.5492;12;
3;USA;Colorado;Douglas;Grand View Estates;W104.821;N39.5436;12;
3;USA;Colorado;Douglas;Greenland;W104.855;N39.1825;12;
3;USA;Colorado;Douglas;Happy Canyon;W104.871;N39.435;12;
3;USA;Colorado;Douglas;Heritage Hills;W104.879;N39.5433;12;
3;USA;Colorado;Douglas;Highlands Ranch;W104.969;N39.5539;12;
3;USA;Colorado;Douglas;Hilltop;W104.681;N39.4517;12;
3;USA;Colorado;Douglas;Kellytown;W104.994;N39.4814;12;
3;USA;Colorado;Douglas;Larkspur;W104.887;N39.2286;12;
3;USA;Colorado;Douglas;Lone Tree;W104.896;N39.5361;12;
3;USA;Colorado;Douglas;Louviers;W105.007;N39.4778;12;
3;USA;Colorado;Douglas;Meridian;W104.859;N39.5517;12;
3;USA;Colorado;Douglas;Monte Vista Estates;W104.921;N39.3653;12;
3;USA;Colorado;Douglas;Moonridge;W105.118;N39.3653;12;
3;USA;Colorado;Douglas;Nighthawk;W105.169;N39.3547;12;
3;USA;Colorado;Douglas;Orsa;W104.914;N39.4222;12;
3;USA;Colorado;Douglas;Parker;W104.761;N39.5186;12;
3;USA;Colorado;Douglas;Perry Park;W104.993;N39.2567;12;
3;USA;Colorado;Douglas;Pine Nook;W105.071;N39.3842;12;
3;USA;Colorado;Douglas;Ponderosa East;W104.671;N39.5461;12;
3;USA;Colorado;Douglas;Ponderosa Hills;W104.732;N39.5447;12;
3;USA;Colorado;Douglas;Roxborough Park;W105.085;N39.4739;12;
3;USA;Colorado;Douglas;Sedalia;W104.96;N39.4369;12;
3;USA;Colorado;Douglas;Shamballah-Ashrama;W105.033;N39.3431;12;
3;USA;Colorado;Douglas;Silver Heights;W104.866;N39.4181;12;
3;USA;Colorado;Douglas;Spruce;W104.878;N39.1567;12;
3;USA;Colorado;Douglas;Sprucewood;W105.121;N39.3489;12;
3;USA;Colorado;Douglas;Stonegate;W104.804;N39.5308;12;
3;USA;Colorado;Douglas;Stonegate;W104.805;N39.5306;12;
3;USA;Colorado;Douglas;The Pinery;W104.734;N39.4553;12;
3;USA;Colorado;Douglas;Tomah;W104.89;N39.3019;12;
3;USA;Colorado;Douglas;Twin Cedars;W105.167;N39.3597;12;
3;USA;Colorado;Douglas;Westcreek;W105.164;N39.1525;12;
3;USA;Colorado;Eagle;Avon;W106.522;N39.6314;12;
3;USA;Colorado;Eagle;Basalt;W107.033;N39.3689;12;
3;USA;Colorado;Eagle;Belden;W106.386;N39.5256;12;
3;USA;Colorado;Eagle;Bighorn;W106.297;N39.6367;12;
3;USA;Colorado;Eagle;Bond;W106.687;N39.8744;12;
3;USA;Colorado;Eagle;Burns;W106.886;N39.8739;12;
3;USA;Colorado;Eagle;Carterville;W106.646;N39.6308;12;
3;USA;Colorado;Eagle;Copper Spur;W106.688;N39.9106;12;
3;USA;Colorado;Eagle;Dell;W106.856;N39.8856;12;
3;USA;Colorado;Eagle;Derby Junction;W106.906;N39.8689;12;
3;USA;Colorado;Eagle;Dotsero;W107.06;N39.6497;12;
3;USA;Colorado;Eagle;Dowds Junction;W106.448;N39.6083;12;
3;USA;Colorado;Eagle;Eagle;W106.829;N39.6553;12;
3;USA;Colorado;Eagle;Eagles Nest;W106.386;N39.6183;12;
3;USA;Colorado;Eagle;Edwards;W106.594;N39.645;12;
3;USA;Colorado;Eagle;El Jebel;W107.09;N39.395;12;
3;USA;Colorado;Eagle;Fulford;W106.656;N39.515;12;
3;USA;Colorado;Eagle;Gilman;W106.394;N39.5328;12;
3;USA;Colorado;Eagle;Gypsum;W106.952;N39.6469;12;
3;USA;Colorado;Eagle;Hooks;W107.089;N39.3742;12;
3;USA;Colorado;Eagle;Leon;W107.099;N39.3847;12;
3;USA;Colorado;Eagle;McCoy;W106.726;N39.915;12;
3;USA;Colorado;Eagle;McCoy;W106.726;N39.9161;12;
3;USA;Colorado;Eagle;Mid Vail;W106.368;N39.615;12;
3;USA;Colorado;Eagle;Minturn;W106.431;N39.5864;12;
3;USA;Colorado;Eagle;Mitchell;W106.319;N39.3917;12;
3;USA;Colorado;Eagle;Pando;W106.334;N39.4572;12;
3;USA;Colorado;Eagle;Red Cliff;W106.368;N39.5122;12;
3;USA;Colorado;Eagle;Sheephorn;W106.467;N39.8922;12;
3;USA;Colorado;Eagle;State Bridge;W106.65;N39.8578;12;
3;USA;Colorado;Eagle;Vail;W106.374;N39.6403;12;
3;USA;Colorado;Eagle;West Vail;W106.415;N39.6303;12;
3;USA;Colorado;Eagle;Wolcott;W106.679;N39.7028;12;
3;USA;Colorado;El Paso;Alta Vista;W104.112;N39.0269;12;
3;USA;Colorado;El Paso;Black Forest;W104.701;N39.0131;12;
3;USA;Colorado;El Paso;Broadmoor;W104.841;N38.7956;12;
3;USA;Colorado;El Paso;Buttes;W104.667;N38.5872;12;
3;USA;Colorado;El Paso;Calhan;W104.297;N39.0356;12;
3;USA;Colorado;El Paso;Cascade;W104.972;N38.8967;12;
3;USA;Colorado;El Paso;Chipita Park;W105.007;N38.9244;12;
3;USA;Colorado;El Paso;Cimarron Hills;W104.699;N38.8586;12;
3;USA;Colorado;El Paso;Colorado Springs;W104.821;N38.8339;12;
3;USA;Colorado;El Paso;Duffield;W104.912;N38.7422;12;
3;USA;Colorado;El Paso;Eastonville;W104.562;N39.0611;12;
3;USA;Colorado;El Paso;Ellicott;W104.387;N38.8383;12;
3;USA;Colorado;El Paso;Elsmere;W104.711;N38.8647;12;
3;USA;Colorado;El Paso;Falcon;W104.609;N38.9331;12;
3;USA;Colorado;El Paso;Fort Carson;W104.789;N38.7375;12;
3;USA;Colorado;El Paso;Fountain;W104.701;N38.6822;12;
3;USA;Colorado;El Paso;Glen Eyrie;W104.884;N38.8917;12;
3;USA;Colorado;El Paso;Glen Park;W104.92;N39.1144;12;
3;USA;Colorado;El Paso;Gleneagle;W104.824;N39.0453;12;
3;USA;Colorado;El Paso;Green Settlement;W104.892;N38.7756;12;
3;USA;Colorado;El Paso;Henkel;W104.626;N38.52;12;
3;USA;Colorado;El Paso;Ivywild;W104.835;N38.8106;12;
3;USA;Colorado;El Paso;Kelker;W104.781;N38.7958;12;
3;USA;Colorado;El Paso;Knob Hill;W104.783;N38.84;12;
3;USA;Colorado;El Paso;La Foret;W104.714;N39.0094;12;
3;USA;Colorado;El Paso;Manitou Springs;W104.917;N38.8597;12;
3;USA;Colorado;El Paso;Midway;W104.974;N38.8425;12;
3;USA;Colorado;El Paso;Minnehaha;W104.959;N38.8494;12;
3;USA;Colorado;El Paso;Monument;W104.873;N39.0917;12;
3;USA;Colorado;El Paso;Palmer Lake;W104.917;N39.1222;12;
3;USA;Colorado;El Paso;Papeton;W104.802;N38.8764;12;
3;USA;Colorado;El Paso;Peyton;W104.483;N39.0289;12;
3;USA;Colorado;El Paso;Pikeview;W104.822;N38.9153;12;
3;USA;Colorado;El Paso;Pine Crest;W104.908;N39.1125;12;
3;USA;Colorado;El Paso;Ramah;W104.166;N39.1217;12;
3;USA;Colorado;El Paso;Rock Creek Pprk;W104.839;N38.7025;12;
3;USA;Colorado;El Paso;Roswell;W104.819;N38.8736;12;
3;USA;Colorado;El Paso;Rush;W104.092;N38.84;12;
3;USA;Colorado;El Paso;Security;W104.743;N38.7583;12;
3;USA;Colorado;El Paso;Shirley;W104.653;N38.9011;12;
3;USA;Colorado;El Paso;Skinners;W104.761;N38.7689;12;
3;USA;Colorado;El Paso;Stratmoor Hills;W104.794;N38.7831;12;
3;USA;Colorado;El Paso;Stratmoor;W104.78;N38.7739;12;
3;USA;Colorado;El Paso;Stratton Meadows;W104.812;N38.8033;12;
3;USA;Colorado;El Paso;Trail Junction Picnic Grounds;W104.914;N38.9028;12;
3;USA;Colorado;El Paso;Truckton;W104.182;N38.7381;12;
3;USA;Colorado;El Paso;Widefield;W104.72;N38.7333;12;
3;USA;Colorado;El Paso;Wigwam;W104.636;N38.5394;12;
3;USA;Colorado;El Paso;Woodmoor;W104.847;N39.1014;12;
3;USA;Colorado;El Paso;Yoder;W104.222;N38.8394;12;
3;USA;Colorado;Elbert;Agate;W103.942;N39.4617;12;
3;USA;Colorado;Elbert;Beck Sand Draw Crossing;W104.053;N39.0269;12;
3;USA;Colorado;Elbert;Bijou;W104.198;N39.4225;12;
3;USA;Colorado;Elbert;Cedar Point;W103.871;N39.3453;12;
3;USA;Colorado;Elbert;Elbert;W104.537;N39.2194;12;
3;USA;Colorado;Elbert;Elizabeth;W104.597;N39.3603;12;
3;USA;Colorado;Elbert;Fondis;W104.347;N39.2158;12;
3;USA;Colorado;Elbert;Kiowa;W104.464;N39.3472;12;
3;USA;Colorado;Elbert;Kutch;W103.869;N38.9106;12;
3;USA;Colorado;Elbert;Matheson;W103.976;N39.1717;12;
3;USA;Colorado;Elbert;Ponderosa Park;W104.651;N39.4083;12;
3;USA;Colorado;Elbert;Simla;W104.084;N39.1417;12;
3;USA;Colorado;Fremont;Adelaide;W105.091;N38.56;12;
3;USA;Colorado;Fremont;Brookside;W105.192;N38.4153;12;
3;USA;Colorado;Fremont;Buckskin Joe;W105.327;N38.4764;12;
3;USA;Colorado;Fremont;Cañon City;W105.217;N38.4;12;
3;USA;Colorado;Fremont;Coal Creek;W105.148;N38.3611;12;
3;USA;Colorado;Fremont;Coaldale;W105.758;N38.3656;12;
3;USA;Colorado;Fremont;Concrete;W104.998;N38.3833;12;
3;USA;Colorado;Fremont;Cotopaxi;W105.688;N38.3703;12;
3;USA;Colorado;Fremont;East Canon;W105.213;N38.4528;12;
3;USA;Colorado;Fremont;Echo;W105.539;N38.4428;12;
3;USA;Colorado;Fremont;Fink;W105.381;N38.4889;12;
3;USA;Colorado;Fremont;Florence;W105.119;N38.3903;12;
3;USA;Colorado;Fremont;Galena;W105.278;N38.2619;12;
3;USA;Colorado;Fremont;Hillside;W105.612;N38.2653;12;
3;USA;Colorado;Fremont;Howard;W105.835;N38.4486;12;
3;USA;Colorado;Fremont;Lincoln Park;W105.22;N38.4292;12;
3;USA;Colorado;Fremont;Orchard Park;W105.228;N38.4722;12;
3;USA;Colorado;Fremont;Park Center;W105.206;N38.4778;12;
3;USA;Colorado;Fremont;Penrose;W105.023;N38.425;12;
3;USA;Colorado;Fremont;Pleasanton;W105.748;N38.365;12;
3;USA;Colorado;Fremont;Portland;W105.025;N38.3911;12;
3;USA;Colorado;Fremont;Prospect Heights;W105.237;N38.4264;12;
3;USA;Colorado;Fremont;Rockvale;W105.164;N38.1194;12;
3;USA;Colorado;Fremont;Sample;W105.356;N38.4722;12;
3;USA;Colorado;Fremont;Sikes;W105.075;N38.2583;12;
3;USA;Colorado;Fremont;Sunset City;W105.417;N38.4125;12;
3;USA;Colorado;Fremont;Texas Creek;W105.581;N38.4131;12;
3;USA;Colorado;Fremont;Vallie;W105.772;N38.3942;12;
3;USA;Colorado;Fremont;Wellsville;W105.91;N38.4867;12;
3;USA;Colorado;Fremont;Whitehorn;W105.878;N38.6439;12;
3;USA;Colorado;Fremont;Williamsburg;W105.152;N38.3819;12;
3;USA;Colorado;Fremont;Yorkville;W105.29;N38.2922;12;
3;USA;Colorado;Garfield;Antlers;W107.728;N39.5433;12;
3;USA;Colorado;Garfield;Anvil Points;W107.923;N39.5161;12;
3;USA;Colorado;Garfield;Atchee;W108.913;N39.5631;12;
3;USA;Colorado;Garfield;Battlement Mesa;W108.025;N39.4414;12;
3;USA;Colorado;Garfield;Carbonate;W107.347;N39.7431;12;
3;USA;Colorado;Garfield;Carbondale;W107.211;N39.4022;12;
3;USA;Colorado;Garfield;Carbonera;W108.959;N39.4589;12;
3;USA;Colorado;Garfield;Cardiff;W107.311;N39.5061;12;
3;USA;Colorado;Garfield;Catherine;W107.153;N39.4072;12;
3;USA;Colorado;Garfield;Cattle Creek;W107.263;N39.4583;12;
3;USA;Colorado;Garfield;Chacra;W107.447;N39.5753;12;
3;USA;Colorado;Garfield;Funston;W107.349;N39.5606;12;
3;USA;Colorado;Garfield;Glenwood Springs;W107.325;N39.5506;12;
3;USA;Colorado;Garfield;Kiggin;W107.239;N39.4264;12;
3;USA;Colorado;Garfield;Mulford;W107.152;N39.4;12;
3;USA;Colorado;Garfield;New Castle;W107.536;N39.5728;12;
3;USA;Colorado;Garfield;Parachute;W108.053;N39.4519;12;
3;USA;Colorado;Garfield;Rifle;W107.783;N39.5347;12;
3;USA;Colorado;Garfield;Rulison;W107.941;N39.4972;12;
3;USA;Colorado;Garfield;Satank;W107.228;N39.4139;12;
3;USA;Colorado;Garfield;Silt;W107.656;N39.5486;12;
3;USA;Colorado;Garfield;Una;W108.109;N39.3997;12;
3;USA;Colorado;Gilpin;American City;W105.587;N39.8725;12;
3;USA;Colorado;Gilpin;Black Hawk;W105.494;N39.7969;12;
3;USA;Colorado;Gilpin;Central City;W105.514;N39.8019;12;
3;USA;Colorado;Gilpin;Cottonwood;W105.425;N39.7633;12;
3;USA;Colorado;Gilpin;East Portal;W105.644;N39.9033;12;
3;USA;Colorado;Gilpin;Gilpin;W105.508;N39.8908;12;
3;USA;Colorado;Gilpin;Lincoln Hills;W105.458;N39.9225;12;
3;USA;Colorado;Gilpin;Nevadaville;W105.532;N39.7953;12;
3;USA;Colorado;Gilpin;Nugget;W105.588;N39.8636;12;
3;USA;Colorado;Gilpin;Pactolus;W105.464;N39.9178;12;
3;USA;Colorado;Gilpin;Pinecliffe;W105.428;N39.9319;12;
3;USA;Colorado;Gilpin;Rollinsville;W105.501;N39.9172;12;
3;USA;Colorado;Gilpin;Russell Gulch;W105.537;N39.7786;12;
3;USA;Colorado;Gilpin;Smith Hill;W105.459;N39.7783;12;
3;USA;Colorado;Gilpin;Tolland;W105.589;N39.905;12;
3;USA;Colorado;Grand;Elkdale;W105.881;N40.0403;12;
3;USA;Colorado;Grand;Fraser;W105.817;N39.945;12;
3;USA;Colorado;Grand;Gaskil;W105.862;N40.3306;12;
3;USA;Colorado;Grand;Granby;W105.939;N40.0861;12;
3;USA;Colorado;Grand;Grand Lake;W105.823;N40.2522;12;
3;USA;Colorado;Grand;Hideaway Park;W105.786;N39.9181;12;
3;USA;Colorado;Grand;Hot Sulphur Springs;W106.103;N40.0731;12;
3;USA;Colorado;Grand;Kremmling;W106.389;N40.0589;12;
3;USA;Colorado;Grand;Leal;W106.044;N39.8103;12;
3;USA;Colorado;Grand;Maryvale;W105.787;N39.9331;12;
3;USA;Colorado;Grand;Parshall;W106.175;N40.0569;12;
3;USA;Colorado;Grand;Tabernash;W105.843;N39.9936;12;
3;USA;Colorado;Grand;Troublesome;W106.292;N40.0608;12;
3;USA;Colorado;Grand;Winter Park;W105.763;N39.8917;12;
3;USA;Colorado;Gunnison;Abbeyville;W106.492;N38.7775;12;
3;USA;Colorado;Gunnison;Almont;W106.846;N38.6647;12;
3;USA;Colorado;Gunnison;Baldwin;W107.048;N38.7639;12;
3;USA;Colorado;Gunnison;Campbelltown;W106.565;N38.6122;12;
3;USA;Colorado;Gunnison;Chance;W106.85;N38.4372;12;
3;USA;Colorado;Gunnison;Crested Butte;W106.988;N38.8697;12;
3;USA;Colorado;Gunnison;Crystal;W107.101;N39.0592;12;
3;USA;Colorado;Gunnison;Doyleville;W106.609;N38.4517;12;
3;USA;Colorado;Gunnison;Elkton;W107.033;N38.9636;12;
3;USA;Colorado;Gunnison;Floresta;W107.123;N38.8419;12;
3;USA;Colorado;Gunnison;Gateview;W107.219;N38.2936;12;
3;USA;Colorado;Gunnison;Gothic;W106.99;N38.9592;12;
3;USA;Colorado;Gunnison;Gunnison;W106.925;N38.5458;12;
3;USA;Colorado;Gunnison;Harry Parker Place;W107.469;N39.0522;12;
3;USA;Colorado;Gunnison;Irwin;W107.097;N38.8736;12;
3;USA;Colorado;Gunnison;Marble;W107.189;N39.0722;12;
3;USA;Colorado;Gunnison;Mount Crested Butte;W106.96;N38.9053;12;
3;USA;Colorado;Gunnison;Ohio;W106.612;N38.5667;12;
3;USA;Colorado;Gunnison;Parlin;W106.728;N38.5028;12;
3;USA;Colorado;Gunnison;Patterson Place;W107.418;N39.1139;12;
3;USA;Colorado;Gunnison;Pieplant Mill;W106.559;N38.9381;12;
3;USA;Colorado;Gunnison;Pitkin;W106.517;N38.6092;12;
3;USA;Colorado;Gunnison;Pittsburg;W107.062;N38.9522;12;
3;USA;Colorado;Gunnison;Powderhorn;W107.096;N38.2769;12;
3;USA;Colorado;Gunnison;Ruby;W107.096;N38.8661;12;
3;USA;Colorado;Gunnison;Sapinero;W107.302;N38.4594;12;
3;USA;Colorado;Gunnison;Sillsville;W106.761;N38.4467;12;
3;USA;Colorado;Gunnison;Smith Place;W107.06;N38.2017;12;
3;USA;Colorado;Gunnison;Somerset;W107.47;N38.9264;12;
3;USA;Colorado;Gunnison;Tincup;W106.478;N38.7544;12;
3;USA;Colorado;Gunnison;Waunita Hot Springs;W106.508;N38.5142;12;
3;USA;Colorado;Gunnison;Whitepine;W106.394;N38.5417;12;
3;USA;Colorado;Hinsdale;Cathedral;W107.034;N38.0958;12;
3;USA;Colorado;Hinsdale;Henson;W107.377;N38.0208;12;
3;USA;Colorado;Hinsdale;Lake City;W107.315;N38.03;12;
3;USA;Colorado;Huerfano;Alamo;W104.959;N37.6556;12;
3;USA;Colorado;Huerfano;Apache City;W104.831;N37.8583;12;
3;USA;Colorado;Huerfano;Badito;W105.014;N37.7272;12;
3;USA;Colorado;Huerfano;Bradford;W105.333;N37.8814;12;
3;USA;Colorado;Huerfano;Chama;W105.299;N37.7189;12;
3;USA;Colorado;Huerfano;Codo;W105.147;N37.5022;12;
3;USA;Colorado;Huerfano;Cuchara Junction;W104.686;N37.6669;12;
3;USA;Colorado;Huerfano;Cuchara;W105.1;N37.3792;12;
3;USA;Colorado;Huerfano;Delcarbon;W104.877;N37.7125;12;
3;USA;Colorado;Huerfano;Farisita;W105.071;N37.7447;12;
3;USA;Colorado;Huerfano;Gardner;W105.166;N37.7833;12;
3;USA;Colorado;Huerfano;La Veta;W105.008;N37.505;12;
3;USA;Colorado;Huerfano;Lascar;W104.749;N37.825;12;
3;USA;Colorado;Huerfano;Maitland;W104.834;N37.6567;12;
3;USA;Colorado;Huerfano;Malachite;W105.261;N37.7544;12;
3;USA;Colorado;Huerfano;Monson;W104.704;N37.5161;12;
3;USA;Colorado;Huerfano;Muleshoe;W105.183;N37.5897;12;
3;USA;Colorado;Huerfano;Occidental;W105.107;N37.515;12;
3;USA;Colorado;Huerfano;Pictou;W104.814;N37.6386;12;
3;USA;Colorado;Huerfano;Pryor;W104.714;N37.5081;12;
3;USA;Colorado;Huerfano;Red Wing;W105.29;N37.7361;12;
3;USA;Colorado;Huerfano;Rouse;W104.712;N37.4908;12;
3;USA;Colorado;Huerfano;Strong;W104.902;N37.7125;12;
3;USA;Colorado;Huerfano;Tioga;W104.927;N37.6989;12;
3;USA;Colorado;Huerfano;Walsenburg;W104.78;N37.6242;12;
3;USA;Colorado;Jackson;Bockman Lumber Camp;W105.966;N40.5583;12;
3;USA;Colorado;Jackson;Brownlee;W106.287;N40.7847;12;
3;USA;Colorado;Jackson;Coalmont;W106.444;N40.5625;12;
3;USA;Colorado;Jackson;Cowdrey;W106.313;N40.8597;12;
3;USA;Colorado;Jackson;Fort Boettcher;W106.544;N40.8044;12;
3;USA;Colorado;Jackson;Gould;W106.027;N40.5264;12;
3;USA;Colorado;Jackson;Hebron;W106.407;N40.5961;12;
3;USA;Colorado;Jackson;Kings Canyon;W106.227;N40.9269;12;
3;USA;Colorado;Jackson;Larand;W106.293;N40.6225;12;
3;USA;Colorado;Jackson;Northgate;W106.294;N40.8858;12;
3;USA;Colorado;Jackson;Old Homestead;W106.144;N40.4403;12;
3;USA;Colorado;Jackson;Pearl;W106.547;N40.9853;12;
3;USA;Colorado;Jackson;Rand;W106.181;N40.4539;12;
3;USA;Colorado;Jackson;Stelbars Lindland;W106.065;N40.5744;12;
3;USA;Colorado;Jackson;Walden;W106.284;N40.7317;12;
3;USA;Colorado;Jackson;Willey Lumber Camp;W105.899;N40.5028;12;
3;USA;Colorado;Jefferson;Applewood;W105.163;N39.7472;12;
3;USA;Colorado;Jefferson;Archer;W105.077;N39.5333;12;
3;USA;Colorado;Jefferson;Arvada;W105.088;N39.8028;12;
3;USA;Colorado;Jefferson;Aspen Park;W105.295;N39.5392;12;
3;USA;Colorado;Jefferson;Bergen Park;W105.362;N39.6914;12;
3;USA;Colorado;Jefferson;Broken Arrow Acres;W105.327;N39.5028;12;
3;USA;Colorado;Jefferson;Brook Forest;W105.382;N39.5794;12;
3;USA;Colorado;Jefferson;Buffalo Creek;W105.27;N39.3867;12;
3;USA;Colorado;Jefferson;Cliffdale;W105.376;N39.4086;12;
3;USA;Colorado;Jefferson;Cody Park;W105.27;N39.7158;12;
3;USA;Colorado;Jefferson;Columbine;W105.069;N39.5878;12;
3;USA;Colorado;Jefferson;Conifer;W105.305;N39.5211;12;
3;USA;Colorado;Jefferson;Crossons;W105.386;N39.3992;12;
3;USA;Colorado;Jefferson;Deermont;W105.184;N39.5075;12;
3;USA;Colorado;Jefferson;Dome Rock;W105.198;N39.4217;12;
3;USA;Colorado;Jefferson;Edgemont;W105.131;N39.7311;12;
3;USA;Colorado;Jefferson;Edgewater;W105.064;N39.7531;12;
3;USA;Colorado;Jefferson;El Rancho;W105.334;N39.6986;12;
3;USA;Colorado;Jefferson;Elephant Park;W105.363;N39.6289;12;
3;USA;Colorado;Jefferson;Evergreen;W105.317;N39.6333;12;
3;USA;Colorado;Jefferson;Fenders;W105.217;N39.5739;12;
3;USA;Colorado;Jefferson;Ferndale;W105.256;N39.4061;12;
3;USA;Colorado;Jefferson;Foxton;W105.236;N39.4244;12;
3;USA;Colorado;Jefferson;Genesee;W105.273;N39.6858;12;
3;USA;Colorado;Jefferson;Glenelk;W105.355;N39.4633;12;
3;USA;Colorado;Jefferson;Golden;W105.221;N39.7556;12;
3;USA;Colorado;Jefferson;Green Mountain Village;W105.132;N39.6981;12;
3;USA;Colorado;Jefferson;Green Valley Acres;W105.312;N39.5022;12;
3;USA;Colorado;Jefferson;Herzman Mesa;W105.31;N39.6106;12;
3;USA;Colorado;Jefferson;Hidden Valley;W105.339;N39.6947;12;
3;USA;Colorado;Jefferson;Hiwan Hills;W105.33;N39.6403;12;
3;USA;Colorado;Jefferson;Homewood Park;W105.198;N39.5428;12;
3;USA;Colorado;Jefferson;Idledale;W105.244;N39.6661;12;
3;USA;Colorado;Jefferson;Indian Hills;W105.237;N39.6167;12;
3;USA;Colorado;Jefferson;Indian Springs Village;W105.321;N39.4319;12;
3;USA;Colorado;Jefferson;Indians Hills;W105.26;N39.6328;12;
3;USA;Colorado;Jefferson;Kassler;W105.095;N39.4906;12;
3;USA;Colorado;Jefferson;Ken Caryl;W105.112;N39.5758;12;
3;USA;Colorado;Jefferson;Kittredge;W105.3;N39.6547;12;
3;USA;Colorado;Jefferson;Lakeside;W105.056;N39.7772;12;
3;USA;Colorado;Jefferson;Lakewood;W105.081;N39.7047;12;
3;USA;Colorado;Jefferson;Leyden Junction;W105.148;N39.8461;12;
3;USA;Colorado;Jefferson;Leyden;W105.184;N39.8447;12;
3;USA;Colorado;Jefferson;Lone Pine Estates;W105.245;N39.595;12;
3;USA;Colorado;Jefferson;Longview;W105.194;N39.4175;12;
3;USA;Colorado;Jefferson;Marshdale;W105.312;N39.5925;12;
3;USA;Colorado;Jefferson;Morrison;W105.191;N39.6536;12;
3;USA;Colorado;Jefferson;Mount Olivet;W105.142;N39.7875;12;
3;USA;Colorado;Jefferson;Mount Vernon Club Place;W105.294;N39.7228;12;
3;USA;Colorado;Jefferson;Mountain View;W105.056;N39.7744;12;
3;USA;Colorado;Jefferson;Oehlmann Park;W105.259;N39.5189;12;
3;USA;Colorado;Jefferson;Oxyoke;W105.198;N39.3031;12;
3;USA;Colorado;Jefferson;Paradise Hills;W105.252;N39.7125;12;
3;USA;Colorado;Jefferson;Phillipsburg;W105.187;N39.5383;12;
3;USA;Colorado;Jefferson;Pine Grove;W105.324;N39.41;12;
3;USA;Colorado;Jefferson;Pine Junction;W105.396;N39.4661;12;
3;USA;Colorado;Jefferson;Plainview;W105.276;N39.8936;12;
3;USA;Colorado;Jefferson;Plastic;W105.229;N39.8608;12;
3;USA;Colorado;Jefferson;Pleasant View;W105.172;N39.7342;12;
3;USA;Colorado;Jefferson;Riverview;W105.268;N39.3975;12;
3;USA;Colorado;Jefferson;Rocky;W105.248;N39.8608;12;
3;USA;Colorado;Jefferson;Rosedale;W105.383;N39.64;12;
3;USA;Colorado;Jefferson;Semper;W105.065;N39.8561;12;
3;USA;Colorado;Jefferson;Shaffers Crossing;W105.368;N39.4786;12;
3;USA;Colorado;Jefferson;Sky Village;W105.247;N39.5506;12;
3;USA;Colorado;Jefferson;Snow Water Springs;W105.217;N39.2647;12;
3;USA;Colorado;Jefferson;South Platte;W105.171;N39.4075;12;
3;USA;Colorado;Jefferson;Sphinx Park;W105.315;N39.4244;12;
3;USA;Colorado;Jefferson;Spivak;W105.068;N39.7447;12;
3;USA;Colorado;Jefferson;Sprucedale;W105.352;N39.5889;12;
3;USA;Colorado;Jefferson;Stanley Park;W105.293;N39.6183;12;
3;USA;Colorado;Jefferson;Troutdale;W105.348;N39.6369;12;
3;USA;Colorado;Jefferson;Trumbull;W105.219;N39.2631;12;
3;USA;Colorado;Jefferson;Twin Forks;W105.22;N39.5928;12;
3;USA;Colorado;Jefferson;Twin Spruce;W105.359;N39.8892;12;
3;USA;Colorado;Jefferson;Wah Keeney Park;W105.341;N39.6603;12;
3;USA;Colorado;Jefferson;Wallace Village;W105.093;N39.8833;12;
3;USA;Colorado;Jefferson;Wandcrest Park;W105.394;N39.4356;12;
3;USA;Colorado;Jefferson;Waterton;W105.089;N39.4936;12;
3;USA;Colorado;Jefferson;Wheat Ridge;W105.077;N39.7661;12;
3;USA;Colorado;Kiowa;Arlington;W103.343;N38.3361;12;
3;USA;Colorado;Kiowa;Brandon;W102.44;N38.4464;12;
3;USA;Colorado;Kiowa;Chivington;W102.544;N38.4364;12;
3;USA;Colorado;Kiowa;Eads;W102.782;N38.4806;12;
3;USA;Colorado;Kiowa;Galatea;W103.025;N38.5044;12;
3;USA;Colorado;Kiowa;Haswell;W103.163;N38.4522;12;
3;USA;Colorado;Kiowa;Hawkins;W102.933;N38.4939;12;
3;USA;Colorado;Kiowa;Sheridan Lake;W102.292;N38.4667;12;
3;USA;Colorado;Kiowa;Stuart;W102.195;N38.4714;12;
3;USA;Colorado;Kiowa;Towner;W102.08;N38.4708;12;
3;USA;Colorado;Kit Carson;Bethune;W102.425;N39.3042;12;
3;USA;Colorado;Kit Carson;Burlington;W102.269;N39.3061;12;
3;USA;Colorado;Kit Carson;Flagler;W103.067;N39.2931;12;
3;USA;Colorado;Kit Carson;Peconic;W102.149;N39.3208;12;
3;USA;Colorado;Kit Carson;Seibert;W102.869;N39.2992;12;
3;USA;Colorado;Kit Carson;Stratton;W102.605;N39.3033;12;
3;USA;Colorado;Kit Carson;Vona;W102.743;N39.3036;12;
3;USA;Colorado;Kit Carson;West Burlington;W102.31;N39.3033;12;
3;USA;Colorado;La Plata;Allison;W107.488;N37.0244;12;
3;USA;Colorado;La Plata;Bayfield;W107.598;N37.2256;12;
3;USA;Colorado;La Plata;Bondad;W107.876;N37.0458;12;
3;USA;Colorado;La Plata;Breen;W108.078;N37.1925;12;
3;USA;Colorado;La Plata;Carbon Junction;W107.867;N37.2375;12;
3;USA;Colorado;La Plata;Cascade;W107.763;N37.6033;12;
3;USA;Colorado;La Plata;Columbus;W107.63;N37.3278;12;
3;USA;Colorado;La Plata;Durango;W107.88;N37.2753;12;
3;USA;Colorado;La Plata;Falfa;W107.791;N37.2131;12;
3;USA;Colorado;La Plata;Florida;W107.752;N37.215;12;
3;USA;Colorado;La Plata;Gem Village;W107.637;N37.2192;12;
3;USA;Colorado;La Plata;Grandview;W107.827;N37.2275;12;
3;USA;Colorado;La Plata;Hermosa;W107.835;N37.4153;12;
3;USA;Colorado;La Plata;Hesperus;W108.039;N37.2861;12;
3;USA;Colorado;La Plata;Ignacio;W107.633;N37.115;12;
3;USA;Colorado;La Plata;Kline;W108.119;N37.1442;12;
3;USA;Colorado;La Plata;La Boca;W107.602;N37.0111;12;
3;USA;Colorado;La Plata;La Plata;W108.063;N37.3972;12;
3;USA;Colorado;La Plata;La Posta;W107.895;N37.1253;12;
3;USA;Colorado;La Plata;Loma Linda;W107.796;N37.2242;12;
3;USA;Colorado;La Plata;Marvel;W108.127;N37.1125;12;
3;USA;Colorado;La Plata;Mayday;W108.077;N37.3506;12;
3;USA;Colorado;La Plata;Oxford;W107.714;N37.1689;12;
3;USA;Colorado;La Plata;Piñon Acres;W107.817;N37.2278;12;
3;USA;Colorado;La Plata;Redmesa;W108.17;N37.0944;12;
3;USA;Colorado;La Plata;Rockwood;W107.802;N37.4908;12;
3;USA;Colorado;La Plata;Tacoma;W107.782;N37.5236;12;
3;USA;Colorado;La Plata;Tiffany;W107.538;N37.0328;12;
3;USA;Colorado;La Plata;Trimble;W107.846;N37.3903;12;
3;USA;Colorado;La Plata;Tuckerville;W107.485;N37.4925;12;
3;USA;Colorado;La Plata;Vallecito;W107.584;N37.3753;12;
3;USA;Colorado;Lake;Adelaide;W106.258;N39.2472;12;
3;USA;Colorado;Lake;Balltown;W106.281;N39.0778;12;
3;USA;Colorado;Lake;Birdseye;W106.228;N39.3111;12;
3;USA;Colorado;Lake;Brumley;W106.543;N39.0894;12;
3;USA;Colorado;Lake;Champion Mill;W106.504;N39.1375;12;
3;USA;Colorado;Lake;Climax;W106.184;N39.3689;12;
3;USA;Colorado;Lake;Everett;W106.502;N39.0678;12;
3;USA;Colorado;Lake;Kobe;W106.315;N39.1294;12;
3;USA;Colorado;Lake;Leadville Junction;W106.34;N39.2586;12;
3;USA;Colorado;Lake;Leadville;W106.293;N39.2508;12;
3;USA;Colorado;Lake;Malta;W106.351;N39.2294;12;
3;USA;Colorado;Lake;Mount Massive Lakes;W106.301;N39.1522;12;
3;USA;Colorado;Lake;Oro;W106.252;N39.2353;12;
3;USA;Colorado;Lake;Resurrection Mill;W106.277;N39.2353;12;
3;USA;Colorado;Lake;Stringtown;W106.319;N39.2336;12;
3;USA;Colorado;Lake;Twin Lakes;W106.382;N39.0828;12;
3;USA;Colorado;Larimer;Andersonville;W105.057;N40.5939;12;
3;USA;Colorado;Larimer;Arrowhead;W105.024;N40.5792;12;
3;USA;Colorado;Larimer;Beaver Point;W105.544;N40.3644;12;
3;USA;Colorado;Larimer;Bellvue;W105.172;N40.6264;12;
3;USA;Colorado;Larimer;Berthoud;W105.081;N40.3083;12;
3;USA;Colorado;Larimer;Berts Corner;W105.103;N40.3078;12;
3;USA;Colorado;Larimer;Black Hollow Junction;W105.029;N40.5961;12;
3;USA;Colorado;Larimer;Box Prairie;W105.469;N40.5814;12;
3;USA;Colorado;Larimer;Browns Corner;W105.059;N40.4075;12;
3;USA;Colorado;Larimer;Buckeye;W105.095;N40.8272;12;
3;USA;Colorado;Larimer;Buckingham;W105.066;N40.5906;12;
3;USA;Colorado;Larimer;Bulger;W104.983;N40.7936;12;
3;USA;Colorado;Larimer;Campion;W105.078;N40.3494;12;
3;USA;Colorado;Larimer;Cedar Cove;W105.266;N40.4158;12;
3;USA;Colorado;Larimer;Drake;W105.34;N40.4319;12;
3;USA;Colorado;Larimer;Drakes;W105.08;N40.5542;12;
3;USA;Colorado;Larimer;Eggers;W105.487;N40.6908;12;
3;USA;Colorado;Larimer;Estes Park;W105.522;N40.3772;12;
3;USA;Colorado;Larimer;Fall River Estates Subdivision;W105.581;N40.3903;12;
3;USA;Colorado;Larimer;Fort Collins;W105.084;N40.5853;12;
3;USA;Colorado;Larimer;Giddings;W105.011;N40.6214;12;
3;USA;Colorado;Larimer;Glen Comfort;W105.44;N40.3936;12;
3;USA;Colorado;Larimer;Glen Echo;W105.585;N40.6986;12;
3;USA;Colorado;Larimer;Glen Haven;W105.449;N40.4539;12;
3;USA;Colorado;Larimer;Glendevey;W105.935;N40.8103;12;
3;USA;Colorado;Larimer;Goodell Corner;W105.581;N40.7353;12;
3;USA;Colorado;Larimer;Harmony;W105.044;N40.5233;12;
3;USA;Colorado;Larimer;Horsetooth Heights;W105.154;N40.5044;12;
3;USA;Colorado;Larimer;Idylwilde;W105.655;N40.7008;12;
3;USA;Colorado;Larimer;Indian Meadows;W105.552;N40.7006;12;
3;USA;Colorado;Larimer;Kelim;W104.951;N40.4067;12;
3;USA;Colorado;Larimer;Kenyon Corner;W105.073;N40.6394;12;
3;USA;Colorado;Larimer;Kerns;W104.944;N40.5075;12;
3;USA;Colorado;Larimer;Kings Corner;W105.073;N40.3783;12;
3;USA;Colorado;Larimer;Kinikinik;W105.738;N40.7125;12;
3;USA;Colorado;Larimer;Laporte;W105.138;N40.6264;12;
3;USA;Colorado;Larimer;Little Dam;W105.223;N40.4222;12;
3;USA;Colorado;Larimer;Livermore;W105.217;N40.7944;12;
3;USA;Colorado;Larimer;Loveland Heights;W105.464;N40.3897;12;
3;USA;Colorado;Larimer;Loveland;W105.075;N40.3978;12;
3;USA;Colorado;Larimer;Masonville;W105.211;N40.4875;12;
3;USA;Colorado;Larimer;McClellands;W105.081;N40.5281;12;
3;USA;Colorado;Larimer;Meyers Corner;W105.019;N40.6681;12;
3;USA;Colorado;Larimer;Midway;W105.323;N40.4303;12;
3;USA;Colorado;Larimer;Mishawaka;W105.366;N40.6872;12;
3;USA;Colorado;Larimer;Mountain View;W105.129;N40.5925;12;
3;USA;Colorado;Larimer;Norfolk;W104.97;N40.9108;12;
3;USA;Colorado;Larimer;Old Roach;W106.117;N40.9244;12;
3;USA;Colorado;Larimer;Olympus Heights;W105.484;N40.3778;12;
3;USA;Colorado;Larimer;Omega;W105.081;N40.5397;12;
3;USA;Colorado;Larimer;Owl Canyon;W105.176;N40.7625;12;
3;USA;Colorado;Larimer;Pinewood Springs;W105.357;N40.2733;12;
3;USA;Colorado;Larimer;Poudre Park;W105.305;N40.6861;12;
3;USA;Colorado;Larimer;Red Feather Lakes;W105.592;N40.8025;12;
3;USA;Colorado;Larimer;Redmond;W105.041;N40.4789;12;
3;USA;Colorado;Larimer;Reds Place;W105.872;N40.7306;12;
3;USA;Colorado;Larimer;Rex;W105.178;N40.7889;12;
3;USA;Colorado;Larimer;Rustic;W105.7;N40.5803;12;
3;USA;Colorado;Larimer;Sinnard;W105.003;N40.5883;12;
3;USA;Colorado;Larimer;Spencer Heights;W105.784;N40.6742;12;
3;USA;Colorado;Larimer;Stanley Heights Subdivision;W105.504;N40.3811;12;
3;USA;Colorado;Larimer;Stove Prairie Landing;W105.389;N40.6825;12;
3;USA;Colorado;Larimer;Timnath;W104.985;N40.5292;12;
3;USA;Colorado;Larimer;Trilby Corner;W105.078;N40.4947;12;
3;USA;Colorado;Larimer;Waltonia;W105.363;N40.4139;12;
3;USA;Colorado;Larimer;Waverly;W105.077;N40.7364;12;
3;USA;Colorado;Larimer;Wellington;W105.009;N40.7039;12;
3;USA;Colorado;Las Animas;Abeyta;W104.186;N37.0797;12;
3;USA;Colorado;Las Animas;Aguilar;W104.653;N37.4028;12;
3;USA;Colorado;Las Animas;Andrix;W103.193;N37.2794;12;
3;USA;Colorado;Las Animas;Barela;W104.262;N37.1156;12;
3;USA;Colorado;Las Animas;Beshoar;W104.407;N37.2181;12;
3;USA;Colorado;Las Animas;Boncarbo;W104.695;N37.2167;12;
3;USA;Colorado;Las Animas;Branson;W103.884;N37.0175;12;
3;USA;Colorado;Las Animas;Cokedale;W104.621;N37.1453;12;
3;USA;Colorado;Las Animas;Cordova Plaza;W104.83;N37.1333;12;
3;USA;Colorado;Las Animas;Delhi;W104.018;N37.6422;12;
3;USA;Colorado;Las Animas;Earl;W104.278;N37.3333;12;
3;USA;Colorado;Las Animas;El Moro;W104.467;N37.2244;12;
3;USA;Colorado;Las Animas;Engleville;W104.475;N37.1494;12;
3;USA;Colorado;Las Animas;Gulnare;W104.752;N37.3172;12;
3;USA;Colorado;Las Animas;Hoehne;W104.381;N37.2811;12;
3;USA;Colorado;Las Animas;Houghton;W104.043;N37.5894;12;
3;USA;Colorado;Las Animas;Jansen;W104.539;N37.1494;12;
3;USA;Colorado;Las Animas;Kim;W103.352;N37.2467;12;
3;USA;Colorado;Las Animas;Ludlow;W104.583;N37.3333;12;
3;USA;Colorado;Las Animas;Lynn;W104.641;N37.4272;12;
3;USA;Colorado;Las Animas;Madrid;W106.642;N37.1269;12;
3;USA;Colorado;Las Animas;Medina Plaza;W104.792;N37.1278;12;
3;USA;Colorado;Las Animas;Model;W104.245;N37.3722;12;
3;USA;Colorado;Las Animas;Monument Park;W105.046;N37.2069;12;
3;USA;Colorado;Las Animas;Parras Plaza;W104.956;N37.1772;12;
3;USA;Colorado;Las Animas;Patterson Crossing;W104.208;N37.2175;12;
3;USA;Colorado;Las Animas;Reilly Canyon;W104.71;N37.2544;12;
3;USA;Colorado;Las Animas;Rugby;W104.665;N37.47;12;
3;USA;Colorado;Las Animas;San Miguel;W104.396;N37.0994;12;
3;USA;Colorado;Las Animas;Sarcillo;W104.759;N37.1256;12;
3;USA;Colorado;Las Animas;Segundo;W104.756;N37.1253;12;
3;USA;Colorado;Las Animas;Sequndo;W104.722;N37.1208;12;
3;USA;Colorado;Las Animas;Simpson;W104.167;N37.4978;12;
3;USA;Colorado;Las Animas;Starkville;W104.524;N37.1153;12;
3;USA;Colorado;Las Animas;Stonewall Gap;W105.039;N37.1514;12;
3;USA;Colorado;Las Animas;Stonewall;W105.017;N37.1522;12;
3;USA;Colorado;Las Animas;Tercio;W104.997;N37.0519;12;
3;USA;Colorado;Las Animas;Tijeras;W104.663;N37.1258;12;
3;USA;Colorado;Las Animas;Tobe;W103.612;N37.2192;12;
3;USA;Colorado;Las Animas;Torres;W105.056;N37.0694;12;
3;USA;Colorado;Las Animas;Trinchera;W104.047;N37.0422;12;
3;USA;Colorado;Las Animas;Trinidad;W104.501;N37.1694;12;
3;USA;Colorado;Las Animas;Tyrone;W104.208;N37.4542;12;
3;USA;Colorado;Las Animas;Valdez;W104.702;N37.1222;12;
3;USA;Colorado;Las Animas;Vallorso;W104.645;N37.2828;12;
3;USA;Colorado;Las Animas;Velasquez Plaza;W104.782;N37.1236;12;
3;USA;Colorado;Las Animas;Vigil;W104.942;N37.1611;12;
3;USA;Colorado;Las Animas;Villegreen;W103.52;N37.3058;12;
3;USA;Colorado;Las Animas;Walts Corner;W103.88;N37.1689;12;
3;USA;Colorado;Las Animas;Weston;W104.849;N37.1328;12;
3;USA;Colorado;Las Animas;Zamara;W104.921;N37.1539;12;
3;USA;Colorado;Lincoln;Arriba;W103.276;N39.2861;12;
3;USA;Colorado;Lincoln;Bovina;W103.385;N39.2803;12;
3;USA;Colorado;Lincoln;Boyero;W103.279;N38.9428;12;
3;USA;Colorado;Lincoln;Clifford;W103.351;N39.0439;12;
3;USA;Colorado;Lincoln;Genoa;W103.5;N39.2783;12;
3;USA;Colorado;Lincoln;Hugo;W103.47;N39.1361;12;
3;USA;Colorado;Lincoln;Karval;W103.537;N38.7333;12;
3;USA;Colorado;Lincoln;Limon;W103.692;N39.2639;12;
3;USA;Colorado;Lincoln;Punkin Center;W103.701;N38.8519;12;
3;USA;Colorado;Lincoln;Shaw;W103.361;N39.5506;12;
3;USA;Colorado;Logan;Atwood;W103.27;N40.5478;12;
3;USA;Colorado;Logan;Beta;W103.379;N40.4661;12;
3;USA;Colorado;Logan;Buchanan;W103.169;N40.8319;12;
3;USA;Colorado;Logan;Crook;W102.801;N40.8589;12;
3;USA;Colorado;Logan;Dailey;W102.724;N40.6567;12;
3;USA;Colorado;Logan;Fleming;W102.839;N40.68;12;
3;USA;Colorado;Logan;Galien;W103.008;N40.6878;12;
3;USA;Colorado;Logan;Griff;W103.007;N40.7822;12;
3;USA;Colorado;Logan;Iliff;W103.067;N40.7592;12;
3;USA;Colorado;Logan;Jessica;W103.172;N40.7606;12;
3;USA;Colorado;Logan;Leroy;W102.914;N40.5261;12;
3;USA;Colorado;Logan;Logan;W103.358;N40.5786;12;
3;USA;Colorado;Logan;Marcott;W102.724;N40.8786;12;
3;USA;Colorado;Logan;Merino;W103.351;N40.4825;12;
3;USA;Colorado;Logan;New Haven;W102.836;N40.4831;12;
3;USA;Colorado;Logan;Padroni;W103.173;N40.7778;12;
3;USA;Colorado;Logan;Peetz;W103.112;N40.9628;12;
3;USA;Colorado;Logan;Proctor;W102.952;N40.8069;12;
3;USA;Colorado;Logan;Red Lion;W102.677;N40.8917;12;
3;USA;Colorado;Logan;Rockland;W102.72;N40.5106;12;
3;USA;Colorado;Logan;Saint Petersburg;W102.817;N40.5556;12;
3;USA;Colorado;Logan;Selma;W103.031;N40.7714;12;
3;USA;Colorado;Logan;Sterling;W103.208;N40.6256;12;
3;USA;Colorado;Logan;Tobin;W102.873;N40.8342;12;
3;USA;Colorado;Logan;Twin Mills;W103.126;N40.5736;12;
3;USA;Colorado;Logan;Westplains;W103.498;N40.8647;12;
3;USA;Colorado;Logan;Willard;W103.486;N40.5544;12;
3;USA;Colorado;Mesa;Akin;W108.263;N39.2547;12;
3;USA;Colorado;Mesa;Appleton;W108.608;N39.1208;12;
3;USA;Colorado;Mesa;Bridgeport;W108.381;N38.8367;12;
3;USA;Colorado;Mesa;Bridges Switch;W108.404;N39.0986;12;
3;USA;Colorado;Mesa;Cameo;W108.321;N39.1486;12;
3;USA;Colorado;Mesa;Clifton;W108.449;N39.0919;12;
3;USA;Colorado;Mesa;Collbran;W107.961;N39.2406;12;
3;USA;Colorado;Mesa;De Beque;W108.215;N39.3344;12;
3;USA;Colorado;Mesa;Durham;W108.599;N39.0878;12;
3;USA;Colorado;Mesa;Fruita;W108.729;N39.1589;12;
3;USA;Colorado;Mesa;Fruitvale;W108.497;N39.0817;12;
3;USA;Colorado;Mesa;Gilsonite;W108.779;N39.1769;12;
3;USA;Colorado;Mesa;Grand Junction;W108.551;N39.0639;12;
3;USA;Colorado;Mesa;Heiberger;W107.802;N39.2689;12;
3;USA;Colorado;Mesa;Highland Park;W108.481;N39.0919;12;
3;USA;Colorado;Mesa;John Held Corner;W108.136;N39.1367;12;
3;USA;Colorado;Mesa;Johnsons Corner;W108.497;N39.0919;12;
3;USA;Colorado;Mesa;Kannah;W108.447;N38.9392;12;
3;USA;Colorado;Mesa;Loma;W108.813;N39.1958;12;
3;USA;Colorado;Mesa;Mack;W108.865;N39.2239;12;
3;USA;Colorado;Mesa;Mesa Lakes Resort;W108.091;N39.0492;12;
3;USA;Colorado;Mesa;Mesa Lakes;W108.092;N39.05;12;
3;USA;Colorado;Mesa;Mesa;W108.139;N39.1664;12;
3;USA;Colorado;Mesa;Molina;W108.06;N39.1892;12;
3;USA;Colorado;Mesa;Mount Lincoln;W108.383;N39.1061;12;
3;USA;Colorado;Mesa;Orchard Mesa;W108.552;N39.0431;12;
3;USA;Colorado;Mesa;Palisade;W108.351;N39.1103;12;
3;USA;Colorado;Mesa;Pear Park;W108.472;N39.0703;12;
3;USA;Colorado;Mesa;Plateau City;W107.982;N39.2372;12;
3;USA;Colorado;Mesa;Redlands;W108.636;N39.0789;12;
3;USA;Colorado;Mesa;Rhone;W108.678;N39.1267;12;
3;USA;Colorado;Mesa;Rosevale;W108.58;N39.06;12;
3;USA;Colorado;Mesa;Utaline;W109.042;N39.1269;12;
3;USA;Colorado;Mesa;Whitewater;W108.453;N38.9911;12;
3;USA;Colorado;Mineral;Creede;W106.926;N37.8492;12;
3;USA;Colorado;Mineral;Lucky Seven Summer Homes;W106.74;N37.5839;12;
3;USA;Colorado;Mineral;North Creede;W106.926;N37.8642;12;
3;USA;Colorado;Mineral;Spar City;W106.968;N37.7072;12;
3;USA;Colorado;Mineral;Sunnyside;W106.96;N37.8461;12;
3;USA;Colorado;Mineral;Weaver;W106.926;N37.8833;12;
3;USA;Colorado;Moffat;Axial;W107.792;N40.2853;12;
3;USA;Colorado;Moffat;Blue Mountain;W108.862;N40.2483;12;
3;USA;Colorado;Moffat;Craig Place;W108.954;N40.7203;12;
3;USA;Colorado;Moffat;Craig South Highlands;W107.563;N40.485;12;
3;USA;Colorado;Moffat;Craig;W107.546;N40.5153;12;
3;USA;Colorado;Moffat;Dinosaur;W109.014;N40.2436;12;
3;USA;Colorado;Moffat;Elk Springs;W108.448;N40.3556;12;
3;USA;Colorado;Moffat;Greystone;W108.674;N40.6094;12;
3;USA;Colorado;Moffat;Hamilton;W107.613;N40.3672;12;
3;USA;Colorado;Moffat;Hiawatha;W108.62;N40.9883;12;
3;USA;Colorado;Moffat;Iles Grove;W107.687;N40.3353;12;
3;USA;Colorado;Moffat;Jack Springs;W108.703;N40.3511;12;
3;USA;Colorado;Moffat;Juniper Hot Springs;W107.954;N40.4672;12;
3;USA;Colorado;Moffat;Lay;W107.882;N40.5267;12;
3;USA;Colorado;Moffat;Loyd;W107.705;N40.3036;12;
3;USA;Colorado;Moffat;Massadona;W108.64;N40.2528;12;
3;USA;Colorado;Moffat;Maybell;W108.087;N40.5178;12;
3;USA;Colorado;Moffat;Offield Place;W108.663;N40.9858;12;
3;USA;Colorado;Moffat;Powder Wash;W108.311;N40.9458;12;
3;USA;Colorado;Moffat;Robinson Place;W108.986;N40.4058;12;
3;USA;Colorado;Moffat;Slater;W107.498;N40.9478;12;
3;USA;Colorado;Moffat;Sunbeam;W108.196;N40.5508;12;
3;USA;Colorado;Moffat;Wilson Place;W108.894;N40.7619;12;
3;USA;Colorado;Montezuma;Arriola;W108.646;N37.4425;12;
3;USA;Colorado;Montezuma;Cortez;W108.586;N37.3489;12;
3;USA;Colorado;Montezuma;Dolores;W108.504;N37.4739;12;
3;USA;Colorado;Montezuma;Golconda;W108.152;N37.4575;12;
3;USA;Colorado;Montezuma;Lebanon;W108.591;N37.4572;12;
3;USA;Colorado;Montezuma;Lewis;W108.669;N37.4997;12;
3;USA;Colorado;Montezuma;Mancos;W108.289;N37.345;12;
3;USA;Colorado;Montezuma;Mariano;W108.873;N37.1794;12;
3;USA;Colorado;Montezuma;Millwood;W108.334;N37.4217;12;
3;USA;Colorado;Montezuma;Pleasant View;W108.765;N37.5894;12;
3;USA;Colorado;Montezuma;Roundup Junction;W108.162;N37.4828;12;
3;USA;Colorado;Montezuma;Stapleton;W108.405;N37.4989;12;
3;USA;Colorado;Montezuma;Stoner;W108.32;N37.5894;12;
3;USA;Colorado;Montezuma;Towaoc;W108.729;N37.2044;12;
3;USA;Colorado;Montezuma;Weber;W108.289;N37.3125;12;
3;USA;Colorado;Montezuma;Yellow Jacket;W108.717;N37.5344;12;
3;USA;Colorado;Montrose;Bedrock;W108.891;N38.315;12;
3;USA;Colorado;Montrose;Cedar Creek;W107.714;N38.4789;12;
3;USA;Colorado;Montrose;Cimarron;W107.557;N38.4425;12;
3;USA;Colorado;Montrose;Coventry;W108.375;N38.16;12;
3;USA;Colorado;Montrose;East Vancorum;W108.595;N38.2278;12;
3;USA;Colorado;Montrose;Fairview;W107.803;N38.4889;12;
3;USA;Colorado;Montrose;Frost;W107.97;N38.5672;12;
3;USA;Colorado;Montrose;Hoovers Corner;W108.059;N38.6069;12;
3;USA;Colorado;Montrose;Lujane;W107.734;N38.4872;12;
3;USA;Colorado;Montrose;Maher;W107.585;N38.645;12;
3;USA;Colorado;Montrose;Montrose;W107.876;N38.4783;12;
3;USA;Colorado;Montrose;Mountain View;W108.484;N38.3053;12;
3;USA;Colorado;Montrose;Naturita;W108.569;N38.2183;12;
3;USA;Colorado;Montrose;Nucla;W108.548;N38.2694;12;
3;USA;Colorado;Montrose;Oak Grove;W107.928;N38.46;12;
3;USA;Colorado;Montrose;Olathe;W107.982;N38.605;12;
3;USA;Colorado;Montrose;Paradox;W108.962;N38.3683;12;
3;USA;Colorado;Montrose;Pea Green Corner;W108.095;N38.65;12;
3;USA;Colorado;Montrose;Piñon;W108.401;N38.2667;12;
3;USA;Colorado;Montrose;Redvale;W108.417;N38.175;12;
3;USA;Colorado;Montrose;Roe;W107.945;N38.5378;12;
3;USA;Colorado;Montrose;Uncompahgre;W107.819;N38.3781;12;
3;USA;Colorado;Montrose;Uravan;W108.736;N38.3683;12;
3;USA;Colorado;Montrose;Ute;W108.271;N38.2556;12;
3;USA;Colorado;Montrose;Vancorum;W108.596;N38.2317;12;
3;USA;Colorado;Montrose;Vernal;W107.829;N38.3897;12;
3;USA;Colorado;Montrose;West Vancorum;W108.601;N38.2278;12;
3;USA;Colorado;Morgan;Adena;W103.887;N40.0083;12;
3;USA;Colorado;Morgan;Balzac;W103.471;N40.4069;12;
3;USA;Colorado;Morgan;Brush;W103.624;N40.2589;12;
3;USA;Colorado;Morgan;Camden;W103.549;N40.3042;12;
3;USA;Colorado;Morgan;Cooper;W103.529;N40.3606;12;
3;USA;Colorado;Morgan;Dodd;W103.707;N40.2872;12;
3;USA;Colorado;Morgan;Fort Morgan;W103.8;N40.2503;12;
3;USA;Colorado;Morgan;Gary;W103.585;N40.0739;12;
3;USA;Colorado;Morgan;Goodrich;W104.062;N40.3511;12;
3;USA;Colorado;Morgan;Hillrose;W103.522;N40.3258;12;
3;USA;Colorado;Morgan;Hoyt;W104.075;N40.0156;12;
3;USA;Colorado;Morgan;Hurley;W103.762;N40.2742;12;
3;USA;Colorado;Morgan;Lamb;W103.848;N40.245;12;
3;USA;Colorado;Morgan;Lodi;W103.704;N40.2511;12;
3;USA;Colorado;Morgan;Log Lane Village;W103.83;N40.2706;12;
3;USA;Colorado;Morgan;Moseley;W103.754;N40.2489;12;
3;USA;Colorado;Morgan;Nelson;W103.661;N40.2528;12;
3;USA;Colorado;Morgan;Ninemile Corner;W103.584;N40.1464;12;
3;USA;Colorado;Morgan;Ninemile Corner;W103.793;N40.1161;12;
3;USA;Colorado;Morgan;Orchard;W104.118;N40.3311;12;
3;USA;Colorado;Morgan;Snyder;W103.596;N40.3292;12;
3;USA;Colorado;Morgan;Twelvemile Corner;W103.793;N40.0733;12;
3;USA;Colorado;Morgan;Union;W103.501;N40.3767;12;
3;USA;Colorado;Morgan;Weldona;W103.969;N40.3461;12;
3;USA;Colorado;Morgan;Wiggins;W104.073;N40.2306;12;
3;USA;Colorado;Otero;Ayer;W103.846;N37.7581;12;
3;USA;Colorado;Otero;Benton;W103.657;N37.905;12;
3;USA;Colorado;Otero;Bloom;W103.957;N37.6875;12;
3;USA;Colorado;Otero;Casa;W103.472;N38.0092;12;
3;USA;Colorado;Otero;Castiel;W103.463;N38.1072;12;
3;USA;Colorado;Otero;Cheraw;W103.51;N38.1069;12;
3;USA;Colorado;Otero;Elder;W103.967;N38.1233;12;
3;USA;Colorado;Otero;Fayette;W103.769;N38.0728;12;
3;USA;Colorado;Otero;Fowler;W104.023;N38.1292;12;
3;USA;Colorado;Otero;Hadley;W103.403;N38.0383;12;
3;USA;Colorado;Otero;Hawley;W103.711;N37.9828;12;
3;USA;Colorado;Otero;Hays;W103.619;N38.0731;12;
3;USA;Colorado;Otero;Higbee;W103.459;N37.7764;12;
3;USA;Colorado;Otero;La Junta Gardens;W103.554;N37.9994;12;
3;USA;Colorado;Otero;La Junta Village;W103.531;N38.0375;12;
3;USA;Colorado;Otero;La Junta;W103.544;N37.985;12;
3;USA;Colorado;Otero;Manzanola;W103.866;N38.1094;12;
3;USA;Colorado;Otero;Mindeman;W103.917;N37.7069;12;
3;USA;Colorado;Otero;North La Junta;W103.532;N37.9969;12;
3;USA;Colorado;Otero;Ormega;W103.586;N37.9608;12;
3;USA;Colorado;Otero;Orr;W103.535;N38.1075;12;
3;USA;Colorado;Otero;Randall;W103.58;N38.0956;12;
3;USA;Colorado;Otero;Roberta;W103.676;N37.9964;12;
3;USA;Colorado;Otero;Rocky Ford;W103.72;N38.0525;12;
3;USA;Colorado;Otero;Shelton;W103.606;N38.0833;12;
3;USA;Colorado;Otero;Swink;W103.628;N38.0144;12;
3;USA;Colorado;Otero;Timpas;W103.774;N37.8181;12;
3;USA;Colorado;Otero;Vroman;W103.81;N38.0897;12;
3;USA;Colorado;Ouray;Camp Bird;W107.726;N37.9728;12;
3;USA;Colorado;Ouray;Colona;W107.78;N38.325;12;
3;USA;Colorado;Ouray;Dallas;W107.745;N38.1833;12;
3;USA;Colorado;Ouray;Eldredge;W107.767;N38.2878;12;
3;USA;Colorado;Ouray;Guston;W107.69;N37.9164;12;
3;USA;Colorado;Ouray;Ironton;W107.68;N37.9328;12;
3;USA;Colorado;Ouray;Loghill Village;W107.779;N38.1953;12;
3;USA;Colorado;Ouray;Ouray;W107.671;N38.0228;12;
3;USA;Colorado;Ouray;Portland;W107.701;N38.0814;12;
3;USA;Colorado;Ouray;Red Mountain;W107.703;N37.9036;12;
3;USA;Colorado;Ouray;Ridgway;W107.762;N38.1528;12;
3;USA;Colorado;Ouray;Sneffels;W107.75;N37.9753;12;
3;USA;Colorado;Ouray;Thistledown;W107.7;N37.9936;12;
3;USA;Colorado;Park;Alma Junction;W106.045;N39.2675;12;
3;USA;Colorado;Park;Alma;W106.063;N39.2839;12;
3;USA;Colorado;Park;Antero Junction;W105.965;N38.9233;12;
3;USA;Colorado;Park;Bailey;W105.473;N39.4056;12;
3;USA;Colorado;Park;Balfour;W105.724;N38.9072;12;
3;USA;Colorado;Park;Bordenville;W105.684;N39.2761;12;
3;USA;Colorado;Park;Como;W105.893;N39.3161;12;
3;USA;Colorado;Park;Dudley;W106.072;N39.2969;12;
3;USA;Colorado;Park;Estabrook;W105.429;N39.3831;12;
3;USA;Colorado;Park;Fairplay;W106.002;N39.2247;12;
3;USA;Colorado;Park;Garo;W105.89;N39.1078;12;
3;USA;Colorado;Park;Glenisle;W105.51;N39.4089;12;
3;USA;Colorado;Park;Glentivar;W105.604;N39.0478;12;
3;USA;Colorado;Park;Grant;W105.662;N39.4597;12;
3;USA;Colorado;Park;Guffey;W105.521;N38.7511;12;
3;USA;Colorado;Park;Harris Park;W105.491;N39.5117;12;
3;USA;Colorado;Park;Hartsel;W105.796;N39.0217;12;
3;USA;Colorado;Park;Haver;W105.927;N38.965;12;
3;USA;Colorado;Park;Highland Park;W105.529;N39.4989;12;
3;USA;Colorado;Park;Horseshoe;W106.085;N39.2039;12;
3;USA;Colorado;Park;Insmont;W105.453;N39.3919;12;
3;USA;Colorado;Park;Jefferson;W105.801;N39.3772;12;
3;USA;Colorado;Park;Lake George;W105.358;N38.9797;12;
3;USA;Colorado;Park;Leavick;W106.138;N39.195;12;
3;USA;Colorado;Park;Park City;W106.093;N39.2783;12;
3;USA;Colorado;Park;Peabodys;W105.927;N39.3481;12;
3;USA;Colorado;Park;Pike-San Isabel Village;W105.721;N39.0519;12;
3;USA;Colorado;Park;Platte Springs;W105.359;N39.0636;12;
3;USA;Colorado;Park;Sacramento;W106.108;N39.2214;12;
3;USA;Colorado;Park;Santa Maria;W105.633;N39.4497;12;
3;USA;Colorado;Park;Shawnee;W105.554;N39.4211;12;
3;USA;Colorado;Park;Silver Springs;W105.396;N39.4592;12;
3;USA;Colorado;Park;Singleton;W105.602;N39.4431;12;
3;USA;Colorado;Park;Tarryall;W105.476;N39.1219;12;
3;USA;Colorado;Park;Trump;W105.788;N38.8492;12;
3;USA;Colorado;Park;Webster;W105.72;N39.4575;12;
3;USA;Colorado;Park;Weller;W105.621;N39.4475;12;
3;USA;Colorado;Park;Will-O-The-Wisp;W105.41;N39.4614;12;
3;USA;Colorado;Phillips;Amherst;W102.166;N40.6828;12;
3;USA;Colorado;Phillips;Haxtun;W102.627;N40.6411;12;
3;USA;Colorado;Phillips;Holyoke;W102.302;N40.5844;12;
3;USA;Colorado;Phillips;Paoli;W102.473;N40.6122;12;
3;USA;Colorado;Pitkin;Ashcroft;W106.8;N39.0536;12;
3;USA;Colorado;Pitkin;Aspen;W106.817;N39.1911;12;
3;USA;Colorado;Pitkin;Biglow;W106.667;N39.3436;12;
3;USA;Colorado;Pitkin;Emma;W107.062;N39.365;12;
3;USA;Colorado;Pitkin;Independence;W106.606;N39.1072;12;
3;USA;Colorado;Pitkin;Lenado;W106.763;N39.2425;12;
3;USA;Colorado;Pitkin;Meredith;W106.73;N39.3631;12;
3;USA;Colorado;Pitkin;Nast;W106.601;N39.2917;12;
3;USA;Colorado;Pitkin;Norrie;W106.656;N39.3247;12;
3;USA;Colorado;Pitkin;Placita;W107.263;N39.1322;12;
3;USA;Colorado;Pitkin;Redstone;W107.24;N39.1808;12;
3;USA;Colorado;Pitkin;Snowmass Village;W106.938;N39.2131;12;
3;USA;Colorado;Pitkin;Snowmass;W106.986;N39.3317;12;
3;USA;Colorado;Pitkin;Thomasville;W106.703;N39.3603;12;
3;USA;Colorado;Pitkin;Wingo;W107.01;N39.3458;12;
3;USA;Colorado;Pitkin;Woody Creek;W106.886;N39.2703;12;
3;USA;Colorado;Prowers;Beta;W102.691;N38.0861;12;
3;USA;Colorado;Prowers;Bristol;W102.312;N38.1222;12;
3;USA;Colorado;Prowers;Carlton;W102.42;N38.0847;12;
3;USA;Colorado;Prowers;Channing;W102.549;N38.1436;12;
3;USA;Colorado;Prowers;Culp;W102.609;N38.1358;12;
3;USA;Colorado;Prowers;Goodale;W102.435;N38.1181;12;
3;USA;Colorado;Prowers;Granada;W102.311;N38.0639;12;
3;USA;Colorado;Prowers;Grote;W102.416;N38.0872;12;
3;USA;Colorado;Prowers;Hartman;W102.22;N38.1203;12;
3;USA;Colorado;Prowers;Holly;W102.123;N38.0522;12;
3;USA;Colorado;Prowers;Karl;W102.52;N38.1375;12;
3;USA;Colorado;Prowers;Koen;W102.347;N38.0714;12;
3;USA;Colorado;Prowers;Kornman;W102.612;N38.1503;12;
3;USA;Colorado;Prowers;Lamar;W102.621;N38.0872;12;
3;USA;Colorado;Prowers;May Valley;W102.614;N38.2017;12;
3;USA;Colorado;Prowers;Parrish;W102.385;N38.1217;12;
3;USA;Colorado;Prowers;Sugar;W102.669;N38.1503;12;
3;USA;Colorado;Prowers;Warwick;W102.274;N38.1239;12;
3;USA;Colorado;Prowers;West Farm;W102.559;N38.0928;12;
3;USA;Colorado;Prowers;Wiley;W102.72;N38.1542;12;
3;USA;Colorado;Pueblo;Avondale;W104.351;N38.2375;12;
3;USA;Colorado;Pueblo;Baxter;W104.492;N38.2758;12;
3;USA;Colorado;Pueblo;Beulah Valley;W104.966;N38.0722;12;
3;USA;Colorado;Pueblo;Beulah;W104.987;N38.075;12;
3;USA;Colorado;Pueblo;Blende;W104.569;N38.2458;12;
3;USA;Colorado;Pueblo;Boone;W104.257;N38.2486;12;
3;USA;Colorado;Pueblo;Bragdon;W104.612;N38.4019;12;
3;USA;Colorado;Pueblo;Bronquist;W104.892;N38.2019;12;
3;USA;Colorado;Pueblo;Burnt Mill;W104.796;N38.0517;12;
3;USA;Colorado;Pueblo;Cedar Crest;W104.299;N37.8069;12;
3;USA;Colorado;Pueblo;Cedar Grove;W104.939;N38.075;12;
3;USA;Colorado;Pueblo;Cedarwood;W104.618;N37.9417;12;
3;USA;Colorado;Pueblo;Colorado City;W104.835;N37.9453;12;
3;USA;Colorado;Pueblo;Cuerna Verde Park;W104.971;N37.9219;12;
3;USA;Colorado;Pueblo;Devine;W104.457;N38.275;12;
3;USA;Colorado;Pueblo;Eden;W104.616;N38.3164;12;
3;USA;Colorado;Pueblo;Fearnowville;W104.56;N38.2792;12;
3;USA;Colorado;Pueblo;Fort Reynolds;W104.303;N38.2306;12;
3;USA;Colorado;Pueblo;Goodnight;W104.67;N38.2611;12;
3;USA;Colorado;Pueblo;Goodpasture;W104.92;N38.0833;12;
3;USA;Colorado;Pueblo;Greenhorn;W104.853;N37.9069;12;
3;USA;Colorado;Pueblo;Hamlet;W104.094;N38.1547;12;
3;USA;Colorado;Pueblo;Hobson;W104.934;N38.3408;12;
3;USA;Colorado;Pueblo;Lombard Village;W104.545;N38.225;12;
3;USA;Colorado;Pueblo;Nepesta;W104.143;N38.1689;12;
3;USA;Colorado;Pueblo;North Avondale;W104.346;N38.2619;12;
3;USA;Colorado;Pueblo;Nyberg;W104.398;N38.2683;12;
3;USA;Colorado;Pueblo;Piñon;W104.608;N38.4333;12;
3;USA;Colorado;Pueblo;Pueblo West;W104.723;N38.35;12;
3;USA;Colorado;Pueblo;Pueblo;W104.609;N38.2544;12;
3;USA;Colorado;Pueblo;Rock Crossing;W104.124;N37.77;12;
3;USA;Colorado;Pueblo;Rye;W104.93;N37.9236;12;
3;USA;Colorado;Pueblo;Saint Charles;W104.621;N38.1389;12;
3;USA;Colorado;Pueblo;Salt Creek;W104.576;N38.2417;12;
3;USA;Colorado;Pueblo;Siloam;W104.976;N38.2514;12;
3;USA;Colorado;Pueblo;Stem Beach;W104.644;N38.1639;12;
3;USA;Colorado;Pueblo;Stone City;W104.861;N38.4486;12;
3;USA;Colorado;Pueblo;Swallows;W104.86;N38.3022;12;
3;USA;Colorado;Pueblo;Valley View;W104.977;N38.0683;12;
3;USA;Colorado;Pueblo;Vineland;W104.459;N38.2456;12;
3;USA;Colorado;Pueblo;Whiterock;W104.114;N37.8658;12;
3;USA;Colorado;Pueblo;Wild Horse;W104.669;N38.3292;12;
3;USA;Colorado;Rio Blanco;Angora;W108.576;N40.1767;12;
3;USA;Colorado;Rio Blanco;Buford;W107.617;N39.9872;12;
3;USA;Colorado;Rio Blanco;Meeker;W107.913;N40.0375;12;
3;USA;Colorado;Rio Blanco;Rangely;W108.805;N40.0875;12;
3;USA;Colorado;Rio Blanco;Rio Blanco;W107.945;N39.7378;12;
3;USA;Colorado;Rio Blanco;Thornburgh;W107.696;N40.2069;12;
3;USA;Colorado;Rio Blanco;White River City;W108.224;N40.0908;12;
3;USA;Colorado;Rio Grande;Alpine;W106.589;N37.6892;12;
3;USA;Colorado;Rio Grande;Ansel;W106.103;N37.7031;12;
3;USA;Colorado;Rio Grande;Baxterville;W106.658;N37.6742;12;
3;USA;Colorado;Rio Grande;Del Norte;W106.353;N37.6789;12;
3;USA;Colorado;Rio Grande;Dunul;W106.103;N37.6622;12;
3;USA;Colorado;Rio Grande;Evansville;W106.319;N37.6711;12;
3;USA;Colorado;Rio Grande;Gerrard;W106.593;N37.6772;12;
3;USA;Colorado;Rio Grande;Hanna;W106.459;N37.6794;12;
3;USA;Colorado;Rio Grande;Homelake;W106.097;N37.5756;12;
3;USA;Colorado;Rio Grande;Jasper;W106.463;N37.4178;12;
3;USA;Colorado;Rio Grande;Maxeyville;W106.149;N37.6181;12;
3;USA;Colorado;Rio Grande;Monte Vista;W106.148;N37.5792;12;
3;USA;Colorado;Rio Grande;Sevenmile Plaza;W106.237;N37.6481;12;
3;USA;Colorado;Rio Grande;South Fork;W106.64;N37.67;12;
3;USA;Colorado;Rio Grande;Sugar Junction;W106.112;N37.5678;12;
3;USA;Colorado;Rio Grande;Summitville;W106.592;N37.4306;12;
3;USA;Colorado;Rio Grande;Torres;W106.204;N37.6067;12;
3;USA;Colorado;Rio Grande;Vastine;W106.103;N37.6344;12;
3;USA;Colorado;Rio Grande;Zinzer;W106.094;N37.5603;12;
3;USA;Colorado;Routt;Battle Creek;W107.245;N41.0014;12;
3;USA;Colorado;Routt;Clark;W106.919;N40.7061;12;
3;USA;Colorado;Routt;Columbine;W106.966;N40.8542;12;
3;USA;Colorado;Routt;Dunckley;W107.194;N40.3008;12;
3;USA;Colorado;Routt;Elkhead;W107.207;N40.6486;12;
3;USA;Colorado;Routt;Glen Eden;W106.915;N40.7172;12;
3;USA;Colorado;Routt;Haybro;W106.959;N40.3322;12;
3;USA;Colorado;Routt;Hayden;W107.257;N40.4919;12;
3;USA;Colorado;Routt;Keystone;W106.963;N40.3011;12;
3;USA;Colorado;Routt;Mad Creek;W106.888;N40.5661;12;
3;USA;Colorado;Routt;McGregor;W107.035;N40.4794;12;
3;USA;Colorado;Routt;Milner;W107.019;N40.4847;12;
3;USA;Colorado;Routt;Mount Harris;W107.145;N40.4836;12;
3;USA;Colorado;Routt;Mystic;W106.996;N40.57;12;
3;USA;Colorado;Routt;Oak Creek;W106.958;N40.275;12;
3;USA;Colorado;Routt;Pagoda;W107.416;N40.3369;12;
3;USA;Colorado;Routt;Phippsburg;W106.944;N40.2322;12;
3;USA;Colorado;Routt;Slavonia;W106.704;N40.7844;12;
3;USA;Colorado;Routt;Steamboat II;W106.907;N40.5081;12;
3;USA;Colorado;Routt;Steamboat Springs;W106.832;N40.485;12;
3;USA;Colorado;Routt;Toponas;W106.808;N40.0603;12;
3;USA;Colorado;Routt;Trapper;W106.88;N40.1039;12;
3;USA;Colorado;Routt;Yampa;W106.909;N40.1525;12;
3;USA;Colorado;Saguache;Alder;W106.039;N38.3694;12;
3;USA;Colorado;Saguache;Bonanza;W106.142;N38.2947;12;
3;USA;Colorado;Saguache;Bonita;W106.215;N38.2328;12;
3;USA;Colorado;Saguache;Center;W106.109;N37.7531;12;
3;USA;Colorado;Saguache;Chester;W106.302;N38.3736;12;
3;USA;Colorado;Saguache;Cottonwood;W105.644;N37.9344;12;
3;USA;Colorado;Saguache;Crestone;W105.7;N37.9964;12;
3;USA;Colorado;Saguache;Duncan;W105.614;N37.8742;12;
3;USA;Colorado;Saguache;Iris;W106.829;N38.4161;12;
3;USA;Colorado;Saguache;Kerper City;W106.142;N38.2828;12;
3;USA;Colorado;Saguache;La Garita;W106.247;N37.8408;12;
3;USA;Colorado;Saguache;Liberty;W105.596;N37.8603;12;
3;USA;Colorado;Saguache;Mineral Hot Springs;W105.926;N38.1689;12;
3;USA;Colorado;Saguache;Moffat;W105.91;N37.9989;12;
3;USA;Colorado;Saguache;Parkville;W106.101;N38.2272;12;
3;USA;Colorado;Saguache;Saguache;W106.142;N38.0875;12;
3;USA;Colorado;Saguache;Sargents;W106.415;N38.4042;12;
3;USA;Colorado;Saguache;Spook City;W106.197;N38.23;12;
3;USA;Colorado;Saguache;Villa Grove;W105.949;N38.2486;12;
3;USA;Colorado;San Juan;Animas Forks;W107.571;N37.9311;12;
3;USA;Colorado;San Juan;Chattanooga;W107.725;N37.8736;12;
3;USA;Colorado;San Juan;Eureka;W107.565;N37.8797;12;
3;USA;Colorado;San Juan;Gladstone;W107.65;N37.8903;12;
3;USA;Colorado;San Juan;Howardsville;W107.594;N37.8356;12;
3;USA;Colorado;San Juan;Middleton;W107.572;N37.855;12;
3;USA;Colorado;San Juan;Needleton;W107.691;N37.6406;12;
3;USA;Colorado;San Juan;Silverton;W107.664;N37.8119;12;
3;USA;Colorado;San Miguel;Alta;W107.853;N37.8864;12;
3;USA;Colorado;San Miguel;Ames;W107.882;N37.8647;12;
3;USA;Colorado;San Miguel;Basin;W108.537;N38.0658;12;
3;USA;Colorado;San Miguel;Beards Corner;W108.612;N38.0658;12;
3;USA;Colorado;San Miguel;Egnar;W108.94;N37.9164;12;
3;USA;Colorado;San Miguel;Ilium;W107.898;N37.9297;12;
3;USA;Colorado;San Miguel;Keystone;W107.877;N37.9497;12;
3;USA;Colorado;San Miguel;Liberty Bell;W107.796;N37.9353;12;
3;USA;Colorado;San Miguel;Lime;W107.931;N37.955;12;
3;USA;Colorado;San Miguel;Mountain Village;W107.856;N37.9314;12;
3;USA;Colorado;San Miguel;Noel;W107.913;N38.0997;12;
3;USA;Colorado;San Miguel;Norwood;W108.292;N38.1306;12;
3;USA;Colorado;San Miguel;Ophir Loop;W107.868;N37.8597;12;
3;USA;Colorado;San Miguel;Ophir;W107.832;N37.8569;12;
3;USA;Colorado;San Miguel;Pandora;W107.786;N37.9333;12;
3;USA;Colorado;San Miguel;Placerville;W108.053;N38.0167;12;
3;USA;Colorado;San Miguel;San Miguel;W107.836;N37.9469;12;
3;USA;Colorado;San Miguel;Sawpit;W108.002;N37.9953;12;
3;USA;Colorado;San Miguel;Telluride;W107.812;N37.9375;12;
3;USA;Colorado;San Miguel;Vanadium;W107.972;N37.9669;12;
3;USA;Colorado;San Miguel;Vance Junction;W107.899;N37.9356;12;
3;USA;Colorado;Sedgwick;Julesburg;W102.264;N40.9883;12;
3;USA;Colorado;Sedgwick;Ovid;W102.388;N40.9606;12;
3;USA;Colorado;Sedgwick;Sedgwick;W102.526;N40.9364;12;
3;USA;Colorado;Summit;Blue River;W106.044;N39.4297;12;
3;USA;Colorado;Summit;Breckenridge;W106.038;N39.4817;12;
3;USA;Colorado;Summit;Copper Mountain;W106.142;N39.5067;12;
3;USA;Colorado;Summit;Dillon;W106.043;N39.6303;12;
3;USA;Colorado;Summit;Doenz Place;W106.402;N39.905;12;
3;USA;Colorado;Summit;Dyersville;W105.984;N39.4206;12;
3;USA;Colorado;Summit;Frisco;W106.097;N39.5744;12;
3;USA;Colorado;Summit;Gold Hill;W106.048;N39.5453;12;
3;USA;Colorado;Summit;Heeney;W106.301;N39.8725;12;
3;USA;Colorado;Summit;Keystone;W105.987;N39.5994;12;
3;USA;Colorado;Summit;Kokomo;W106.19;N39.4242;12;
3;USA;Colorado;Summit;Lincoln;W105.986;N39.4875;12;
3;USA;Colorado;Summit;Masontown;W106.1;N39.5664;12;
3;USA;Colorado;Summit;Montezuma;W105.867;N39.5811;12;
3;USA;Colorado;Summit;Saints John;W105.882;N39.5717;12;
3;USA;Colorado;Summit;Silverthorne;W106.062;N39.6375;12;
3;USA;Colorado;Summit;Slate Creek;W106.163;N39.7842;12;
3;USA;Colorado;Summit;Tordal Estates;W106.05;N39.3925;12;
3;USA;Colorado;Summit;Wheeler Junction;W106.142;N39.5061;12;
3;USA;Colorado;Teller;Beacon Hill;W105.165;N38.7225;12;
3;USA;Colorado;Teller;Cripple Creek;W105.178;N38.7467;12;
3;USA;Colorado;Teller;Crystola;W105.027;N38.9558;12;
3;USA;Colorado;Teller;Divide;W105.157;N38.9419;12;
3;USA;Colorado;Teller;Elkton;W105.151;N38.7222;12;
3;USA;Colorado;Teller;Fairview;W105.158;N38.7439;12;
3;USA;Colorado;Teller;Florissant;W105.289;N38.9458;12;
3;USA;Colorado;Teller;Glen Cove;W105.073;N38.8758;12;
3;USA;Colorado;Teller;Goldfield;W105.126;N38.7178;12;
3;USA;Colorado;Teller;Green Mountain Falls;W105.017;N38.935;12;
3;USA;Colorado;Teller;Hollywood;W105.133;N38.7094;12;
3;USA;Colorado;Teller;Marigold;W105.221;N38.6611;12;
3;USA;Colorado;Teller;Midland;W105.162;N38.8583;12;
3;USA;Colorado;Teller;Midway;W105.143;N38.74;12;
3;USA;Colorado;Teller;Rosemont;W104.957;N38.7422;12;
3;USA;Colorado;Teller;Stratton;W105.15;N38.7478;12;
3;USA;Colorado;Teller;Victor;W105.14;N38.71;12;
3;USA;Colorado;Teller;Woodland Park;W105.057;N38.9939;12;
3;USA;Colorado;Washington;Akron;W103.214;N40.1606;12;
3;USA;Colorado;Washington;Anton;W103.217;N39.7417;12;
3;USA;Colorado;Washington;Arickaree;W103.066;N39.6992;12;
3;USA;Colorado;Washington;Burdett;W102.951;N40.3656;12;
3;USA;Colorado;Washington;Calhoun;W102.891;N40.1425;12;
3;USA;Colorado;Washington;Cope;W102.851;N39.6639;12;
3;USA;Colorado;Washington;Elba;W103.218;N39.9483;12;
3;USA;Colorado;Washington;Hyde;W102.833;N40.1358;12;
3;USA;Colorado;Washington;Last Chance;W103.592;N39.7408;12;
3;USA;Colorado;Washington;Lindon;W103.414;N39.7394;12;
3;USA;Colorado;Washington;Lone Star;W102.851;N40.3519;12;
3;USA;Colorado;Washington;Messex;W103.437;N40.4294;12;
3;USA;Colorado;Washington;Midway;W103.398;N40.2264;12;
3;USA;Colorado;Washington;Otis;W102.963;N40.1489;12;
3;USA;Colorado;Washington;Pinneo;W103.439;N40.2094;12;
3;USA;Colorado;Washington;Platner;W103.067;N40.1553;12;
3;USA;Colorado;Washington;Rago;W103.416;N40.0019;12;
3;USA;Colorado;Washington;Thurman;W103.218;N39.5961;12;
3;USA;Colorado;Washington;Wiladel;W103.01;N39.7431;12;
3;USA;Colorado;Washington;Woodrow;W103.592;N39.9883;12;
3;USA;Colorado;Washington;Xenia;W103.345;N40.1611;12;
3;USA;Colorado;Weld;Adna;W104.828;N40.3394;12;
3;USA;Colorado;Weld;Alden;W104.582;N40.4575;12;
3;USA;Colorado;Weld;Aristocrat Ranchettes;W104.763;N40.1092;12;
3;USA;Colorado;Weld;Auburn;W104.637;N40.3681;12;
3;USA;Colorado;Weld;Ault;W104.732;N40.5825;12;
3;USA;Colorado;Weld;Avalo;W103.65;N40.8033;12;
3;USA;Colorado;Weld;Barnesville;W104.48;N40.4792;12;
3;USA;Colorado;Weld;Bracewell;W104.817;N40.4594;12;
3;USA;Colorado;Weld;Briggsdale;W104.327;N40.6347;12;
3;USA;Colorado;Weld;Bruce;W104.864;N40.4958;12;
3;USA;Colorado;Weld;Buckingham;W103.978;N40.6214;12;
3;USA;Colorado;Weld;Buda;W104.978;N40.3286;12;
3;USA;Colorado;Weld;Bunyan;W104.915;N40.2903;12;
3;USA;Colorado;Weld;Canton;W104.346;N40.3158;12;
3;USA;Colorado;Weld;Carr;W104.875;N40.8961;12;
3;USA;Colorado;Weld;Clark;W104.926;N40.3278;12;
3;USA;Colorado;Weld;Cloverly;W104.626;N40.4567;12;
3;USA;Colorado;Weld;Comer;W104.854;N40.4678;12;
3;USA;Colorado;Weld;Cornish;W104.413;N40.5231;12;
3;USA;Colorado;Weld;Dacono;W104.939;N40.0847;12;
3;USA;Colorado;Weld;Dearfield;W104.259;N40.2906;12;
3;USA;Colorado;Weld;Dent;W104.834;N40.3097;12;
3;USA;Colorado;Weld;Dick;W104.937;N40.0314;12;
3;USA;Colorado;Weld;Dover;W104.812;N40.7794;12;
3;USA;Colorado;Weld;East La Salle;W104.683;N40.3547;12;
3;USA;Colorado;Weld;Eaton;W104.711;N40.5303;12;
3;USA;Colorado;Weld;Elm;W104.784;N40.3536;12;
3;USA;Colorado;Weld;Elwell;W104.942;N40.3361;12;
3;USA;Colorado;Weld;Evans;W104.692;N40.3764;12;
3;USA;Colorado;Weld;Evanston;W104.939;N40.1069;12;
3;USA;Colorado;Weld;Farmers;W104.779;N40.4519;12;
3;USA;Colorado;Weld;Firestone;W104.937;N40.1125;12;
3;USA;Colorado;Weld;Fort Lupton;W104.813;N40.0847;12;
3;USA;Colorado;Weld;Fosston;W104.36;N40.5686;12;
3;USA;Colorado;Weld;Frederick;W104.937;N40.0992;12;
3;USA;Colorado;Weld;Galeton;W104.586;N40.5208;12;
3;USA;Colorado;Weld;Garden City;W104.689;N40.3939;12;
3;USA;Colorado;Weld;Gates;W104.755;N40.5314;12;
3;USA;Colorado;Weld;Gilcrest;W104.778;N40.2819;12;
3;USA;Colorado;Weld;Gill;W104.542;N40.4542;12;
3;USA;Colorado;Weld;Gowanda;W104.901;N40.2047;12;
3;USA;Colorado;Weld;Greeley Junction;W104.694;N40.4556;12;
3;USA;Colorado;Weld;Greeley;W104.709;N40.4233;12;
3;USA;Colorado;Weld;Grover;W104.225;N40.8714;12;
3;USA;Colorado;Weld;Hambert;W104.738;N40.315;12;
3;USA;Colorado;Weld;Hardin;W104.426;N40.3511;12;
3;USA;Colorado;Weld;Hardman;W104.915;N40.3658;12;
3;USA;Colorado;Weld;Harney;W104.941;N40.1514;12;
3;USA;Colorado;Weld;Hereford;W104.306;N40.975;12;
3;USA;Colorado;Weld;Highland Lake;W105.014;N40.2478;12;
3;USA;Colorado;Weld;Hillsboro;W104.864;N40.3328;12;
3;USA;Colorado;Weld;Houston;W104.807;N40.2547;12;
3;USA;Colorado;Weld;Hudson;W104.643;N40.0736;12;
3;USA;Colorado;Weld;Hurrich;W104.794;N40.5311;12;
3;USA;Colorado;Weld;Idaho Creek;W105.013;N40.1222;12;
3;USA;Colorado;Weld;Jackson Field;W104.686;N40.4069;12;
3;USA;Colorado;Weld;Jessum;W105.025;N40.1389;12;
3;USA;Colorado;Weld;Johnson;W104.443;N40.0875;12;
3;USA;Colorado;Weld;Johnstown;W104.912;N40.3369;12;
3;USA;Colorado;Weld;Kahler;W104.999;N40.3283;12;
3;USA;Colorado;Weld;Keenesburg;W104.52;N40.1083;12;
3;USA;Colorado;Weld;Keota;W104.075;N40.7028;12;
3;USA;Colorado;Weld;Kersey;W104.562;N40.3875;12;
3;USA;Colorado;Weld;Kirkland;W105.016;N40.1878;12;
3;USA;Colorado;Weld;Krauss;W104.443;N40.1069;12;
3;USA;Colorado;Weld;Kuner;W104.491;N40.3761;12;
3;USA;Colorado;Weld;La Salle;W104.702;N40.3489;12;
3;USA;Colorado;Weld;Liberty;W105.009;N40.2061;12;
3;USA;Colorado;Weld;Lochbuie;W104.716;N40.0072;12;
3;USA;Colorado;Weld;Lowe;W104.596;N40.4925;12;
3;USA;Colorado;Weld;Lucerne;W104.7;N40.4819;12;
3;USA;Colorado;Weld;Maloy;W104.97;N40.2444;12;
3;USA;Colorado;Weld;Mason Corner;W104.702;N40.4669;12;
3;USA;Colorado;Weld;Masters;W104.245;N40.3094;12;
3;USA;Colorado;Weld;Matthews;W104.498;N40.4797;12;
3;USA;Colorado;Weld;Mead;W104.999;N40.2333;12;
3;USA;Colorado;Weld;Milliken;W104.855;N40.3294;12;
3;USA;Colorado;Weld;Mumper Corner;W104.697;N40.4519;12;
3;USA;Colorado;Weld;New Raymer;W103.844;N40.6067;12;
3;USA;Colorado;Weld;Nunn;W104.781;N40.7036;12;
3;USA;Colorado;Weld;Peckham;W104.751;N40.3039;12;
3;USA;Colorado;Weld;Pierce;W104.755;N40.6356;12;
3;USA;Colorado;Weld;Platteville;W104.823;N40.215;12;
3;USA;Colorado;Weld;Plumbs;W105.044;N40.0878;12;
3;USA;Colorado;Weld;Powars;W104.808;N40.0408;12;
3;USA;Colorado;Weld;Prospect Valley;W104.415;N40.0736;12;
3;USA;Colorado;Weld;Pulliam;W104.944;N40.3206;12;
3;USA;Colorado;Weld;Purcell;W104.602;N40.6383;12;
3;USA;Colorado;Weld;Puritan;W104.999;N40.085;12;
3;USA;Colorado;Weld;Raymer;W103.843;N40.6081;12;
3;USA;Colorado;Weld;Rinn;W104.999;N40.1389;12;
3;USA;Colorado;Weld;Rockport;W104.797;N40.8986;12;
3;USA;Colorado;Weld;Roggen;W104.372;N40.1675;12;
3;USA;Colorado;Weld;Rosedale;W104.699;N40.3853;12;
3;USA;Colorado;Weld;Roy;W104.566;N40.1097;12;
3;USA;Colorado;Weld;Saint Vrains;W104.955;N40.0369;12;
3;USA;Colorado;Weld;Severance;W104.851;N40.5242;12;
3;USA;Colorado;Weld;Sloan;W104.488;N40.0517;12;
3;USA;Colorado;Weld;South Roggen;W104.339;N40.1022;12;
3;USA;Colorado;Weld;Spanish Village;W104.546;N40.3844;12;
3;USA;Colorado;Weld;Stage;W104.743;N40.6117;12;
3;USA;Colorado;Weld;Stoneham;W103.667;N40.6056;12;
3;USA;Colorado;Weld;Tampa;W104.456;N40.15;12;
3;USA;Colorado;Weld;Tonville;W104.704;N40.0092;12;
3;USA;Colorado;Weld;Vollmar;W104.839;N40.135;12;
3;USA;Colorado;Weld;Walker;W104.952;N40.2644;12;
3;USA;Colorado;Weld;Warren;W104.892;N40.9597;12;
3;USA;Colorado;Weld;Wattenberg;W104.837;N40.0278;12;
3;USA;Colorado;Weld;Welty;W105.018;N40.3278;12;
3;USA;Colorado;Weld;Wildcat;W104.885;N40.2592;12;
3;USA;Colorado;Weld;Windsor;W104.901;N40.4775;12;
3;USA;Colorado;Yuma;Abarr;W102.707;N39.8506;12;
3;USA;Colorado;Yuma;Alvin;W102.076;N40.3078;12;
3;USA;Colorado;Yuma;Armel;W102.108;N39.7972;12;
3;USA;Colorado;Yuma;Beecher Island;W102.184;N39.8722;12;
3;USA;Colorado;Yuma;Clarkville;W102.626;N40.395;12;
3;USA;Colorado;Yuma;Eckley;W102.491;N40.1139;12;
3;USA;Colorado;Yuma;Hale;W102.143;N39.6297;12;
3;USA;Colorado;Yuma;Heartstrong;W102.577;N39.9475;12;
3;USA;Colorado;Yuma;Idalia;W102.294;N39.7039;12;
3;USA;Colorado;Yuma;Joes;W102.679;N39.6564;12;
3;USA;Colorado;Yuma;Kirk;W102.592;N39.6133;12;
3;USA;Colorado;Yuma;Laird;W102.104;N40.0825;12;
3;USA;Colorado;Yuma;Robb;W102.372;N40.1025;12;
3;USA;Colorado;Yuma;Schramm;W102.606;N40.1139;12;
3;USA;Colorado;Yuma;Vernon;W102.316;N39.9464;12;
3;USA;Colorado;Yuma;Wauneta;W102.255;N40.2931;12;
3;USA;Colorado;Yuma;Wray;W102.223;N40.0758;12;
3;USA;Colorado;Yuma;Yuma;W102.725;N40.1222;12;
