2;USA;Connecticut;Fairfield;;W73.3161;N41.2667;9;
2;USA;Connecticut;Hartford;;W72.7661;N41.7667;9;
2;USA;Connecticut;Litchfield;;W73.25;N41.7667;9;
2;USA;Connecticut;Middlesex;;W72.5328;N41.4667;9;
2;USA;Connecticut;New Haven;;W72.9328;N41.4;9;
2;USA;Connecticut;New London;;W72.0661;N41.4833;9;
2;USA;Connecticut;Tolland;;W72.3494;N41.85;9;
2;USA;Connecticut;Windham;;W72;N41.8333;9;
3;USA;Connecticut;Fairfield;Aqua Vista;W73.4439;N41.4461;12;
3;USA;Connecticut;Fairfield;Aspetuck;W73.3208;N41.2181;12;
3;USA;Connecticut;Fairfield;Atchison Cove;W73.4842;N41.5742;12;
3;USA;Connecticut;Fairfield;Ball Pond;W73.5225;N41.4556;12;
3;USA;Connecticut;Fairfield;Beaverbrook;W73.4197;N41.4111;12;
3;USA;Connecticut;Fairfield;Beckettville;W73.4725;N41.3931;12;
3;USA;Connecticut;Fairfield;Belle Haven;W73.6314;N41.0089;12;
3;USA;Connecticut;Fairfield;Belltown;W73.5286;N41.0769;12;
3;USA;Connecticut;Fairfield;Berkshire;W73.2594;N41.4086;12;
3;USA;Connecticut;Fairfield;Bethel;W73.4139;N41.3711;12;
3;USA;Connecticut;Fairfield;Bigelow Corners;W73.5044;N41.4719;12;
3;USA;Connecticut;Fairfield;Black Rock;W73.2253;N41.1586;12;
3;USA;Connecticut;Fairfield;Boston;W73.4072;N41.2781;12;
3;USA;Connecticut;Fairfield;Botsford;W73.2569;N41.3664;12;
3;USA;Connecticut;Fairfield;Branchville;W73.4417;N41.2675;12;
3;USA;Connecticut;Fairfield;Bridgeport;W73.2047;N41.1669;12;
3;USA;Connecticut;Fairfield;Brookfield Center;W73.3875;N41.4661;12;
3;USA;Connecticut;Fairfield;Brookfield;W73.4094;N41.4825;12;
3;USA;Connecticut;Fairfield;Byram;W73.6536;N41.0042;12;
3;USA;Connecticut;Fairfield;Candlewood Knolls;W73.4633;N41.4794;12;
3;USA;Connecticut;Fairfield;Candlewood Orchards;W73.4361;N41.4686;12;
3;USA;Connecticut;Fairfield;Candlewood Pines;W73.4528;N41.4567;12;
3;USA;Connecticut;Fairfield;Candlewood Shores;W73.4419;N41.4819;12;
3;USA;Connecticut;Fairfield;Cannondale;W73.4253;N41.2164;12;
3;USA;Connecticut;Fairfield;Casagmo;W73.4967;N41.2883;12;
3;USA;Connecticut;Fairfield;Cedar Heights;W73.4356;N41.4481;12;
3;USA;Connecticut;Fairfield;Cedarhurst;W73.2211;N41.4267;12;
3;USA;Connecticut;Fairfield;Coley Town;W73.3414;N41.1856;12;
3;USA;Connecticut;Fairfield;Compo;W73.355;N41.1114;12;
3;USA;Connecticut;Fairfield;Cos Cob;W73.5994;N41.0333;12;
3;USA;Connecticut;Fairfield;Cranbury;W73.395;N41.1472;12;
3;USA;Connecticut;Fairfield;Danbury;W73.4539;N41.3947;12;
3;USA;Connecticut;Fairfield;Daniels Mill;W73.4728;N41.1694;12;
3;USA;Connecticut;Fairfield;Darien;W73.4692;N41.0786;12;
3;USA;Connecticut;Fairfield;Dodgingtown;W73.3561;N41.3792;12;
3;USA;Connecticut;Fairfield;Dolphin Cove;W73.5492;N41.0258;12;
3;USA;Connecticut;Fairfield;East Bridgeport;W73.1803;N41.1742;12;
3;USA;Connecticut;Fairfield;East Norwalk;W73.3983;N41.1056;12;
3;USA;Connecticut;Fairfield;East Village;W73.1864;N41.3583;12;
3;USA;Connecticut;Fairfield;Easton;W73.2972;N41.2528;12;
3;USA;Connecticut;Fairfield;Fairchild Heights Trailer Park;W73.1261;N41.2694;12;
3;USA;Connecticut;Fairfield;Fairfield;W73.2636;N41.1411;12;
3;USA;Connecticut;Fairfield;Five Points;W73.3564;N41.3222;12;
3;USA;Connecticut;Fairfield;Fox Hill;W73.4786;N41.2983;12;
3;USA;Connecticut;Fairfield;Georgetown;W73.4347;N41.2556;12;
3;USA;Connecticut;Fairfield;Germantown;W73.4422;N41.4081;12;
3;USA;Connecticut;Fairfield;Gilbert Corners;W73.4394;N41.1756;12;
3;USA;Connecticut;Fairfield;Glenbrook;W73.5261;N41.0647;12;
3;USA;Connecticut;Fairfield;Glenville;W73.6597;N41.0353;12;
3;USA;Connecticut;Fairfield;Godfrey Corner;W73.3842;N41.2356;12;
3;USA;Connecticut;Fairfield;Greenfield Hill;W73.2917;N41.1764;12;
3;USA;Connecticut;Fairfield;Greens Farms;W73.3192;N41.1239;12;
3;USA;Connecticut;Fairfield;Greenwich;W73.6283;N41.0264;12;
3;USA;Connecticut;Fairfield;Grover Hill;W73.2283;N41.1464;12;
3;USA;Connecticut;Fairfield;Hale Court;W73.3508;N41.1214;12;
3;USA;Connecticut;Fairfield;Harborview;W73.4086;N41.0819;12;
3;USA;Connecticut;Fairfield;Hattertown;W73.3089;N41.3411;12;
3;USA;Connecticut;Fairfield;Hawleyville;W73.355;N41.4275;12;
3;USA;Connecticut;Fairfield;Hawthorne Terrace;W73.43;N41.4589;12;
3;USA;Connecticut;Fairfield;Hayestown;W73.4536;N41.42;12;
3;USA;Connecticut;Fairfield;High Ridge;W73.5633;N41.1642;12;
3;USA;Connecticut;Fairfield;High Ridge;W73.5636;N41.1689;12;
3;USA;Connecticut;Fairfield;Hollywyle Park;W73.4592;N41.4639;12;
3;USA;Connecticut;Fairfield;Hopewell;W73.3364;N41.3472;12;
3;USA;Connecticut;Fairfield;Hunting Ridge;W73.5719;N41.1239;12;
3;USA;Connecticut;Fairfield;Huntington;W73.1461;N41.2964;12;
3;USA;Connecticut;Fairfield;Huntingtown;W73.2853;N41.3581;12;
3;USA;Connecticut;Fairfield;Johnsons Corner;W73.1072;N41.2411;12;
3;USA;Connecticut;Fairfield;Knollcrest;W73.4664;N41.4986;12;
3;USA;Connecticut;Fairfield;Lakeside Woods;W73.4911;N41.5658;12;
3;USA;Connecticut;Fairfield;Lattins Landing;W73.4289;N41.4492;12;
3;USA;Connecticut;Fairfield;Little Danbury;W73.2433;N41.1289;12;
3;USA;Connecticut;Fairfield;Lonetown;W73.3814;N41.3217;12;
3;USA;Connecticut;Fairfield;Long Hill;W73.2242;N41.2656;12;
3;USA;Connecticut;Fairfield;Long Ridge;W73.5961;N41.1556;12;
3;USA;Connecticut;Fairfield;Lordship;W73.1119;N41.1539;12;
3;USA;Connecticut;Fairfield;Lyons Plain;W73.3461;N41.225;12;
3;USA;Connecticut;Fairfield;Margerie Manor;W73.4672;N41.4522;12;
3;USA;Connecticut;Fairfield;Melville Village;W73.2344;N41.1911;12;
3;USA;Connecticut;Fairfield;Mianus;W73.5911;N41.0439;12;
3;USA;Connecticut;Fairfield;Mill Hill;W73.16;N41.1772;12;
3;USA;Connecticut;Fairfield;Mill Plain;W73.2703;N41.1486;12;
3;USA;Connecticut;Fairfield;Mill Plain;W73.5156;N41.395;12;
3;USA;Connecticut;Fairfield;Miry Brook;W73.4822;N41.3664;12;
3;USA;Connecticut;Fairfield;Monroe;W73.2072;N41.3325;12;
3;USA;Connecticut;Fairfield;Morgan Fair Corners;W73.3056;N41.4086;12;
3;USA;Connecticut;Fairfield;Murray;W73.2856;N41.1944;12;
3;USA;Connecticut;Fairfield;New Canaan;W73.4947;N41.1467;12;
3;USA;Connecticut;Fairfield;New Fairfield;W73.4856;N41.4664;12;
3;USA;Connecticut;Fairfield;Newfield;W73.1661;N41.1781;12;
3;USA;Connecticut;Fairfield;Newfield;W73.5311;N41.1069;12;
3;USA;Connecticut;Fairfield;Newtown;W73.3033;N41.4139;12;
3;USA;Connecticut;Fairfield;Nichols;W73.1611;N41.2408;12;
3;USA;Connecticut;Fairfield;Noroton Heights;W73.4917;N41.075;12;
3;USA;Connecticut;Fairfield;Noroton;W73.4886;N41.0644;12;
3;USA;Connecticut;Fairfield;North Greenwich;W73.6892;N41.0958;12;
3;USA;Connecticut;Fairfield;North Mianus;W73.5814;N41.0581;12;
3;USA;Connecticut;Fairfield;North Mianus;W73.5919;N41.0667;12;
3;USA;Connecticut;Fairfield;North Stamford;W73.5433;N41.1381;12;
3;USA;Connecticut;Fairfield;North Wilton;W73.4661;N41.2122;12;
3;USA;Connecticut;Fairfield;Northfield;W73.5422;N41.0625;12;
3;USA;Connecticut;Fairfield;Norwalk;W73.4078;N41.1175;12;
3;USA;Connecticut;Fairfield;Obtuse Hill;W73.3614;N41.4664;12;
3;USA;Connecticut;Fairfield;Old Greenwich;W73.5647;N41.0228;12;
3;USA;Connecticut;Fairfield;Oronoque Hills North;W73.1128;N41.2539;12;
3;USA;Connecticut;Fairfield;Oronoque Hills South;W73.1111;N41.2472;12;
3;USA;Connecticut;Fairfield;Oronoque;W73.1014;N41.2478;12;
3;USA;Connecticut;Fairfield;Owenoke;W73.3603;N41.1067;12;
3;USA;Connecticut;Fairfield;Ox Hill;W73.2189;N41.2283;12;
3;USA;Connecticut;Fairfield;Palestine;W73.3197;N41.3656;12;
3;USA;Connecticut;Fairfield;Palmers Hill;W73.5658;N41.0636;12;
3;USA;Connecticut;Fairfield;Pecks Mill;W73.1164;N41.2228;12;
3;USA;Connecticut;Fairfield;Pemberwick;W73.6606;N41.0256;12;
3;USA;Connecticut;Fairfield;Pine Hill;W73.6339;N41.0806;12;
3;USA;Connecticut;Fairfield;Pine Rock Park;W73.0953;N41.2617;12;
3;USA;Connecticut;Fairfield;Pinneys Corners;W73.5225;N41.1864;12;
3;USA;Connecticut;Fairfield;Plattsville;W73.2561;N41.2228;12;
3;USA;Connecticut;Fairfield;Pleasant Acres;W73.4475;N41.4308;12;
3;USA;Connecticut;Fairfield;Ponus;W73.5197;N41.1267;12;
3;USA;Connecticut;Fairfield;Pootatuck Park;W73.2597;N41.4292;12;
3;USA;Connecticut;Fairfield;Putney;W73.1117;N41.235;12;
3;USA;Connecticut;Fairfield;Redding Ridge;W73.3503;N41.3139;12;
3;USA;Connecticut;Fairfield;Redding;W73.3833;N41.3025;12;
3;USA;Connecticut;Fairfield;Richards Corner;W73.495;N41.1706;12;
3;USA;Connecticut;Fairfield;Ridgebury;W73.5242;N41.3606;12;
3;USA;Connecticut;Fairfield;Ridgefield;W73.4981;N41.2814;12;
3;USA;Connecticut;Fairfield;Ridgeway;W73.5556;N41.0667;12;
3;USA;Connecticut;Fairfield;Riverbank;W73.5864;N41.1047;12;
3;USA;Connecticut;Fairfield;Riverside;W73.2467;N41.4283;12;
3;USA;Connecticut;Fairfield;Riverside;W73.5781;N41.0336;12;
3;USA;Connecticut;Fairfield;Riversville;W73.675;N41.0611;12;
3;USA;Connecticut;Fairfield;Rock Raymond;W73.2742;N41.2908;12;
3;USA;Connecticut;Fairfield;Rock Ridge;W73.6458;N41.035;12;
3;USA;Connecticut;Fairfield;Rocky Glen;W73.2708;N41.4325;12;
3;USA;Connecticut;Fairfield;Round Beach;W73.3958;N41.0789;12;
3;USA;Connecticut;Fairfield;Rowayton;W73.4364;N41.0639;12;
3;USA;Connecticut;Fairfield;Roxbury;W73.5603;N41.0892;12;
3;USA;Connecticut;Fairfield;Sandy Hook;W73.2819;N41.42;12;
3;USA;Connecticut;Fairfield;Sanfordtown;W73.3622;N41.2947;12;
3;USA;Connecticut;Fairfield;Saugatuck Shores;W73.3706;N41.0972;12;
3;USA;Connecticut;Fairfield;Saugatuck;W73.37;N41.1225;12;
3;USA;Connecticut;Fairfield;Schoonhoven Park;W73.2278;N41.1442;12;
3;USA;Connecticut;Fairfield;Sellecks Corners;W73.5339;N41.1853;12;
3;USA;Connecticut;Fairfield;Shady Rest;W73.2761;N41.4497;12;
3;USA;Connecticut;Fairfield;Shelton;W73.0931;N41.3164;12;
3;USA;Connecticut;Fairfield;Sherman;W73.4956;N41.5792;12;
3;USA;Connecticut;Fairfield;Shippan Point;W73.5236;N41.0278;12;
3;USA;Connecticut;Fairfield;Shorehaven;W73.3883;N41.0917;12;
3;USA;Connecticut;Fairfield;Silvermine;W73.445;N41.1514;12;
3;USA;Connecticut;Fairfield;Snug Harbor;W73.4508;N41.4428;12;
3;USA;Connecticut;Fairfield;South End;W73.5369;N41.0397;12;
3;USA;Connecticut;Fairfield;South Norwalk;W73.4186;N41.0936;12;
3;USA;Connecticut;Fairfield;South Wilton;W73.4161;N41.1681;12;
3;USA;Connecticut;Fairfield;Southport;W73.2833;N41.1364;12;
3;USA;Connecticut;Fairfield;Springdale;W73.5242;N41.0878;12;
3;USA;Connecticut;Fairfield;Stamford;W73.5386;N41.0533;12;
3;USA;Connecticut;Fairfield;Stanwich;W73.6192;N41.1194;12;
3;USA;Connecticut;Fairfield;Stepney;W73.2542;N41.3039;12;
3;USA;Connecticut;Fairfield;Stevenson;W73.1844;N41.3831;12;
3;USA;Connecticut;Fairfield;Stratfield;W73.2358;N41.2067;12;
3;USA;Connecticut;Fairfield;Stratford;W73.1331;N41.1844;12;
3;USA;Connecticut;Fairfield;Sunnyside Trailer Park;W73.0694;N41.2931;12;
3;USA;Connecticut;Fairfield;Sunnyside;W73.0725;N41.2972;12;
3;USA;Connecticut;Fairfield;Ta'agan Point;W73.4531;N41.4375;12;
3;USA;Connecticut;Fairfield;Talmadge Hill;W73.4989;N41.1186;12;
3;USA;Connecticut;Fairfield;Taylor Corners;W73.5247;N41.4467;12;
3;USA;Connecticut;Fairfield;Titicus;W73.5033;N41.2922;12;
3;USA;Connecticut;Fairfield;Toilsome Hill;W73.2225;N41.2019;12;
3;USA;Connecticut;Fairfield;Tokeneke;W73.4661;N41.0667;12;
3;USA;Connecticut;Fairfield;Topstone;W73.4489;N41.2958;12;
3;USA;Connecticut;Fairfield;Trumbull;W73.2006;N41.2428;12;
3;USA;Connecticut;Fairfield;Tunxis Hill;W73.2406;N41.1761;12;
3;USA;Connecticut;Fairfield;Turn of River;W73.5481;N41.1031;12;
3;USA;Connecticut;Fairfield;Upper Stepney;W73.265;N41.3225;12;
3;USA;Connecticut;Fairfield;Wataba Lake;W73.4908;N41.3406;12;
3;USA;Connecticut;Fairfield;West Norwalk;W73.4622;N41.1083;12;
3;USA;Connecticut;Fairfield;West Redding;W73.4342;N41.3264;12;
3;USA;Connecticut;Fairfield;Weston;W73.3806;N41.2008;12;
3;USA;Connecticut;Fairfield;Westport;W73.3578;N41.1414;12;
3;USA;Connecticut;Fairfield;White Hills;W73.1508;N41.3342;12;
3;USA;Connecticut;Fairfield;Wildmans Landing;W73.455;N41.4247;12;
3;USA;Connecticut;Fairfield;Wilton;W73.4378;N41.1953;12;
3;USA;Connecticut;Fairfield;Winnipauk Village;W73.4169;N41.1294;12;
3;USA;Connecticut;Fairfield;Winnipauk;W73.4217;N41.1464;12;
3;USA;Connecticut;Hartford;Addison;W72.5767;N41.7183;12;
3;USA;Connecticut;Hartford;Alsop Corner;W72.8175;N41.8053;12;
3;USA;Connecticut;Hartford;Avon Park North;W72.8353;N41.8125;12;
3;USA;Connecticut;Hartford;Avon Park South;W72.8406;N41.8064;12;
3;USA;Connecticut;Hartford;Avon;W72.8306;N41.8097;12;
3;USA;Connecticut;Hartford;Bahre Corner;W72.9;N41.845;12;
3;USA;Connecticut;Hartford;Bensted Corner;W72.8797;N41.7064;12;
3;USA;Connecticut;Hartford;Berlin;W72.7456;N41.6214;12;
3;USA;Connecticut;Hartford;Birchwood;W72.7211;N41.8978;12;
3;USA;Connecticut;Hartford;Bishops Corner;W72.8689;N41.5811;12;
3;USA;Connecticut;Hartford;Bloomfield;W72.73;N41.8264;12;
3;USA;Connecticut;Hartford;Blue Hills;W72.6975;N41.8128;12;
3;USA;Connecticut;Hartford;Brainerd Park;W72.5781;N42.0156;12;
3;USA;Connecticut;Hartford;Breakneck;W72.6592;N41.8867;12;
3;USA;Connecticut;Hartford;Bristol;W72.9492;N41.6717;12;
3;USA;Connecticut;Hartford;Broad Brook;W72.545;N41.9122;12;
3;USA;Connecticut;Hartford;Buckingham;W72.5222;N41.7122;12;
3;USA;Connecticut;Hartford;Buckland;W72.5506;N41.7961;12;
3;USA;Connecticut;Hartford;Bull Run Corner;W72.6697;N41.9297;12;
3;USA;Connecticut;Hartford;Burlington;W72.9644;N41.7692;12;
3;USA;Connecticut;Hartford;Burnham;W72.6181;N41.7992;12;
3;USA;Connecticut;Hartford;Burnside;W72.6069;N41.7797;12;
3;USA;Connecticut;Hartford;Canton Center;W72.915;N41.8564;12;
3;USA;Connecticut;Hartford;Canton Valley;W72.8917;N41.8342;12;
3;USA;Connecticut;Hartford;Canton;W72.8936;N41.8244;12;
3;USA;Connecticut;Hartford;Carroll Corners;W72.765;N41.9264;12;
3;USA;Connecticut;Hartford;Case Corner;W72.7703;N41.8358;12;
3;USA;Connecticut;Hartford;Chatsworth Village;W72.7939;N41.9383;12;
3;USA;Connecticut;Hartford;Cherry Park;W72.8869;N41.8114;12;
3;USA;Connecticut;Hartford;Childrens Village of the Hartford Orphan Asylum;W72.7114;N41.7867;12;
3;USA;Connecticut;Hartford;Coachlight Village;W72.6131;N41.7772;12;
3;USA;Connecticut;Hartford;Collinsville;W72.92;N41.8128;12;
3;USA;Connecticut;Hartford;Colonial Mobile Home Park;W72.6364;N41.7372;12;
3;USA;Connecticut;Hartford;Cottage Grove;W72.6956;N41.8214;12;
3;USA;Connecticut;Hartford;Cotton Hollow;W72.6014;N41.6633;12;
3;USA;Connecticut;Hartford;Crowleys Corner;W72.8672;N41.8167;12;
3;USA;Connecticut;Hartford;East Berlin;W72.7136;N41.6183;12;
3;USA;Connecticut;Hartford;East Bristol;W72.9117;N41.6664;12;
3;USA;Connecticut;Hartford;East Farmington Heights;W72.7761;N41.7317;12;
3;USA;Connecticut;Hartford;East Glastonbury;W72.5336;N41.6942;12;
3;USA;Connecticut;Hartford;East Granby;W72.7272;N41.9411;12;
3;USA;Connecticut;Hartford;East Hartford Gardens;W72.6128;N41.7353;12;
3;USA;Connecticut;Hartford;East Hartford;W72.6119;N41.7822;12;
3;USA;Connecticut;Hartford;East Hartland;W72.9053;N41.9989;12;
3;USA;Connecticut;Hartford;East Plymouth;W72.9981;N41.6931;12;
3;USA;Connecticut;Hartford;East Windsor Hill;W72.6031;N41.8603;12;
3;USA;Connecticut;Hartford;Ebbs Corner;W72.7478;N42.0186;12;
3;USA;Connecticut;Hartford;Edgewood;W72.9242;N41.7025;12;
3;USA;Connecticut;Hartford;Elm Hill;W72.7447;N41.6744;12;
3;USA;Connecticut;Hartford;Elmwood;W72.7225;N41.7331;12;
3;USA;Connecticut;Hartford;Enfield;W72.5917;N41.9761;12;
3;USA;Connecticut;Hartford;Farmington Station;W72.8628;N41.7208;12;
3;USA;Connecticut;Hartford;Farmington;W72.8319;N41.7197;12;
3;USA;Connecticut;Hartford;Farnhams;W72.5594;N41.8628;12;
3;USA;Connecticut;Hartford;Fernridge Place;W72.7375;N41.7689;12;
3;USA;Connecticut;Hartford;Firetown;W72.8228;N41.905;12;
3;USA;Connecticut;Hartford;Five Points;W72.7953;N41.9956;12;
3;USA;Connecticut;Hartford;Flax Hill Elderly Housing;W72.5333;N41.8172;12;
3;USA;Connecticut;Hartford;Floydville;W72.7797;N41.9286;12;
3;USA;Connecticut;Hartford;Foote Corners;W72.7642;N41.7556;12;
3;USA;Connecticut;Hartford;Forbes Village;W72.5994;N41.7333;12;
3;USA;Connecticut;Hartford;Forest Village;W72.5964;N41.7478;12;
3;USA;Connecticut;Hartford;Forestville;W72.92;N41.6767;12;
3;USA;Connecticut;Hartford;Four Corners;W72.4594;N41.6325;12;
3;USA;Connecticut;Hartford;Glastonbury Center;W72.5994;N41.7008;12;
3;USA;Connecticut;Hartford;Glastonbury;W72.6081;N41.7122;12;
3;USA;Connecticut;Hartford;Goodrichville;W72.8136;N41.9778;12;
3;USA;Connecticut;Hartford;Granbrook Park;W72.7706;N41.9361;12;
3;USA;Connecticut;Hartford;Granby;W72.7886;N41.9539;12;
3;USA;Connecticut;Hartford;Green Manor Village;W72.6594;N41.9367;12;
3;USA;Connecticut;Hartford;Griswoldville;W72.6706;N41.6936;12;
3;USA;Connecticut;Hartford;Halladay Corner;W72.6419;N42.0117;12;
3;USA;Connecticut;Hartford;Hampsted;W72.8953;N41.9503;12;
3;USA;Connecticut;Hartford;Hartford;W72.685;N41.7636;12;
3;USA;Connecticut;Hartford;Hartland;W72.9794;N41.9961;12;
3;USA;Connecticut;Hartford;Hayden;W72.6292;N41.8892;12;
3;USA;Connecticut;Hartford;Hazardville;W72.5447;N41.9872;12;
3;USA;Connecticut;Hartford;Highland Park;W72.4958;N41.765;12;
3;USA;Connecticut;Hartford;Higley Village;W72.7258;N41.9369;12;
3;USA;Connecticut;Hartford;Hilliardville;W72.5553;N41.7842;12;
3;USA;Connecticut;Hartford;Hockanum;W72.6336;N41.7406;12;
3;USA;Connecticut;Hartford;Hopewell;W72.5833;N41.6644;12;
3;USA;Connecticut;Hartford;Hoskins;W72.7858;N41.9003;12;
3;USA;Connecticut;Hartford;Huckleberry Hills Trails;W72.9033;N41.7972;12;
3;USA;Connecticut;Hartford;Hungary;W72.7789;N41.9767;12;
3;USA;Connecticut;Hartford;Kensington;W72.7686;N41.6353;12;
3;USA;Connecticut;Hartford;Kings Corner;W72.6022;N41.9444;12;
3;USA;Connecticut;Hartford;Lamson Corner;W72.9711;N41.7425;12;
3;USA;Connecticut;Hartford;Liberty Mobile Home Park;W72.8483;N41.6783;12;
3;USA;Connecticut;Hartford;Lovely Street;W72.8922;N41.7828;12;
3;USA;Connecticut;Hartford;Lydallville;W72.4903;N41.7953;12;
3;USA;Connecticut;Hartford;Manchester Green;W72.5003;N41.785;12;
3;USA;Connecticut;Hartford;Manchester;W72.5214;N41.7758;12;
3;USA;Connecticut;Hartford;Marion;W72.9256;N41.5636;12;
3;USA;Connecticut;Hartford;Marlborough;W72.4597;N41.6314;12;
3;USA;Connecticut;Hartford;Mayberry Village;W72.5864;N41.7786;12;
3;USA;Connecticut;Hartford;Meadowgate;W72.7908;N41.9469;12;
3;USA;Connecticut;Hartford;Mechanicsville;W72.7936;N41.9689;12;
3;USA;Connecticut;Hartford;Melrose;W72.5211;N41.9375;12;
3;USA;Connecticut;Hartford;Mill Pond Village;W72.5392;N41.9203;12;
3;USA;Connecticut;Hartford;Milldale;W72.8917;N41.5658;12;
3;USA;Connecticut;Hartford;New Britain;W72.7794;N41.6611;12;
3;USA;Connecticut;Hartford;Newington Junction;W72.7369;N41.7142;12;
3;USA;Connecticut;Hartford;Newington;W72.7236;N41.6978;12;
3;USA;Connecticut;Hartford;North Bloomfield;W72.7464;N41.8861;12;
3;USA;Connecticut;Hartford;North Canton;W72.8925;N41.8978;12;
3;USA;Connecticut;Hartford;North End;W72.8711;N41.6167;12;
3;USA;Connecticut;Hartford;North Granby;W72.8294;N41.9958;12;
3;USA;Connecticut;Hartford;North Hollow;W72.93;N42.0339;12;
3;USA;Connecticut;Hartford;North Thompsonville;W72.5922;N42.0161;12;
3;USA;Connecticut;Hartford;Oakland Gardens;W72.7836;N41.7325;12;
3;USA;Connecticut;Hartford;Oakland Gardens;W72.7861;N41.7425;12;
3;USA;Connecticut;Hartford;Oakland;W72.5178;N41.8061;12;
3;USA;Connecticut;Hartford;Old Avon Village;W72.8289;N41.8075;12;
3;USA;Connecticut;Hartford;Oxford Village;W72.5628;N41.7661;12;
3;USA;Connecticut;Hartford;Parkville;W72.6936;N41.7631;12;
3;USA;Connecticut;Hartford;Pegville;W72.8067;N41.9731;12;
3;USA;Connecticut;Hartford;Pine Hill;W72.8117;N41.8622;12;
3;USA;Connecticut;Hartford;Plainville;W72.8581;N41.6744;12;
3;USA;Connecticut;Hartford;Plantsville;W72.8922;N41.5836;12;
3;USA;Connecticut;Hartford;Poquonock;W72.6786;N41.9047;12;
3;USA;Connecticut;Hartford;Pratts Corner;W72.8533;N41.5581;12;
3;USA;Connecticut;Hartford;Rainbow;W72.6925;N41.9181;12;
3;USA;Connecticut;Hartford;Rising Corner;W72.7119;N42.0358;12;
3;USA;Connecticut;Hartford;River Glen;W72.8625;N41.7447;12;
3;USA;Connecticut;Hartford;Rivermead Mobile Home Park;W72.6347;N41.7344;12;
3;USA;Connecticut;Hartford;Rocky Hill;W72.6392;N41.6647;12;
3;USA;Connecticut;Hartford;Salmon Brook;W72.7953;N41.9564;12;
3;USA;Connecticut;Hartford;Scantic;W72.5525;N41.8961;12;
3;USA;Connecticut;Hartford;Scitico;W72.5156;N41.9847;12;
3;USA;Connecticut;Hartford;Shaker Pines;W72.5372;N42.0286;12;
3;USA;Connecticut;Hartford;Sherwood Manor;W72.5642;N42.0133;12;
3;USA;Connecticut;Hartford;Silvermine Acres;W72.9086;N41.8314;12;
3;USA;Connecticut;Hartford;Simsbury;W72.8011;N41.8758;12;
3;USA;Connecticut;Hartford;South Glastonbury;W72.5967;N41.6669;12;
3;USA;Connecticut;Hartford;South Wethersfield;W72.6556;N41.6903;12;
3;USA;Connecticut;Hartford;South Windsor;W72.5717;N41.8489;12;
3;USA;Connecticut;Hartford;South Windsor;W72.6211;N41.8236;12;
3;USA;Connecticut;Hartford;Southington;W72.8775;N41.5964;12;
3;USA;Connecticut;Hartford;Southwood Acres;W72.5667;N41.9703;12;
3;USA;Connecticut;Hartford;Southwood Acres;W72.5714;N41.9625;12;
3;USA;Connecticut;Hartford;Spoonville;W72.7444;N41.8961;12;
3;USA;Connecticut;Hartford;Spring Village;W72.6164;N41.9194;12;
3;USA;Connecticut;Hartford;Stillmans Corner;W72.8642;N41.5625;12;
3;USA;Connecticut;Hartford;Stowe Village Housing Project;W72.6703;N41.7936;12;
3;USA;Connecticut;Hartford;Suffield Depot;W72.6497;N41.9811;12;
3;USA;Connecticut;Hartford;Suffield;W72.6506;N41.9817;12;
3;USA;Connecticut;Hartford;Tariffville Center;W72.7636;N41.9211;12;
3;USA;Connecticut;Hartford;Tariffville;W72.76;N41.9086;12;
3;USA;Connecticut;Hartford;Taylor Town;W72.6058;N41.6439;12;
3;USA;Connecticut;Hartford;Terramuggus;W72.4703;N41.635;12;
3;USA;Connecticut;Hartford;The Gables;W72.7936;N41.9442;12;
3;USA;Connecticut;Hartford;Thompsonville;W72.5989;N41.9969;12;
3;USA;Connecticut;Hartford;Thralltown;W72.6547;N41.8822;12;
3;USA;Connecticut;Hartford;Tootin' Hills;W72.8658;N41.8586;12;
3;USA;Connecticut;Hartford;Tudor Village;W72.6142;N41.7508;12;
3;USA;Connecticut;Hartford;Turkey Hill;W72.7856;N41.6156;12;
3;USA;Connecticut;Hartford;Unionville;W72.8861;N41.7578;12;
3;USA;Connecticut;Hartford;Wapping Mews Elderly Housing;W72.5133;N41.8347;12;
3;USA;Connecticut;Hartford;Wapping;W72.5531;N41.8272;12;
3;USA;Connecticut;Hartford;Warehouse Point;W72.6181;N41.9292;12;
3;USA;Connecticut;Hartford;Weatogue;W72.8283;N41.8436;12;
3;USA;Connecticut;Hartford;Welles Village;W72.5994;N41.7278;12;
3;USA;Connecticut;Hartford;West Avon;W72.8633;N41.7897;12;
3;USA;Connecticut;Hartford;West District;W72.8856;N41.7439;12;
3;USA;Connecticut;Hartford;West Granby;W72.8425;N41.9561;12;
3;USA;Connecticut;Hartford;West Hartford;W72.7419;N41.7619;12;
3;USA;Connecticut;Hartford;West Hartland;W72.9706;N42.0075;12;
3;USA;Connecticut;Hartford;West Hill;W72.7275;N41.7817;12;
3;USA;Connecticut;Hartford;West Simsbury;W72.8581;N41.8731;12;
3;USA;Connecticut;Hartford;West Suffield;W72.6919;N41.9886;12;
3;USA;Connecticut;Hartford;Westmoor Park;W72.7594;N41.7828;12;
3;USA;Connecticut;Hartford;Wethersfield;W72.6525;N41.7142;12;
3;USA;Connecticut;Hartford;Whigville;W72.9419;N41.7331;12;
3;USA;Connecticut;Hartford;Whitings Corner;W72.7661;N41.7872;12;
3;USA;Connecticut;Hartford;Wilson;W72.6572;N41.8119;12;
3;USA;Connecticut;Hartford;Windmill Springs;W72.7894;N41.9511;12;
3;USA;Connecticut;Hartford;Windsor Locks;W72.6272;N41.9292;12;
3;USA;Connecticut;Hartford;Windsor;W72.6436;N41.8525;12;
3;USA;Connecticut;Hartford;Windsorville;W72.5353;N41.8908;12;
3;USA;Connecticut;Litchfield;Allentown;W72.9903;N41.6489;12;
3;USA;Connecticut;Litchfield;Amesville;W73.3758;N41.9628;12;
3;USA;Connecticut;Litchfield;Bakersville;W73.03;N41.8319;12;
3;USA;Connecticut;Litchfield;Bantam;W73.2361;N41.7244;12;
3;USA;Connecticut;Litchfield;Barkhampsted Center;W72.9664;N41.9289;12;
3;USA;Connecticut;Litchfield;Barkhamsted;W72.9139;N41.9292;12;
3;USA;Connecticut;Litchfield;Bethlehem;W73.2083;N41.6397;12;
3;USA;Connecticut;Litchfield;Birch Groves;W73.4411;N41.5469;12;
3;USA;Connecticut;Litchfield;Bridgewater;W73.3661;N41.535;12;
3;USA;Connecticut;Litchfield;Browns Corner;W72.9764;N41.8281;12;
3;USA;Connecticut;Litchfield;Bulls Bridge;W73.5072;N41.6756;12;
3;USA;Connecticut;Litchfield;Burrville;W73.0847;N41.8683;12;
3;USA;Connecticut;Litchfield;Calhoun Corners;W73.3817;N41.8036;12;
3;USA;Connecticut;Litchfield;Campville;W73.1056;N41.7372;12;
3;USA;Connecticut;Litchfield;Canaan Valley;W73.2567;N42.0406;12;
3;USA;Connecticut;Litchfield;Canaan;W73.3292;N42.0272;12;
3;USA;Connecticut;Litchfield;Candlewood Lake Club;W73.4403;N41.4944;12;
3;USA;Connecticut;Litchfield;Candlewood Point;W73.4406;N41.5364;12;
3;USA;Connecticut;Litchfield;Candlewood Springs;W73.4394;N41.5597;12;
3;USA;Connecticut;Litchfield;Chimney Point;W73.4411;N41.5017;12;
3;USA;Connecticut;Litchfield;Colebrook;W73.0956;N41.9894;12;
3;USA;Connecticut;Litchfield;Corner of the Pines;W73.3283;N41.8386;12;
3;USA;Connecticut;Litchfield;Cornwall Bridge;W73.3708;N41.8186;12;
3;USA;Connecticut;Litchfield;Cornwall;W73.3292;N41.8436;12;
3;USA;Connecticut;Litchfield;Dempsey Landing;W73.2269;N41.7125;12;
3;USA;Connecticut;Litchfield;Drakeville;W73.1572;N41.855;12;
3;USA;Connecticut;Litchfield;East Canaan;W73.2836;N42.0133;12;
3;USA;Connecticut;Litchfield;East Cornwall;W73.3072;N41.8092;12;
3;USA;Connecticut;Litchfield;East Kent;W73.4036;N41.7344;12;
3;USA;Connecticut;Litchfield;East Litchfield;W73.1183;N41.7619;12;
3;USA;Connecticut;Litchfield;East Morris;W73.18;N41.6883;12;
3;USA;Connecticut;Litchfield;Ellsworth;W73.4269;N41.83;12;
3;USA;Connecticut;Litchfield;Erickson Corner;W73.4219;N41.6636;12;
3;USA;Connecticut;Litchfield;Falls Village;W73.3631;N41.9558;12;
3;USA;Connecticut;Litchfield;Flanders;W73.455;N41.7406;12;
3;USA;Connecticut;Litchfield;Gaylordsville;W73.4842;N41.6464;12;
3;USA;Connecticut;Litchfield;Goshen;W73.225;N41.8317;12;
3;USA;Connecticut;Litchfield;Grantville;W73.1564;N41.9511;12;
3;USA;Connecticut;Litchfield;Grappaville;W73.2281;N41.7208;12;
3;USA;Connecticut;Litchfield;Greystone;W73.0411;N41.6189;12;
3;USA;Connecticut;Litchfield;Gulls Hollow;W73.2239;N41.6292;12;
3;USA;Connecticut;Litchfield;Hammertown;W73.4125;N42.0431;12;
3;USA;Connecticut;Litchfield;Hancock;W73.0236;N41.6364;12;
3;USA;Connecticut;Litchfield;Harwinton;W73.0597;N41.7711;12;
3;USA;Connecticut;Litchfield;Hickory Haven;W73.3942;N41.625;12;
3;USA;Connecticut;Litchfield;Horse Heaven;W73.2836;N41.6172;12;
3;USA;Connecticut;Litchfield;Hotchkissville;W73.2169;N41.5672;12;
3;USA;Connecticut;Litchfield;Huntsville;W73.3125;N41.9447;12;
3;USA;Connecticut;Litchfield;Hurds Corner;W73.4219;N41.6219;12;
3;USA;Connecticut;Litchfield;Interlaken Estates;W73.4397;N41.9486;12;
3;USA;Connecticut;Litchfield;Joyceville;W73.4256;N42.0486;12;
3;USA;Connecticut;Litchfield;Kelly Corner;W73.2064;N41.8783;12;
3;USA;Connecticut;Litchfield;Kent Furnace;W73.4692;N41.7375;12;
3;USA;Connecticut;Litchfield;Kent;W73.4769;N41.7247;12;
3;USA;Connecticut;Litchfield;Lakeside;W73.2372;N41.6822;12;
3;USA;Connecticut;Litchfield;Lakeville;W73.44;N41.9644;12;
3;USA;Connecticut;Litchfield;Lanesville;W73.4228;N41.5356;12;
3;USA;Connecticut;Litchfield;Lime Rock;W73.3892;N41.9336;12;
3;USA;Connecticut;Litchfield;Litchfield;W73.1886;N41.7472;12;
3;USA;Connecticut;Litchfield;Lower City;W73.2761;N41.9247;12;
3;USA;Connecticut;Litchfield;Lower Merryall;W73.4156;N41.6467;12;
3;USA;Connecticut;Litchfield;Macedonia;W73.4989;N41.7428;12;
3;USA;Connecticut;Litchfield;Marble Dale;W73.3689;N41.6636;12;
3;USA;Connecticut;Litchfield;McClaveville;W73.0961;N42.0397;12;
3;USA;Connecticut;Litchfield;Merwinsville;W73.4828;N41.6475;12;
3;USA;Connecticut;Litchfield;Mill Brook;W73.1194;N41.9633;12;
3;USA;Connecticut;Litchfield;Milton;W73.2725;N41.77;12;
3;USA;Connecticut;Litchfield;Minortown;W73.1742;N41.5761;12;
3;USA;Connecticut;Litchfield;Mitcheltown;W73.4603;N41.8583;12;
3;USA;Connecticut;Litchfield;Mooreville;W73.06;N41.9094;12;
3;USA;Connecticut;Litchfield;Morris;W73.1961;N41.6842;12;
3;USA;Connecticut;Litchfield;Mudgetown;W73.4761;N41.8956;12;
3;USA;Connecticut;Litchfield;Nelsons Corner;W73.0503;N41.9461;12;
3;USA;Connecticut;Litchfield;Nepaug;W72.9989;N41.8297;12;
3;USA;Connecticut;Litchfield;New Hartford;W72.9769;N41.8822;12;
3;USA;Connecticut;Litchfield;New Milford;W73.4083;N41.5769;12;
3;USA;Connecticut;Litchfield;New Preston;W73.3517;N41.675;12;
3;USA;Connecticut;Litchfield;Newberry Corner;W73.14;N41.7892;12;
3;USA;Connecticut;Litchfield;Newfield;W73.1292;N41.8578;12;
3;USA;Connecticut;Litchfield;Norfolk;W73.2019;N41.9939;12;
3;USA;Connecticut;Litchfield;North Colebrook;W73.1147;N42.0175;12;
3;USA;Connecticut;Litchfield;North Cornwall;W73.3144;N41.8708;12;
3;USA;Connecticut;Litchfield;North Goshen;W73.2122;N41.8986;12;
3;USA;Connecticut;Litchfield;North Kent;W73.4283;N41.7669;12;
3;USA;Connecticut;Litchfield;North Woodbury;W73.2053;N41.5503;12;
3;USA;Connecticut;Litchfield;Northfield;W73.1106;N41.6947;12;
3;USA;Connecticut;Litchfield;Northville;W73.3931;N41.6292;12;
3;USA;Connecticut;Litchfield;Oakville;W73.0853;N41.5933;12;
3;USA;Connecticut;Litchfield;Ore Hill;W73.4669;N41.9572;12;
3;USA;Connecticut;Litchfield;Park Lane;W73.4069;N41.5997;12;
3;USA;Connecticut;Litchfield;Pequabuck;W72.9931;N41.6728;12;
3;USA;Connecticut;Litchfield;Pine Grove;W73.3544;N41.9997;12;
3;USA;Connecticut;Litchfield;Pine Meadow;W72.9669;N41.8764;12;
3;USA;Connecticut;Litchfield;Pleasant Valley;W72.9878;N41.9122;12;
3;USA;Connecticut;Litchfield;Plymouth;W73.0528;N41.6719;12;
3;USA;Connecticut;Litchfield;Pomeraug;W73.2108;N41.5261;12;
3;USA;Connecticut;Litchfield;Puddle Town;W72.9581;N41.8667;12;
3;USA;Connecticut;Litchfield;Reynolds Bridge;W73.0797;N41.6572;12;
3;USA;Connecticut;Litchfield;Riverton;W73.0167;N41.9628;12;
3;USA;Connecticut;Litchfield;Robertsville;W73.0439;N41.9789;12;
3;USA;Connecticut;Litchfield;Romford;W73.2908;N41.6753;12;
3;USA;Connecticut;Litchfield;Roxbury Falls;W73.3106;N41.5083;12;
3;USA;Connecticut;Litchfield;Roxbury Station;W73.3311;N41.5575;12;
3;USA;Connecticut;Litchfield;Roxbury;W73.3086;N41.5564;12;
3;USA;Connecticut;Litchfield;Russian Village;W73.2522;N41.4461;12;
3;USA;Connecticut;Litchfield;Salisbury;W73.4211;N41.9833;12;
3;USA;Connecticut;Litchfield;Sandy Beach;W73.2194;N41.6944;12;
3;USA;Connecticut;Litchfield;Sharon Valley;W73.4922;N41.8839;12;
3;USA;Connecticut;Litchfield;Sharon;W73.4767;N41.8792;12;
3;USA;Connecticut;Litchfield;Sodom;W73.2975;N42.0358;12;
3;USA;Connecticut;Litchfield;South Canaan;W73.3333;N41.9617;12;
3;USA;Connecticut;Litchfield;South Ellsworth;W73.4292;N41.8189;12;
3;USA;Connecticut;Litchfield;South Kent;W73.4706;N41.6794;12;
3;USA;Connecticut;Litchfield;South Norfolk;W73.2072;N41.9231;12;
3;USA;Connecticut;Litchfield;Taconic;W73.4078;N42.0356;12;
3;USA;Connecticut;Litchfield;Terryville;W73.0108;N41.6781;12;
3;USA;Connecticut;Litchfield;The Cedars;W73.455;N41.9322;12;
3;USA;Connecticut;Litchfield;Thomaston;W73.0731;N41.6739;12;
3;USA;Connecticut;Litchfield;Tolles;W73.0094;N41.6442;12;
3;USA;Connecticut;Litchfield;Torringford;W73.08;N41.8211;12;
3;USA;Connecticut;Litchfield;Torrington;W73.1211;N41.8006;12;
3;USA;Connecticut;Litchfield;Town Hill;W72.9989;N41.8531;12;
3;USA;Connecticut;Litchfield;Turkey Cobble;W73.1925;N41.9289;12;
3;USA;Connecticut;Litchfield;Twin Lakes;W73.3867;N42.0183;12;
3;USA;Connecticut;Litchfield;Tyler Lake Heights;W73.2703;N41.8378;12;
3;USA;Connecticut;Litchfield;Upper Merryall;W73.4219;N41.6622;12;
3;USA;Connecticut;Litchfield;Wangum Village;W73.3378;N42.0303;12;
3;USA;Connecticut;Litchfield;Warren;W73.3486;N41.7428;12;
3;USA;Connecticut;Litchfield;Washington;W73.3106;N41.6314;12;
3;USA;Connecticut;Litchfield;Watertown;W73.1181;N41.6061;12;
3;USA;Connecticut;Litchfield;Weatogue;W73.345;N42.0431;12;
3;USA;Connecticut;Litchfield;Wellsville;W73.4147;N41.5969;12;
3;USA;Connecticut;Litchfield;West Cornwall;W73.3617;N41.8714;12;
3;USA;Connecticut;Litchfield;West Goshen;W73.2517;N41.8272;12;
3;USA;Connecticut;Litchfield;West Morris;W73.2622;N41.6886;12;
3;USA;Connecticut;Litchfield;West Norfolk;W73.2242;N42.0031;12;
3;USA;Connecticut;Litchfield;West Torrington;W73.1436;N41.8183;12;
3;USA;Connecticut;Litchfield;West Woods;W73.4747;N41.8092;12;
3;USA;Connecticut;Litchfield;Winchester Center;W73.1347;N41.9;12;
3;USA;Connecticut;Litchfield;Winsted;W73.06;N41.9211;12;
3;USA;Connecticut;Litchfield;Woodbury;W73.2089;N41.5444;12;
3;USA;Connecticut;Litchfield;Woodville;W73.2969;N41.7047;12;
3;USA;Connecticut;Litchfield;Wrightville;W73.1489;N41.8286;12;
3;USA;Connecticut;Litchfield;Yelping Hill;W73.2986;N41.9047;12;
3;USA;Connecticut;Middlesex;Achenbach;W72.7069;N41.5872;12;
3;USA;Connecticut;Middlesex;Arnolds;W72.5144;N41.4658;12;
3;USA;Connecticut;Middlesex;Bailey Beach;W72.4239;N41.4953;12;
3;USA;Connecticut;Middlesex;Baileyville;W72.7244;N41.5131;12;
3;USA;Connecticut;Middlesex;Bashan;W72.4333;N41.5131;12;
3;USA;Connecticut;Middlesex;Beseck Lake;W72.7347;N41.5186;12;
3;USA;Connecticut;Middlesex;Bretton Heights;W72.6594;N41.5436;12;
3;USA;Connecticut;Middlesex;Cedar Lake;W72.5044;N41.4014;12;
3;USA;Connecticut;Middlesex;Centerbrook;W72.4158;N41.3514;12;
3;USA;Connecticut;Middlesex;Chester;W72.4508;N41.4031;12;
3;USA;Connecticut;Middlesex;Clinton Beach;W72.5003;N41.2664;12;
3;USA;Connecticut;Middlesex;Clinton;W72.5275;N41.2786;12;
3;USA;Connecticut;Middlesex;Cobalt Landing;W72.5611;N41.5561;12;
3;USA;Connecticut;Middlesex;Cobalt;W72.5553;N41.5622;12;
3;USA;Connecticut;Middlesex;Cornfield Park;W72.3869;N41.2619;12;
3;USA;Connecticut;Middlesex;Cromwell Hills;W72.6839;N41.6058;12;
3;USA;Connecticut;Middlesex;Cromwell;W72.6453;N41.595;12;
3;USA;Connecticut;Middlesex;Crowley Corner;W72.3111;N41.4772;12;
3;USA;Connecticut;Middlesex;Deep River;W72.4356;N41.3856;12;
3;USA;Connecticut;Middlesex;Duck Island Roads;W72.5094;N41.2581;12;
3;USA;Connecticut;Middlesex;Durham Center;W72.6803;N41.4747;12;
3;USA;Connecticut;Middlesex;Durham;W72.6811;N41.4817;12;
3;USA;Connecticut;Middlesex;East Haddam;W72.4611;N41.4531;12;
3;USA;Connecticut;Middlesex;East Hampton;W72.5025;N41.5758;12;
3;USA;Connecticut;Middlesex;Essex;W72.3906;N41.3533;12;
3;USA;Connecticut;Middlesex;Fenwick;W72.3536;N41.2708;12;
3;USA;Connecticut;Middlesex;Fernwood;W72.3664;N41.2692;12;
3;USA;Connecticut;Middlesex;Floral Park;W72.3592;N41.3211;12;
3;USA;Connecticut;Middlesex;Fogelmarks Corners;W72.6031;N41.6022;12;
3;USA;Connecticut;Middlesex;Fox Meadows;W72.6894;N41.6058;12;
3;USA;Connecticut;Middlesex;Gildersleeve;W72.6208;N41.5967;12;
3;USA;Connecticut;Middlesex;Goodrich Heights;W72.6458;N41.6217;12;
3;USA;Connecticut;Middlesex;Goodrich Heights;W72.6522;N41.6264;12;
3;USA;Connecticut;Middlesex;Goodspeeds Landing;W72.4578;N41.4503;12;
3;USA;Connecticut;Middlesex;Grove Beach;W72.4833;N41.2747;12;
3;USA;Connecticut;Middlesex;Haddam;W72.5119;N41.4772;12;
3;USA;Connecticut;Middlesex;Harbor View;W72.5153;N41.2633;12;
3;USA;Connecticut;Middlesex;Hawks Nest;W72.4686;N41.27;12;
3;USA;Connecticut;Middlesex;Haywardville;W72.3253;N41.5111;12;
3;USA;Connecticut;Middlesex;Higganum;W72.5569;N41.4969;12;
3;USA;Connecticut;Middlesex;Highland Estates;W72.7014;N41.5944;12;
3;USA;Connecticut;Middlesex;Highland;W72.7381;N41.5656;12;
3;USA;Connecticut;Middlesex;Ivoryton;W72.4392;N41.3483;12;
3;USA;Connecticut;Middlesex;Jewitt Corner;W72.3403;N41.4356;12;
3;USA;Connecticut;Middlesex;Kelseytown;W72.5322;N41.2967;12;
3;USA;Connecticut;Middlesex;Killingworth;W72.5636;N41.3581;12;
3;USA;Connecticut;Middlesex;Knollwood;W72.3833;N41.2667;12;
3;USA;Connecticut;Middlesex;Lake Pocotopaug;W72.5103;N41.5983;12;
3;USA;Connecticut;Middlesex;Lake View;W72.5114;N41.3561;12;
3;USA;Connecticut;Middlesex;Lakeridge Heights;W72.635;N41.5219;12;
3;USA;Connecticut;Middlesex;Leesville;W72.4811;N41.5117;12;
3;USA;Connecticut;Middlesex;Little City;W72.6;N41.4475;12;
3;USA;Connecticut;Middlesex;Little Haddam;W72.4458;N41.4808;12;
3;USA;Connecticut;Middlesex;Long Hill;W72.6597;N41.5311;12;
3;USA;Connecticut;Middlesex;Maromas;W72.5606;N41.5433;12;
3;USA;Connecticut;Middlesex;Middle Haddam;W72.55;N41.5539;12;
3;USA;Connecticut;Middlesex;Middlefield;W72.7119;N41.5172;12;
3;USA;Connecticut;Middlesex;Middletown;W72.6506;N41.5622;12;
3;USA;Connecticut;Middlesex;Millington;W72.3553;N41.4858;12;
3;USA;Connecticut;Middlesex;Miramichi;W72.7006;N41.5497;12;
3;USA;Connecticut;Middlesex;Moodus;W72.45;N41.5028;12;
3;USA;Connecticut;Middlesex;Mount Parnassus;W72.4128;N41.4717;12;
3;USA;Connecticut;Middlesex;Newfield Heights;W72.675;N41.5575;12;
3;USA;Connecticut;Middlesex;North Cromwell;W72.6436;N41.6114;12;
3;USA;Connecticut;Middlesex;Old Saybrook;W72.3761;N41.2917;12;
3;USA;Connecticut;Middlesex;Otter Cove Estates;W72.3706;N41.3372;12;
3;USA;Connecticut;Middlesex;Oxford Park;W72.6697;N41.6081;12;
3;USA;Connecticut;Middlesex;Plum Bank Beach;W72.3922;N41.2681;12;
3;USA;Connecticut;Middlesex;Pond Meadow;W72.4678;N41.3275;12;
3;USA;Connecticut;Middlesex;Ponset;W72.5561;N41.465;12;
3;USA;Connecticut;Middlesex;Portland;W72.6406;N41.5728;12;
3;USA;Connecticut;Middlesex;Ridgewood;W72.5094;N41.2594;12;
3;USA;Connecticut;Middlesex;Riverdale;W72.5828;N41.5614;12;
3;USA;Connecticut;Middlesex;Rock Landing;W72.5203;N41.4969;12;
3;USA;Connecticut;Middlesex;Saybrook Manor;W72.3989;N41.2853;12;
3;USA;Connecticut;Middlesex;Saybrook Point;W72.3539;N41.2839;12;
3;USA;Connecticut;Middlesex;Scovill Landing;W72.465;N41.4892;12;
3;USA;Connecticut;Middlesex;Shailerville;W72.4953;N41.4708;12;
3;USA;Connecticut;Middlesex;Skinnerville;W72.5086;N41.5564;12;
3;USA;Connecticut;Middlesex;South Farms;W72.6428;N41.5542;12;
3;USA;Connecticut;Middlesex;Tiffany Hill Corner;W72.4056;N41.4328;12;
3;USA;Connecticut;Middlesex;Tylerville;W72.475;N41.4475;12;
3;USA;Connecticut;Middlesex;West Haddam;W72.5594;N41.4303;12;
3;USA;Connecticut;Middlesex;Westbrook;W72.4475;N41.2853;12;
3;USA;Connecticut;Middlesex;Westfield;W72.7006;N41.5847;12;
3;USA;Connecticut;Middlesex;Winthrop;W72.4886;N41.3617;12;
3;USA;Connecticut;Middlesex;Wopowog;W72.485;N41.5231;12;
3;USA;Connecticut;New Haven;Allingtown;W72.96;N41.2975;12;
3;USA;Connecticut;New Haven;Ansonia;W73.0789;N41.3461;12;
3;USA;Connecticut;New Haven;Augerville;W72.9058;N41.3719;12;
3;USA;Connecticut;New Haven;Autumn HIll;W72.8719;N41.5172;12;
3;USA;Connecticut;New Haven;Baldwins Crossing;W73.0928;N41.24;12;
3;USA;Connecticut;New Haven;Barnesville;W72.9097;N41.3086;12;
3;USA;Connecticut;New Haven;Bayview;W73.03;N41.2122;12;
3;USA;Connecticut;New Haven;Beacon Falls;W73.0625;N41.4428;12;
3;USA;Connecticut;New Haven;Beaver Head Corner;W72.7342;N41.3894;12;
3;USA;Connecticut;New Haven;Berkshire Estates;W73.2583;N41.4425;12;
3;USA;Connecticut;New Haven;Bethany Wood;W72.9786;N41.4528;12;
3;USA;Connecticut;New Haven;Bethany;W72.9969;N41.4217;12;
3;USA;Connecticut;New Haven;Bowers Hill;W73.1625;N41.4044;12;
3;USA;Connecticut;New Haven;Bradleyville;W73.0819;N41.5233;12;
3;USA;Connecticut;New Haven;Branford Hills;W72.8456;N41.2714;12;
3;USA;Connecticut;New Haven;Branford;W72.815;N41.2794;12;
3;USA;Connecticut;New Haven;Brightview;W72.8967;N41.2717;12;
3;USA;Connecticut;New Haven;Brooksvale;W72.9158;N41.4692;12;
3;USA;Connecticut;New Haven;Bunker Hill;W73.0633;N41.5711;12;
3;USA;Connecticut;New Haven;Burnt Hill;W73.0339;N41.5742;12;
3;USA;Connecticut;New Haven;Cedar Beach;W73.0978;N41.1783;12;
3;USA;Connecticut;New Haven;Cedar Land;W73.2258;N41.4739;12;
3;USA;Connecticut;New Haven;Centerville;W72.9069;N41.3839;12;
3;USA;Connecticut;New Haven;Cheshire;W72.9006;N41.4989;12;
3;USA;Connecticut;New Haven;City Point;W72.9283;N41.2831;12;
3;USA;Connecticut;New Haven;Clintonville;W72.8169;N41.3942;12;
3;USA;Connecticut;New Haven;Davidsons Corner;W72.9761;N41.4286;12;
3;USA;Connecticut;New Haven;Deaconwood;W72.9217;N41.5017;12;
3;USA;Connecticut;New Haven;Derby;W73.0889;N41.3206;12;
3;USA;Connecticut;New Haven;Devon;W73.1017;N41.2022;12;
3;USA;Connecticut;New Haven;Double Beach;W72.8319;N41.2581;12;
3;USA;Connecticut;New Haven;East Derby;W73.0775;N41.3139;12;
3;USA;Connecticut;New Haven;East Farms;W72.9825;N41.5461;12;
3;USA;Connecticut;New Haven;East Haven;W72.8683;N41.2761;12;
3;USA;Connecticut;New Haven;East Meriden;W72.7614;N41.5297;12;
3;USA;Connecticut;New Haven;East Mountain;W73.0133;N41.53;12;
3;USA;Connecticut;New Haven;East River;W72.6383;N41.2853;12;
3;USA;Connecticut;New Haven;East Wallingford;W72.7889;N41.4436;12;
3;USA;Connecticut;New Haven;Fair Haven East;W72.8872;N41.2978;12;
3;USA;Connecticut;New Haven;Fair Haven;W72.8956;N41.3111;12;
3;USA;Connecticut;New Haven;Fair Lawn;W73.0033;N41.5458;12;
3;USA;Connecticut;New Haven;Fairmount;W73.0553;N41.5861;12;
3;USA;Connecticut;New Haven;Fernwood Estates;W72.9036;N41.4569;12;
3;USA;Connecticut;New Haven;Forest Heights;W73.0433;N41.2392;12;
3;USA;Connecticut;New Haven;Fort Trumbull;W73.0564;N41.2097;12;
3;USA;Connecticut;New Haven;Fox Hollow;W72.8667;N41.525;12;
3;USA;Connecticut;New Haven;Fox Hollow;W72.88;N41.5181;12;
3;USA;Connecticut;New Haven;Foxon;W72.8353;N41.3244;12;
3;USA;Connecticut;New Haven;Glen Ridge;W73.0653;N41.5011;12;
3;USA;Connecticut;New Haven;Guilford;W72.6817;N41.2889;12;
3;USA;Connecticut;New Haven;Hamden;W72.8967;N41.3958;12;
3;USA;Connecticut;New Haven;Heritage Village;W73.2325;N41.4864;12;
3;USA;Connecticut;New Haven;Heritage Village;W73.2378;N41.4856;12;
3;USA;Connecticut;New Haven;Hillcrest;W73.1019;N41.5442;12;
3;USA;Connecticut;New Haven;Hoadley Neck;W72.7325;N41.2628;12;
3;USA;Connecticut;New Haven;Honeypot Glen;W72.8864;N41.5225;12;
3;USA;Connecticut;New Haven;Hopeville;W73.0353;N41.5314;12;
3;USA;Connecticut;New Haven;Indian Neck;W72.8006;N41.2611;12;
3;USA;Connecticut;New Haven;Ives Corner;W72.9058;N41.4672;12;
3;USA;Connecticut;New Haven;Kettletown;W73.195;N41.4647;12;
3;USA;Connecticut;New Haven;Kinneytown;W73.0919;N41.3667;12;
3;USA;Connecticut;New Haven;Lakeside;W73.2261;N41.4331;12;
3;USA;Connecticut;New Haven;Lakewood;W73.0297;N41.5797;12;
3;USA;Connecticut;New Haven;Laurel Beach;W73.0936;N41.1828;12;
3;USA;Connecticut;New Haven;Leetes Island;W72.7142;N41.2653;12;
3;USA;Connecticut;New Haven;Long Hill;W73.0228;N41.5656;12;
3;USA;Connecticut;New Haven;Madison;W72.5983;N41.2794;12;
3;USA;Connecticut;New Haven;Meadowbrook;W72.8814;N41.4867;12;
3;USA;Connecticut;New Haven;Meriden;W72.8069;N41.5381;12;
3;USA;Connecticut;New Haven;Middle Beach;W72.5942;N41.2703;12;
3;USA;Connecticut;New Haven;Middlebury;W73.1275;N41.5278;12;
3;USA;Connecticut;New Haven;Milford Lawns;W73.0075;N41.2247;12;
3;USA;Connecticut;New Haven;Milford;W73.0564;N41.2222;12;
3;USA;Connecticut;New Haven;Mill Plain;W73.0125;N41.555;12;
3;USA;Connecticut;New Haven;Millbrook;W72.8928;N41.3792;12;
3;USA;Connecticut;New Haven;Miller Memorial Community;W72.7972;N41.5311;12;
3;USA;Connecticut;New Haven;Millville;W73.0669;N41.4908;12;
3;USA;Connecticut;New Haven;Mixville;W72.9356;N41.5222;12;
3;USA;Connecticut;New Haven;Momauguin;W72.8761;N41.2519;12;
3;USA;Connecticut;New Haven;Montowese;W72.8597;N41.3503;12;
3;USA;Connecticut;New Haven;Morningside;W73.0097;N41.2128;12;
3;USA;Connecticut;New Haven;Morris Cove;W72.8914;N41.2581;12;
3;USA;Connecticut;New Haven;Mount Carmel Center;W72.9094;N41.4386;12;
3;USA;Connecticut;New Haven;Mount Carmel;W72.9053;N41.4242;12;
3;USA;Connecticut;New Haven;Mountaincrest;W72.9397;N41.4706;12;
3;USA;Connecticut;New Haven;Myrtle Beach;W73.0764;N41.1961;12;
3;USA;Connecticut;New Haven;Naugatuck Gardens;W73.0953;N41.2128;12;
3;USA;Connecticut;New Haven;Naugatuck Junction;W73.1056;N41.2075;12;
3;USA;Connecticut;New Haven;Naugatuck;W73.0506;N41.4858;12;
3;USA;Connecticut;New Haven;New Halville;W72.9536;N41.2911;12;
3;USA;Connecticut;New Haven;New Haven;W72.9281;N41.3081;12;
3;USA;Connecticut;New Haven;North Branford;W72.7672;N41.3275;12;
3;USA;Connecticut;New Haven;North Guilford;W72.7169;N41.3669;12;
3;USA;Connecticut;New Haven;North Haven Bridge;W72.8725;N41.39;12;
3;USA;Connecticut;New Haven;North Haven;W72.8594;N41.3908;12;
3;USA;Connecticut;New Haven;North Madison;W72.6367;N41.3597;12;
3;USA;Connecticut;New Haven;Northford;W72.7911;N41.3936;12;
3;USA;Connecticut;New Haven;Nut Plains;W72.6842;N41.3244;12;
3;USA;Connecticut;New Haven;Oakdale Manor;W73.2522;N41.4444;12;
3;USA;Connecticut;New Haven;Orange;W73.0256;N41.2783;12;
3;USA;Connecticut;New Haven;Oronoke;W73.0892;N41.5414;12;
3;USA;Connecticut;New Haven;Overlook;W73.0481;N41.5667;12;
3;USA;Connecticut;New Haven;Oxford;W73.1167;N41.4339;12;
3;USA;Connecticut;New Haven;Paynes Corners;W73.0011;N41.3786;12;
3;USA;Connecticut;New Haven;Pine Bridge;W73.0675;N41.4281;12;
3;USA;Connecticut;New Haven;Pine Orchard;W72.7769;N41.2669;12;
3;USA;Connecticut;New Haven;Platts Knoll;W72.8781;N41.4853;12;
3;USA;Connecticut;New Haven;Platts Mills;W73.0519;N41.5144;12;
3;USA;Connecticut;New Haven;Podunk;W72.6517;N41.3222;12;
3;USA;Connecticut;New Haven;Pondside;W72.8619;N41.5383;12;
3;USA;Connecticut;New Haven;Prospect;W72.9786;N41.5022;12;
3;USA;Connecticut;New Haven;Quaker Farms;W73.1556;N41.4275;12;
3;USA;Connecticut;New Haven;Quinnipiac;W72.8339;N41.4333;12;
3;USA;Connecticut;New Haven;Raynham;W72.8964;N41.2747;12;
3;USA;Connecticut;New Haven;Richards Corner;W72.905;N41.4825;12;
3;USA;Connecticut;New Haven;Rivercliff;W73.1042;N41.1947;12;
3;USA;Connecticut;New Haven;Riverside;W73.1725;N41.3881;12;
3;USA;Connecticut;New Haven;Riverview Mobile Home Estates;W73.0539;N41.5114;12;
3;USA;Connecticut;New Haven;Robert Hutt Congregate Housing;W73.0744;N41.4958;12;
3;USA;Connecticut;New Haven;Rockland;W72.6558;N41.4117;12;
3;USA;Connecticut;New Haven;Sachem Head;W72.7036;N41.2458;12;
3;USA;Connecticut;New Haven;Savin Rock;W72.9453;N41.2597;12;
3;USA;Connecticut;New Haven;Sea Bluff;W72.9647;N41.2539;12;
3;USA;Connecticut;New Haven;Seaview Beach;W72.5839;N41.2731;12;
3;USA;Connecticut;New Haven;Seymour;W73.0758;N41.3967;12;
3;USA;Connecticut;New Haven;Short Beach;W72.8403;N41.2614;12;
3;USA;Connecticut;New Haven;Silver Beach;W73.0642;N41.2017;12;
3;USA;Connecticut;New Haven;South Britain;W73.2514;N41.4708;12;
3;USA;Connecticut;New Haven;South End;W72.8939;N41.2439;12;
3;USA;Connecticut;New Haven;South Meriden;W72.8336;N41.5161;12;
3;USA;Connecticut;New Haven;Southbury;W73.2131;N41.4814;12;
3;USA;Connecticut;New Haven;Southford;W73.1617;N41.4644;12;
3;USA;Connecticut;New Haven;Spring Glen;W72.9086;N41.3633;12;
3;USA;Connecticut;New Haven;Stony Creek;W72.7461;N41.2644;12;
3;USA;Connecticut;New Haven;Straitsville;W73.0331;N41.4697;12;
3;USA;Connecticut;New Haven;Strathmore Woods;W72.8939;N41.4858;12;
3;USA;Connecticut;New Haven;Totoket;W72.8133;N41.3283;12;
3;USA;Connecticut;New Haven;Town Plot Hill;W73.0528;N41.5389;12;
3;USA;Connecticut;New Haven;Tracy;W72.8117;N41.5022;12;
3;USA;Connecticut;New Haven;Union City;W73.0483;N41.4967;12;
3;USA;Connecticut;New Haven;Valley Mobile Home Park;W73.0047;N41.4708;12;
3;USA;Connecticut;New Haven;Wallingford;W72.8231;N41.4569;12;
3;USA;Connecticut;New Haven;Walnut Beach;W73.0831;N41.1931;12;
3;USA;Connecticut;New Haven;Waterbury;W73.0514;N41.5581;12;
3;USA;Connecticut;New Haven;Waterville;W73.0508;N41.5903;12;
3;USA;Connecticut;New Haven;West Cheshire;W72.9183;N41.5114;12;
3;USA;Connecticut;New Haven;West Haven;W72.9469;N41.2706;12;
3;USA;Connecticut;New Haven;West Hills;W72.9708;N41.3342;12;
3;USA;Connecticut;New Haven;West Seymour;W73.0789;N41.3939;12;
3;USA;Connecticut;New Haven;West Shore;W72.9706;N41.2422;12;
3;USA;Connecticut;New Haven;West Side Hill;W73.0611;N41.5539;12;
3;USA;Connecticut;New Haven;Westview Heights;W73.0942;N41.5353;12;
3;USA;Connecticut;New Haven;Westville;W72.9717;N41.3306;12;
3;USA;Connecticut;New Haven;Whitneyville;W72.9122;N41.3442;12;
3;USA;Connecticut;New Haven;Wildermere Beach;W73.0872;N41.1894;12;
3;USA;Connecticut;New Haven;Wolcott;W72.9867;N41.6022;12;
3;USA;Connecticut;New Haven;Woodbridge;W73.0083;N41.3525;12;
3;USA;Connecticut;New Haven;Woodmont;W72.9914;N41.2281;12;
3;USA;Connecticut;New Haven;Woodtick;W72.9781;N41.5789;12;
3;USA;Connecticut;New Haven;Yalesville;W72.8236;N41.4936;12;
3;USA;Connecticut;New London;Allyn Point;W72.0786;N41.4417;12;
3;USA;Connecticut;New London;Attawan Beach;W72.2067;N41.3031;12;
3;USA;Connecticut;New London;Avery Corner;W72.2108;N41.5989;12;
3;USA;Connecticut;New London;Avery Corner;W72.2542;N41.5175;12;
3;USA;Connecticut;New London;Backus Corner;W72.1044;N41.5144;12;
3;USA;Connecticut;New London;Baltic;W72.0844;N41.6169;12;
3;USA;Connecticut;New London;Bargytown;W72.165;N41.5125;12;
3;USA;Connecticut;New London;Bartlett;W72.1031;N41.4217;12;
3;USA;Connecticut;New London;Beachdale;W71.8617;N41.5778;12;
3;USA;Connecticut;New London;Bethel;W71.9078;N41.5469;12;
3;USA;Connecticut;New London;Black Hall;W72.3183;N41.2986;12;
3;USA;Connecticut;New London;Black Point Beach Club;W72.2039;N41.2967;12;
3;USA;Connecticut;New London;Black Point;W72.2053;N41.2861;12;
3;USA;Connecticut;New London;Brockway Landing;W72.3883;N41.3886;12;
3;USA;Connecticut;New London;Brockway;W72.38;N41.3944;12;
3;USA;Connecticut;New London;Burnetts Corner;W71.9797;N41.3892;12;
3;USA;Connecticut;New London;Center Groton;W72.0278;N41.3836;12;
3;USA;Connecticut;New London;Chesterfield;W72.2144;N41.4272;12;
3;USA;Connecticut;New London;Clarks Falls;W71.8142;N41.4561;12;
3;USA;Connecticut;New London;Clarks Village;W71.8444;N41.3603;12;
3;USA;Connecticut;New London;Clayville;W71.9775;N41.6172;12;
3;USA;Connecticut;New London;Colchester;W72.3319;N41.5756;12;
3;USA;Connecticut;New London;Crescent Beach;W72.2019;N41.315;12;
3;USA;Connecticut;New London;Crescent Park;W72.2031;N41.3103;12;
3;USA;Connecticut;New London;Doaneville;W71.875;N41.5717;12;
3;USA;Connecticut;New London;East New London;W72.0992;N41.3664;12;
3;USA;Connecticut;New London;Exeter;W72.2642;N41.6197;12;
3;USA;Connecticut;New London;Fitch Corner;W72.1056;N41.4547;12;
3;USA;Connecticut;New London;Fitchville;W72.1539;N41.5647;12;
3;USA;Connecticut;New London;Flanders;W72.2175;N41.3689;12;
3;USA;Connecticut;New London;Fort Trumbull;W72.0931;N41.3436;12;
3;USA;Connecticut;New London;Four Corners;W72.1947;N41.4494;12;
3;USA;Connecticut;New London;Franklin;W72.1458;N41.6089;12;
3;USA;Connecticut;New London;Gales Ferry;W72.0819;N41.4297;12;
3;USA;Connecticut;New London;Giants Neck;W72.2325;N41.3003;12;
3;USA;Connecticut;New London;Gilman;W72.1992;N41.5769;12;
3;USA;Connecticut;New London;Glasgo;W71.8881;N41.5558;12;
3;USA;Connecticut;New London;Golden Hill Paugussett Indian Reservation;W72.2672;N41.5542;12;
3;USA;Connecticut;New London;Golden Spur;W72.1964;N41.3692;12;
3;USA;Connecticut;New London;Graniteville;W72.1536;N41.335;12;
3;USA;Connecticut;New London;Greenville;W72.0572;N41.5336;12;
3;USA;Connecticut;New London;Groton Long Point;W72.0078;N41.3144;12;
3;USA;Connecticut;New London;Groton;W72.0783;N41.35;12;
3;USA;Connecticut;New London;Hadlyme;W72.4064;N41.4203;12;
3;USA;Connecticut;New London;Hallville;W72.0331;N41.4933;12;
3;USA;Connecticut;New London;Hamburg;W72.35;N41.3844;12;
3;USA;Connecticut;New London;Hanover;W72.0653;N41.6425;12;
3;USA;Connecticut;New London;Happyland;W72.0644;N41.4728;12;
3;USA;Connecticut;New London;Harrisons;W72.1003;N41.3867;12;
3;USA;Connecticut;New London;Hawks Nest Beach;W72.2833;N41.2833;12;
3;USA;Connecticut;New London;Heilwield Corner;W72.2506;N41.5128;12;
3;USA;Connecticut;New London;Hopeville;W71.9383;N41.6125;12;
3;USA;Connecticut;New London;Jericho;W72.2983;N41.3367;12;
3;USA;Connecticut;New London;Jewett City;W71.9808;N41.6067;12;
3;USA;Connecticut;New London;Jordan;W72.1442;N41.3392;12;
3;USA;Connecticut;New London;Kitemaug;W72.0883;N41.4456;12;
3;USA;Connecticut;New London;Laurel Glen;W71.8147;N41.4722;12;
3;USA;Connecticut;New London;Laysville;W72.2983;N41.3486;12;
3;USA;Connecticut;New London;Lebanon;W72.2125;N41.6361;12;
3;USA;Connecticut;New London;Ledyard Center;W72.0142;N41.4397;12;
3;USA;Connecticut;New London;Liberty Hill;W72.2547;N41.6656;12;
3;USA;Connecticut;New London;Long Hill;W72.0522;N41.3539;12;
3;USA;Connecticut;New London;Lords Point;W71.9269;N41.3358;12;
3;USA;Connecticut;New London;Lyme Station;W72.3267;N41.3017;12;
3;USA;Connecticut;New London;Manitock Spring;W72.1617;N41.3528;12;
3;USA;Connecticut;New London;Massapeag;W72.0808;N41.4578;12;
3;USA;Connecticut;New London;Miami Shores;W72.2775;N41.2844;12;
3;USA;Connecticut;New London;Midway;W72.0333;N41.3414;12;
3;USA;Connecticut;New London;Milestone Corner;W72.2747;N41.515;12;
3;USA;Connecticut;New London;Millstone;W72.1664;N41.3108;12;
3;USA;Connecticut;New London;Mohegan;W72.0997;N41.4767;12;
3;USA;Connecticut;New London;Montville Center;W72.1511;N41.4789;12;
3;USA;Connecticut;New London;Morningside Park;W72.1272;N41.3481;12;
3;USA;Connecticut;New London;Mystic Seaport;W71.9664;N41.3611;12;
3;USA;Connecticut;New London;Mystic;W71.9664;N41.3542;12;
3;USA;Connecticut;New London;New London;W72.0994;N41.3556;12;
3;USA;Connecticut;New London;Newent;W72.0178;N41.6044;12;
3;USA;Connecticut;New London;Niantic;W72.1931;N41.3253;12;
3;USA;Connecticut;New London;Noank;W71.9906;N41.3278;12;
3;USA;Connecticut;New London;North Franklin;W72.1633;N41.6333;12;
3;USA;Connecticut;New London;North Lyme;W72.3367;N41.4119;12;
3;USA;Connecticut;New London;North Stonington;W71.8811;N41.4408;12;
3;USA;Connecticut;New London;North Westchester;W72.4011;N41.5808;12;
3;USA;Connecticut;New London;Norwich;W72.0758;N41.5242;12;
3;USA;Connecticut;New London;Norwichtown;W72.1053;N41.5531;12;
3;USA;Connecticut;New London;Oakdale;W72.1572;N41.4661;12;
3;USA;Connecticut;New London;Occum;W72.0506;N41.595;12;
3;USA;Connecticut;New London;Old Lyme Shores;W72.2747;N41.2903;12;
3;USA;Connecticut;New London;Old Lyme;W72.3289;N41.3158;12;
3;USA;Connecticut;New London;Old Mystic;W71.9617;N41.3914;12;
3;USA;Connecticut;New London;Osprey Beach;W72.0936;N41.3156;12;
3;USA;Connecticut;New London;Oswegatchie;W72.1761;N41.355;12;
3;USA;Connecticut;New London;Pachaug;W71.9406;N41.5842;12;
3;USA;Connecticut;New London;Palmertown;W72.1308;N41.4475;12;
3;USA;Connecticut;New London;Pawcatuck;W71.8336;N41.3772;12;
3;USA;Connecticut;New London;Pequot Indian Reservation;W71.9708;N41.4572;12;
3;USA;Connecticut;New London;Pequot Village;W72.0564;N41.3453;12;
3;USA;Connecticut;New London;Pine Grove;W72.185;N41.3361;12;
3;USA;Connecticut;New London;Pleasant Valley;W72.0733;N41.3714;12;
3;USA;Connecticut;New London;Pleasure Beach;W72.1453;N41.31;12;
3;USA;Connecticut;New London;Point O'Woods;W72.2544;N41.2931;12;
3;USA;Connecticut;New London;Poquetanuck;W72.0403;N41.4864;12;
3;USA;Connecticut;New London;Poquonock Bridge;W72.0247;N41.345;12;
3;USA;Connecticut;New London;Preston City;W71.9739;N41.5289;12;
3;USA;Connecticut;New London;Quaker Hill;W72.1058;N41.4033;12;
3;USA;Connecticut;New London;Quakertown;W72.0042;N41.41;12;
3;USA;Connecticut;New London;Ridgewood;W72.1042;N41.3125;12;
3;USA;Connecticut;New London;Salem;W72.2753;N41.4903;12;
3;USA;Connecticut;New London;Sandy Point;W72.1839;N41.3483;12;
3;USA;Connecticut;New London;Saunders Point;W72.1856;N41.3408;12;
3;USA;Connecticut;New London;Seaside;W72.1289;N41.3039;12;
3;USA;Connecticut;New London;Seaside;W72.1325;N41.3039;12;
3;USA;Connecticut;New London;Shewville;W71.9944;N41.4883;12;
3;USA;Connecticut;New London;Silver Falls;W72.22;N41.4125;12;
3;USA;Connecticut;New London;Smith Corner;W72.1289;N41.5914;12;
3;USA;Connecticut;New London;Sound View;W72.2875;N41.2889;12;
3;USA;Connecticut;New London;South Lyme;W72.2583;N41.3053;12;
3;USA;Connecticut;New London;Sterling City;W72.3392;N41.3836;12;
3;USA;Connecticut;New London;Stonington;W71.9058;N41.3358;12;
3;USA;Connecticut;New London;Taftville;W72.0472;N41.5697;12;
3;USA;Connecticut;New London;Thames View;W72.1089;N41.3944;12;
3;USA;Connecticut;New London;Thamesville;W72.0881;N41.51;12;
3;USA;Connecticut;New London;Town Landing;W72.3278;N41.2958;12;
3;USA;Connecticut;New London;Trails Corner;W72.0572;N41.3414;12;
3;USA;Connecticut;New London;Uncasville;W72.1097;N41.4344;12;
3;USA;Connecticut;New London;Versailles;W72.0372;N41.6017;12;
3;USA;Connecticut;New London;Village Hill;W72.2381;N41.6831;12;
3;USA;Connecticut;New London;Voluntown;W71.8703;N41.5706;12;
3;USA;Connecticut;New London;Wequetequock;W71.8792;N41.3589;12;
3;USA;Connecticut;New London;West Mystic;W71.9819;N41.3506;12;
3;USA;Connecticut;New London;Westchester;W72.4119;N41.5506;12;
3;USA;Connecticut;New London;White Sands Beach;W72.3042;N41.2833;12;
3;USA;Connecticut;New London;Williams Crossing;W72.1583;N41.6567;12;
3;USA;Connecticut;New London;Yantic;W72.1236;N41.5597;12;
3;USA;Connecticut;Tolland;Amston;W72.3431;N41.6253;12;
3;USA;Connecticut;Tolland;Andover;W72.3703;N41.7372;12;
3;USA;Connecticut;Tolland;Atwoodville;W72.1744;N41.7847;12;
3;USA;Connecticut;Tolland;Bolton;W72.4333;N41.7689;12;
3;USA;Connecticut;Tolland;Chaffeeville;W72.2083;N41.7947;12;
3;USA;Connecticut;Tolland;Columbia;W72.3011;N41.7019;12;
3;USA;Connecticut;Tolland;Conantville;W72.2019;N41.7386;12;
3;USA;Connecticut;Tolland;Coventry Lake;W72.3325;N41.7722;12;
3;USA;Connecticut;Tolland;Coventry;W72.305;N41.77;12;
3;USA;Connecticut;Tolland;Crystal Lake;W72.3783;N41.9317;12;
3;USA;Connecticut;Tolland;Eagleville;W72.2764;N41.7867;12;
3;USA;Connecticut;Tolland;East Willington;W72.2369;N41.8736;12;
3;USA;Connecticut;Tolland;Ellington;W72.4697;N41.9039;12;
3;USA;Connecticut;Tolland;Ellithorpe;W72.3139;N41.995;12;
3;USA;Connecticut;Tolland;Gilead;W72.4083;N41.6733;12;
3;USA;Connecticut;Tolland;Gurleyville;W72.2211;N41.8142;12;
3;USA;Connecticut;Tolland;Hebron;W72.3658;N41.6578;12;
3;USA;Connecticut;Tolland;Hope Valley;W72.375;N41.6336;12;
3;USA;Connecticut;Tolland;Hydeville;W72.2761;N41.9931;12;
3;USA;Connecticut;Tolland;Lake View Terrace;W72.3667;N41.9469;12;
3;USA;Connecticut;Tolland;Mansfield Center;W72.1981;N41.7653;12;
3;USA;Connecticut;Tolland;Mansfield City;W72.2336;N41.7658;12;
3;USA;Connecticut;Tolland;Mansfield Depot;W72.3064;N41.8014;12;
3;USA;Connecticut;Tolland;Mansfield Four Corners;W72.2661;N41.8272;12;
3;USA;Connecticut;Tolland;Mansfield Hollow;W72.1858;N41.7575;12;
3;USA;Connecticut;Tolland;Mashapaug;W72.1381;N42.0272;12;
3;USA;Connecticut;Tolland;Merrow;W72.3103;N41.8244;12;
3;USA;Connecticut;Tolland;North Coventry;W72.3717;N41.7983;12;
3;USA;Connecticut;Tolland;North Somers;W72.4481;N42.0161;12;
3;USA;Connecticut;Tolland;Orcutts;W72.3217;N41.9767;12;
3;USA;Connecticut;Tolland;Quarryville;W72.4211;N41.8644;12;
3;USA;Connecticut;Tolland;Rockville;W72.4494;N41.8667;12;
3;USA;Connecticut;Tolland;Somers;W72.4461;N41.9853;12;
3;USA;Connecticut;Tolland;Somersville;W72.4878;N41.9828;12;
3;USA;Connecticut;Tolland;South Coventry;W72.305;N41.77;12;
3;USA;Connecticut;Tolland;South Willington;W72.3014;N41.8553;12;
3;USA;Connecticut;Tolland;Spring Hill;W72.2239;N41.7869;12;
3;USA;Connecticut;Tolland;Stafford Springs;W72.3022;N41.9542;12;
3;USA;Connecticut;Tolland;Stafford;W72.2889;N41.9847;12;
3;USA;Connecticut;Tolland;Staffordville;W72.2586;N41.9939;12;
3;USA;Connecticut;Tolland;Storrs;W72.2494;N41.8083;12;
3;USA;Connecticut;Tolland;Talcottville;W72.5006;N41.8186;12;
3;USA;Connecticut;Tolland;Tolland;W72.3686;N41.8714;12;
3;USA;Connecticut;Tolland;Union;W72.1572;N41.9908;12;
3;USA;Connecticut;Tolland;Vernon Center;W72.4719;N41.8369;12;
3;USA;Connecticut;Tolland;Vernon;W72.4794;N41.8186;12;
3;USA;Connecticut;Tolland;West Stafford;W72.355;N41.9706;12;
3;USA;Connecticut;Tolland;West Willington;W72.3019;N41.8811;12;
3;USA;Connecticut;Tolland;Willington Hill;W72.2639;N41.875;12;
3;USA;Connecticut;Tolland;Windermere;W72.4842;N41.8778;12;
3;USA;Connecticut;Tolland;Wormwood Hill;W72.195;N41.8222;12;
3;USA;Connecticut;Windham;Abington;W72.0067;N41.8606;12;
3;USA;Connecticut;Windham;Almyville;W71.8661;N41.7181;12;
3;USA;Connecticut;Windham;Ashford;W72.1214;N41.8731;12;
3;USA;Connecticut;Windham;Attawaugan;W71.8811;N41.8672;12;
3;USA;Connecticut;Windham;Ballouville;W71.8611;N41.8767;12;
3;USA;Connecticut;Windham;Bedlam Corner;W72.1544;N41.7797;12;
3;USA;Connecticut;Windham;Brooklyn;W71.9497;N41.7881;12;
3;USA;Connecticut;Windham;Canterbury;W71.9708;N41.6983;12;
3;USA;Connecticut;Windham;Central Village;W71.9067;N41.7228;12;
3;USA;Connecticut;Windham;Chaplin;W72.1272;N41.7947;12;
3;USA;Connecticut;Windham;Clarks Corner;W72.0925;N41.7681;12;
3;USA;Connecticut;Windham;Danielson;W71.8858;N41.8025;12;
3;USA;Connecticut;Windham;Dayville;W71.8875;N41.8464;12;
3;USA;Connecticut;Windham;East Brooklyn;W71.8972;N41.7967;12;
3;USA;Connecticut;Windham;East Killingly;W71.8186;N41.8492;12;
3;USA;Connecticut;Windham;East Putnam;W71.8167;N41.9136;12;
3;USA;Connecticut;Windham;East Thompson;W71.8086;N42.0089;12;
3;USA;Connecticut;Windham;East Woodstock;W71.9772;N41.9836;12;
3;USA;Connecticut;Windham;Eastford;W72.0797;N41.9019;12;
3;USA;Connecticut;Windham;Ekonk;W71.8475;N41.6456;12;
3;USA;Connecticut;Windham;Elliotts;W72.0117;N41.8333;12;
3;USA;Connecticut;Windham;Elmville;W71.8764;N41.8314;12;
3;USA;Connecticut;Windham;Fabyan;W71.9397;N42.0136;12;
3;USA;Connecticut;Windham;Grosvenor Dale;W71.8947;N41.9683;12;
3;USA;Connecticut;Windham;Hampton;W72.0547;N41.7839;12;
3;USA;Connecticut;Windham;Hamptonville;W72.0467;N41.7967;12;
3;USA;Connecticut;Windham;Harrisville;W71.9367;N41.9261;12;
3;USA;Connecticut;Windham;Kenyonville;W72.0825;N41.9294;12;
3;USA;Connecticut;Windham;Killingly Center;W71.8692;N41.8386;12;
3;USA;Connecticut;Windham;Mechanicsville;W71.8936;N41.94;12;
3;USA;Connecticut;Windham;Moosup;W71.8808;N41.7128;12;
3;USA;Connecticut;Windham;Mount Hope;W72.1708;N41.8239;12;
3;USA;Connecticut;Windham;North Ashford;W72.1047;N41.9542;12;
3;USA;Connecticut;Windham;North Grosvenor Dale;W71.8986;N41.9856;12;
3;USA;Connecticut;Windham;North Windham;W72.1544;N41.7494;12;
3;USA;Connecticut;Windham;North Woodstock;W71.9969;N41.9903;12;
3;USA;Connecticut;Windham;Oneco;W71.8083;N41.6936;12;
3;USA;Connecticut;Windham;Packer;W71.9522;N41.6664;12;
3;USA;Connecticut;Windham;Perkins Corner;W72.2594;N41.7394;12;
3;USA;Connecticut;Windham;Phoenixville;W72.0858;N41.8769;12;
3;USA;Connecticut;Windham;Pineville;W71.8511;N41.8828;12;
3;USA;Connecticut;Windham;Plainfield;W71.915;N41.6764;12;
3;USA;Connecticut;Windham;Pomfret Center;W71.9619;N41.8872;12;
3;USA;Connecticut;Windham;Pomfret Landing;W71.9358;N41.8494;12;
3;USA;Connecticut;Windham;Pomfret;W71.9625;N41.8975;12;
3;USA;Connecticut;Windham;Putnam Heights;W71.8681;N41.8922;12;
3;USA;Connecticut;Windham;Putnam;W71.9089;N41.915;12;
3;USA;Connecticut;Windham;Quaddick;W71.8206;N41.9383;12;
3;USA;Connecticut;Windham;Quebec;W71.8878;N41.7992;12;
3;USA;Connecticut;Windham;Quinebaug;W71.9497;N42.0236;12;
3;USA;Connecticut;Windham;Rawson;W72.0692;N41.8069;12;
3;USA;Connecticut;Windham;Rogers;W71.9061;N41.8403;12;
3;USA;Connecticut;Windham;Roseland Park;W71.9561;N41.9503;12;
3;USA;Connecticut;Windham;Scotland;W72.0814;N41.6983;12;
3;USA;Connecticut;Windham;Sherman Corner;W72.1361;N41.77;12;
3;USA;Connecticut;Windham;South Chaplin;W72.1311;N41.7767;12;
3;USA;Connecticut;Windham;South Killingly;W71.8331;N41.7911;12;
3;USA;Connecticut;Windham;South Windham;W72.1703;N41.6794;12;
3;USA;Connecticut;Windham;South Woodstock;W71.9594;N41.9389;12;
3;USA;Connecticut;Windham;Sterling;W71.8286;N41.7075;12;
3;USA;Connecticut;Windham;Stetson Corner;W72.0075;N41.7861;12;
3;USA;Connecticut;Windham;Thompson;W71.8625;N41.9586;12;
3;USA;Connecticut;Windham;Warrenville;W72.1625;N41.8633;12;
3;USA;Connecticut;Windham;Wauregan Station;W71.8958;N41.7414;12;
3;USA;Connecticut;Windham;Wauregan;W71.9092;N41.7442;12;
3;USA;Connecticut;Windham;West Ashford;W72.1783;N41.8567;12;
3;USA;Connecticut;Windham;West Thompson;W71.9108;N41.945;12;
3;USA;Connecticut;Windham;West Wauregan;W71.9156;N41.7486;12;
3;USA;Connecticut;Windham;West Woodstock;W72.0453;N41.9544;12;
3;USA;Connecticut;Windham;Westford;W72.1761;N41.9203;12;
3;USA;Connecticut;Windham;Westminster;W72.0181;N41.7094;12;
3;USA;Connecticut;Windham;Willimantic;W72.2081;N41.7106;12;
3;USA;Connecticut;Windham;Wilsonville;W71.89;N42.0122;12;
3;USA;Connecticut;Windham;Windham;W72.1569;N41.6997;12;
3;USA;Connecticut;Windham;Woodstock Valley;W72.0717;N41.9408;12;
3;USA;Connecticut;Windham;Woodstock;W71.9739;N41.9483;12;
3;USA;Massachusetts;Berkshire;Clayton;W73.2869;N42.0431;12;
3;USA;Massachusetts;Hampden;State Line;W72.3219;N42.0319;12;
3;USA;New York;Westchester;Banksville;W73.6394;N41.1411;12;
