"Level";"Country";"State";"County";"Place";"Longitude";"Latitude";"ZoomLevel";"Icon"
2;NLD;Noord-Brabant;'s-Hertogenbosch;;E5.367;N51.719;12;places/NLD/flags/NB/'s-Hertogenbosch.gif
3;NLD;Noord-Brabant;'s-Hertogenbosch;'s-Hertogenbosch;E5.303;N51.693;12;
3;NLD;Noord-Brabant;'s-Hertogenbosch;Bokhoven;E5.231;N51.737;13;
3;NLD;Noord-Brabant;'s-Hertogenbosch;Coudewater;E5.366;N51.702;13;
3;NLD;Noord-Brabant;'s-Hertogenbosch;Den Bosch;E5.309;N51.694;12;
3;NLD;Noord-Brabant;'s-Hertogenbosch;Empel;E5.327;N51.731;12;
3;NLD;Noord-Brabant;'s-Hertogenbosch;Engelen;E5.267;N51.717;12;
3;NLD;Noord-Brabant;'s-Hertogenbosch;Hintham;E5.343;N51.699;12;
3;NLD;Noord-Brabant;'s-Hertogenbosch;Kruisstraat;E5.397;N51.729;12;
3;NLD;Noord-Brabant;'s-Hertogenbosch;Maliskamp;E5.383;N51.700;13;
3;NLD;Noord-Brabant;'s-Hertogenbosch;Meerwijk;E5.333;N51.733;13;
3;NLD;Noord-Brabant;'s-Hertogenbosch;Orthen;E5.305;N51.704;12;
3;NLD;Noord-Brabant;'s-Hertogenbosch;Rosmalen;E5.367;N51.717;12;
2;NLD;Noord-Brabant;Aalburg;;E5.128;N51.760;12;places/NLD/flags/NB/Aalburg.gif
3;NLD;Noord-Brabant;Aalburg;Aalburg;E5.133;N51.751;13;
3;NLD;Noord-Brabant;Aalburg;Babyloniënbroek;E5.019;N51.744;13;
3;NLD;Noord-Brabant;Aalburg;Biesheuvel;E5.052;N51.761;13;
3;NLD;Noord-Brabant;Aalburg;Drongelen;E5.051;N51.715;12;
3;NLD;Noord-Brabant;Aalburg;Eethen;E5.052;N51.730;12;
3;NLD;Noord-Brabant;Aalburg;Genderen;E5.090;N51.736;13;
3;NLD;Noord-Brabant;Aalburg;Meeuwen;E5.013;N51.728;13;
3;NLD;Noord-Brabant;Aalburg;Veen;E5.110;N51.779;12;
3;NLD;Noord-Brabant;Aalburg;Wijk en Aalburg;E5.128;N51.756;12;
2;NLD;Noord-Brabant;Alphen-Chaam;;E4.869;N51.516;11;places/NLD/flags/NB/Alphen-Chaam.gif
3;NLD;Noord-Brabant;Alphen-Chaam;'t Zand;;;12;
3;NLD;Noord-Brabant;Alphen-Chaam;Alphen;E4.960;N51.482;12;
3;NLD;Noord-Brabant;Alphen-Chaam;Alphen en Riel;;;12;
3;NLD;Noord-Brabant;Alphen-Chaam;Alphen-Boshoven;E4.950;N51.467;13;
3;NLD;Noord-Brabant;Alphen-Chaam;Alphen-Oosterwijk;E4.983;N51.500;13;
3;NLD;Noord-Brabant;Alphen-Chaam;Balleman;E4.767;N51.517;13;
3;NLD;Noord-Brabant;Alphen-Chaam;Boslust;E4.967;N51.483;13;
3;NLD;Noord-Brabant;Alphen-Chaam;Chaam;E4.859;N51.506;12;
3;NLD;Noord-Brabant;Alphen-Chaam;Chaamdijk;E4.833;N51.500;13;
3;NLD;Noord-Brabant;Alphen-Chaam;Couwelaar;E4.800;N51.533;13;
3;NLD;Noord-Brabant;Alphen-Chaam;Dassemus;E4.850;N51.517;13;
3;NLD;Noord-Brabant;Alphen-Chaam;Druisdijk;E4.983;N51.517;13;
3;NLD;Noord-Brabant;Alphen-Chaam;Galder;E4.774;N51.515;13;
3;NLD;Noord-Brabant;Alphen-Chaam;Geersbroek;E4.817;N51.550;13;
3;NLD;Noord-Brabant;Alphen-Chaam;Ginderdoor;E4.833;N51.500;13;
3;NLD;Noord-Brabant;Alphen-Chaam;Grazen;E4.833;N51.500;13;
3;NLD;Noord-Brabant;Alphen-Chaam;Heerstaaien;E4.783;N51.517;13;
3;NLD;Noord-Brabant;Alphen-Chaam;Heikant;E4.883;N51.517;13;
3;NLD;Noord-Brabant;Alphen-Chaam;Hondseind;;;12;
3;NLD;Noord-Brabant;Alphen-Chaam;Houtgoor;E4.867;N51.500;13;
3;NLD;Noord-Brabant;Alphen-Chaam;Kalishoek;E4.871;N51.522;13;
3;NLD;Noord-Brabant;Alphen-Chaam;Klooster;E4.867;N51.533;13;
3;NLD;Noord-Brabant;Alphen-Chaam;Kwaalburg;E4.933;N51.467;13;
3;NLD;Noord-Brabant;Alphen-Chaam;Leg;E4.867;N51.500;13;
3;NLD;Noord-Brabant;Alphen-Chaam;Looneind;E4.983;N51.500;13;
3;NLD;Noord-Brabant;Alphen-Chaam;Meijsberg;E4.883;N51.500;13;
3;NLD;Noord-Brabant;Alphen-Chaam;Notsel;E4.784;N51.531;13;
3;NLD;Noord-Brabant;Alphen-Chaam;Rakens;E4.833;N51.533;13;
3;NLD;Noord-Brabant;Alphen-Chaam;Sas;E4.983;N51.467;13;
3;NLD;Noord-Brabant;Alphen-Chaam;Snijders-Chaam;E4.850;N51.533;13;
3;NLD;Noord-Brabant;Alphen-Chaam;Strijbeek;E4.800;N51.500;12;
3;NLD;Noord-Brabant;Alphen-Chaam;Terover;E4.967;N51.467;13;
3;NLD;Noord-Brabant;Alphen-Chaam;Venweg;;;12;
2;NLD;Noord-Brabant;Asten;;E5.746;N51.406;12;places/NLD/flags/NB/Asten.gif
3;NLD;Noord-Brabant;Asten;Asten;E5.746;N51.402;12;
3;NLD;Noord-Brabant;Asten;Heusden;E5.764;N51.383;12;
3;NLD;Noord-Brabant;Asten;Ommel;E5.746;N51.423;13;
2;NLD;Noord-Brabant;Baarle-Nassau;;E4.856;N51.438;11;places/NLD/flags/NB/Baarle-Nassau.gif
3;NLD;Noord-Brabant;Baarle-Nassau;Baarle-Nassau;E4.929;N51.446;13;
3;NLD;Noord-Brabant;Baarle-Nassau;Castelre;E4.779;N51.425;13;
3;NLD;Noord-Brabant;Baarle-Nassau;Ulicoten;E4.856;N51.457;12;
2;NLD;Noord-Brabant;Bergeijk;;E5.400;N51.330;11;places/NLD/flags/NB/Bergeijk.gif
3;NLD;Noord-Brabant;Bergeijk;Bergeijk;E5.358;N51.320;12;
3;NLD;Noord-Brabant;Bergeijk;Boscheind;E5.300;N51.283;13;
3;NLD;Noord-Brabant;Bergeijk;Braambosch;E5.417;N51.350;13;
3;NLD;Noord-Brabant;Bergeijk;Broekhoven;E5.383;N51.367;13;
3;NLD;Noord-Brabant;Bergeijk;Hof;E5.367;N51.317;13;
3;NLD;Noord-Brabant;Bergeijk;Loo;E5.34;N51.309;13;
3;NLD;Noord-Brabant;Bergeijk;Loveren;E5.417;N51.333;13;
3;NLD;Noord-Brabant;Bergeijk;Luyksgestel;E5.324;N51.290;12;
3;NLD;Noord-Brabant;Bergeijk;Riethoven;E5.383;N51.350;12;
3;NLD;Noord-Brabant;Bergeijk;Rijt;E5.317;N51.300;13;
3;NLD;Noord-Brabant;Bergeijk;Sengelsbroek;E5.333;N51.283;13;
3;NLD;Noord-Brabant;Bergeijk;Walik;E5.370;N51.359;13;
3;NLD;Noord-Brabant;Bergeijk;Weebosch;E5.297;N51.307;13;
3;NLD;Noord-Brabant;Bergeijk;Westerhoven;E5.400;N51.333;12;
2;NLD;Noord-Brabant;Bergen op Zoom;;E4.287;N51.517;11;places/NLD/flags/NB/Bergen_op_Zoom.gif
3;NLD;Noord-Brabant;Bergen op Zoom;Bergen op Zoom;E4.288;N51.494;12;
3;NLD;Noord-Brabant;Bergen op Zoom;Borgvliet;;;12;
3;NLD;Noord-Brabant;Bergen op Zoom;Halsteren;E4.270;N51.527;12;
3;NLD;Noord-Brabant;Bergen op Zoom;Heimolen;E4.333;N51.467;13;
3;NLD;Noord-Brabant;Bergen op Zoom;Kladde;E4.263;N51.557;13;
3;NLD;Noord-Brabant;Bergen op Zoom;Klutsdorp;E4.295;N51.551;13;
3;NLD;Noord-Brabant;Bergen op Zoom;Lepelstraat;E4.276;N51.548;13;
3;NLD;Noord-Brabant;Bergen op Zoom;Vrederust;;;12;
2;NLD;Noord-Brabant;Bernheze;;E5.567;N51.689;11;places/NLD/flags/NB/Bernheze.gif
3;NLD;Noord-Brabant;Bernheze;Dinther;E5.484;N51.647;12;
3;NLD;Noord-Brabant;Bernheze;Heesch;E5.529;N51.733;12;
3;NLD;Noord-Brabant;Bernheze;Heeswijk;E5.471;N51.651;13;
3;NLD;Noord-Brabant;Bernheze;Loosbroek;E5.511;N51.678;12;
3;NLD;Noord-Brabant;Bernheze;Nistelrode;E5.562;N51.702;12;
3;NLD;Noord-Brabant;Bernheze;Vinkel;E5.461;N51.704;12;
3;NLD;Noord-Brabant;Bernheze;Vorstenbosch;E5.550;N51.650;12;
3;NLD;Noord-Brabant;Bernheze;Zevenbergen;E5.567;N51.733;13;
2;NLD;Noord-Brabant;Best;;E5.417;N51.524;12;places/NLD/flags/NB/Best.gif
3;NLD;Noord-Brabant;Best;Aarle;E5.367;N51.517;13;
3;NLD;Noord-Brabant;Best;Best;E5.394;N51.509;12;
3;NLD;Noord-Brabant;Best;Vleut;E5.417;N51.533;13;
2;NLD;Noord-Brabant;Bladel;;E5.206;N51.387;12;places/NLD/flags/NB/Bladel.gif
3;NLD;Noord-Brabant;Bladel;Bladel;E5.217;N51.367;12;
3;NLD;Noord-Brabant;Bladel;Casteren;E5.238;N51.396;12;
3;NLD;Noord-Brabant;Bladel;Hapert;E5.250;N51.367;12;
3;NLD;Noord-Brabant;Bladel;Hoogeloon;E5.268;N51.397;12;
3;NLD;Noord-Brabant;Bladel;Netersel;E5.206;N51.403;12;
2;NLD;Noord-Brabant;Boekel;;E5.740;N51.609;12;places/NLD/flags/NB/Boekel.gif
3;NLD;Noord-Brabant;Boekel;Boekel;E5.673;N51.601;12;
3;NLD;Noord-Brabant;Boekel;Venhorst;E5.740;N51.608;12;
2;NLD;Noord-Brabant;Boxmeer;;E5.971;N51.623;11;places/NLD/flags/NB/Boxmeer.gif
3;NLD;Noord-Brabant;Boxmeer;Beugen;E5.937;N51.672;13;
3;NLD;Noord-Brabant;Boxmeer;Boxmeer;E5.947;N51.647;12;
3;NLD;Noord-Brabant;Boxmeer;Groeningen;E5.997;N51.607;13;
3;NLD;Noord-Brabant;Boxmeer;Hank;;;13;
3;NLD;Noord-Brabant;Boxmeer;Holthees;E6.002;N51.573;13;
3;NLD;Noord-Brabant;Boxmeer;Maashees;E6.033;N51.572;13;
3;NLD;Noord-Brabant;Boxmeer;Oeffelt;E5.934;N51.697;13;
3;NLD;Noord-Brabant;Boxmeer;Overloon;E5.945;N51.569;12;
3;NLD;Noord-Brabant;Boxmeer;Rijkevoort;E5.888;N51.655;12;
3;NLD;Noord-Brabant;Boxmeer;Sambeek;E5.967;N51.633;12;
3;NLD;Noord-Brabant;Boxmeer;Vierlingsbeek;E6.008;N51.596;13;
3;NLD;Noord-Brabant;Boxmeer;Vortum-Mullem;E5.971;N51.618;13;
2;NLD;Noord-Brabant;Boxtel;;E5.373;N51.592;12;places/NLD/flags/NB/Boxtel.gif
3;NLD;Noord-Brabant;Boxtel;Boxtel;E5.327;N51.587;12;
3;NLD;Noord-Brabant;Boxtel;Breukelen;E5.317;N51.583;13;
3;NLD;Noord-Brabant;Boxtel;Gemonde;E5.358;N51.619;12;
3;NLD;Noord-Brabant;Boxtel;Lennisheuvel;E5.314;N51.571;13;
3;NLD;Noord-Brabant;Boxtel;Liempde;E5.373;N51.567;12;
2;NLD;Noord-Brabant;Breda;;E4.800;N51.577;11;places/NLD/flags/NB/Breda.gif
3;NLD;Noord-Brabant;Breda;Bavel;E4.830;N51.564;12;
3;NLD;Noord-Brabant;Breda;Bolberg;E4.850;N51.567;13;
3;NLD;Noord-Brabant;Breda;Breda;E4.774;N51.585;12;
3;NLD;Noord-Brabant;Breda;De Rith;;;12;
3;NLD;Noord-Brabant;Breda;Diunt;E4.750;N51.517;13;
3;NLD;Noord-Brabant;Breda;Effen;E4.732;N51.552;13;
3;NLD;Noord-Brabant;Breda;Eikberg;E4.833;N51.567;13;
3;NLD;Noord-Brabant;Breda;Ginneken;E4.783;N51.567;12;
3;NLD;Noord-Brabant;Breda;Haagse Beemden;E4.750;N51.617;13;
3;NLD;Noord-Brabant;Breda;Hoeveneind;E4.817;N51.617;13;
3;NLD;Noord-Brabant;Breda;IJpelaar;E4.801;N51.574;13;
3;NLD;Noord-Brabant;Breda;IJpelaarseind;E4.833;N51.567;13;
3;NLD;Noord-Brabant;Breda;Kerkeind;E4.833;N51.567;13;
3;NLD;Noord-Brabant;Breda;Lage Aard;E4.867;N51.567;13;
3;NLD;Noord-Brabant;Breda;Lies;E4.717;N51.583;13;
3;NLD;Noord-Brabant;Breda;Lijndonk;E4.867;N51.567;13;
3;NLD;Noord-Brabant;Breda;Nieuw-Ginneken;;;12;
3;NLD;Noord-Brabant;Breda;Pennendijk;E4.800;N51.550;13;
3;NLD;Noord-Brabant;Breda;Princenhage;E4.740;N51.575;12;
3;NLD;Noord-Brabant;Breda;Prinsenbeek;E4.717;N51.600;12;
3;NLD;Noord-Brabant;Breda;Roosberg;E4.817;N51.567;13;
3;NLD;Noord-Brabant;Breda;Strikberg;E4.783;N51.617;13;
3;NLD;Noord-Brabant;Breda;Tervoort;E4.833;N51.583;13;
3;NLD;Noord-Brabant;Breda;Teteringen;E4.818;N51.611;12;
3;NLD;Noord-Brabant;Breda;Ulvenhout;E4.800;N51.550;12;
2;NLD;Noord-Brabant;Cranendonck;;E5.567;N51.274;11;places/NLD/flags/NB/Cranendonck.gif
3;NLD;Noord-Brabant;Cranendonck;Berg;E5.550;N51.283;13;
3;NLD;Noord-Brabant;Cranendonck;Bosch;E5.600;N51.267;13;
3;NLD;Noord-Brabant;Cranendonck;Broekkant;E5.600;N51.283;12;
3;NLD;Noord-Brabant;Cranendonck;Budel;E5.572;N51.272;12;
3;NLD;Noord-Brabant;Cranendonck;Budel-Dorplein;E5.568;N51.240;12;
3;NLD;Noord-Brabant;Cranendonck;Budel-Schoot;E5.567;N51.249;13;
3;NLD;Noord-Brabant;Cranendonck;Dorplein;E5.570;N51.240;12;
3;NLD;Noord-Brabant;Cranendonck;Gastel;E5.555;N51.286;12;
3;NLD;Noord-Brabant;Cranendonck;Heikant;E5.583;N51.267;13;
3;NLD;Noord-Brabant;Cranendonck;Keunenhoek;E5.583;N51.283;13;
3;NLD;Noord-Brabant;Cranendonck;Klein-Schoot;E5.583;N51.250;13;
3;NLD;Noord-Brabant;Cranendonck;Locht;E5.567;N51.250;13;
3;NLD;Noord-Brabant;Cranendonck;Maarheeze;E5.616;N51.310;12;
3;NLD;Noord-Brabant;Cranendonck;Meemortel;;;12;
3;NLD;Noord-Brabant;Cranendonck;Midbuul;E5.567;N51.267;13;
3;NLD;Noord-Brabant;Cranendonck;Schoordijk;E5.583;N51.283;13;
3;NLD;Noord-Brabant;Cranendonck;Soerendonk;E5.575;N51.302;13;
3;NLD;Noord-Brabant;Cranendonck;Toom;E5.567;N51.267;13;
2;NLD;Noord-Brabant;Cuijk;;E5.858;N51.717;11;places/NLD/flags/NB/Cuijk.gif
3;NLD;Noord-Brabant;Cuijk;Beers;E5.826;N51.726;13;
3;NLD;Noord-Brabant;Cuijk;Cuijk;E5.874;N51.730;12;
3;NLD;Noord-Brabant;Cuijk;Gassel;E5.781;N51.741;13;
3;NLD;Noord-Brabant;Cuijk;Haps;E5.861;N51.688;12;
3;NLD;Noord-Brabant;Cuijk;Katwijk;E5.867;N51.750;13;
3;NLD;Noord-Brabant;Cuijk;Linden;E5.853;N51.749;12;
3;NLD;Noord-Brabant;Cuijk;Sint Agatha;E5.915;N51.714;13;
3;NLD;Noord-Brabant;Cuijk;Vianen;E5.858;N51.718;13;
2;NLD;Noord-Brabant;Deurne;;E5.816;N51.423;11;places/NLD/flags/NB/Deurne.gif
3;NLD;Noord-Brabant;Deurne;Deurne;E5.795;N51.463;12;
3;NLD;Noord-Brabant;Deurne;Helenaveen;E5.921;N51.387;12;
3;NLD;Noord-Brabant;Deurne;Liessel;E5.824;N51.414;12;
3;NLD;Noord-Brabant;Deurne;Neerkant;E5.867;N51.367;12;
3;NLD;Noord-Brabant;Deurne;Schans;E5.883;N51.367;12;
3;NLD;Noord-Brabant;Deurne;Vlierden;E5.758;N51.445;12;
3;NLD;Noord-Brabant;Deurne;Zeilberg;E5.816;N51.454;13;
2;NLD;Noord-Brabant;Dongen;;E4.947;N51.647;12;places/NLD/flags/NB/Dongen.gif
3;NLD;Noord-Brabant;Dongen;'s Gravenmoer;E4.942;N51.658;12;
3;NLD;Noord-Brabant;Dongen;Dongen;E4.947;N51.625;12;
3;NLD;Noord-Brabant;Dongen;Klein-Dongen;E4.967;N51.633;13;
3;NLD;Noord-Brabant;Dongen;Vaart;;;12;
2;NLD;Noord-Brabant;Drimmelen;;E4.747;N51.689;11;places/NLD/flags/NB/Drimmelen.gif
3;NLD;Noord-Brabant;Drimmelen;Binnen-Moerdijk;E4.668;N51.713;13;
3;NLD;Noord-Brabant;Drimmelen;Blauwe Sluis;E4.717;N51.700;13;
3;NLD;Noord-Brabant;Drimmelen;Drimmelen;E4.806;N51.708;13;
3;NLD;Noord-Brabant;Drimmelen;Gaete;E4.717;N51.700;13;
3;NLD;Noord-Brabant;Drimmelen;Helkant;E4.749;N51.683;13;
3;NLD;Noord-Brabant;Drimmelen;Hooge Zwaluwe;E4.744;N51.687;12;
3;NLD;Noord-Brabant;Drimmelen;Lage Zwaluwe;E4.705;N51.708;12;
3;NLD;Noord-Brabant;Drimmelen;Made;E4.794;N51.677;12;
3;NLD;Noord-Brabant;Drimmelen;Oud-Drimmelen;E4.776;N51.697;13;
3;NLD;Noord-Brabant;Drimmelen;Stuivezand;E4.776;N51.673;13;
3;NLD;Noord-Brabant;Drimmelen;Terheijden;E4.754;N51.643;12;
3;NLD;Noord-Brabant;Drimmelen;Wagenberg;E4.747;N51.664;12;
2;NLD;Noord-Brabant;Eersel;;E5.367;N51.405;11;places/NLD/flags/NB/Eersel.gif
3;NLD;Noord-Brabant;Eersel;Bijsterveld;E5.350;N51.450;13;
3;NLD;Noord-Brabant;Eersel;Braak;;;12;
3;NLD;Noord-Brabant;Eersel;Donk;E5.267;N51.433;13;
3;NLD;Noord-Brabant;Eersel;Driehuis;E5.333;N51.383;13;
3;NLD;Noord-Brabant;Eersel;Driehuizen;E5.300;N51.417;13;
3;NLD;Noord-Brabant;Eersel;Duizel;E5.300;N51.367;12;
3;NLD;Noord-Brabant;Eersel;Eersel;E5.314;N51.359;12;
3;NLD;Noord-Brabant;Eersel;Het Heike;;;12;
3;NLD;Noord-Brabant;Eersel;Hoekdries;E5.333;N51.383;13;
3;NLD;Noord-Brabant;Eersel;Knegsel;E5.347;N51.398;13;
3;NLD;Noord-Brabant;Eersel;Kreielt;E5.317;N51.450;13;
3;NLD;Noord-Brabant;Eersel;Maaskant;E5.300;N51.417;13;
3;NLD;Noord-Brabant;Eersel;Meerven;E5.267;N51.433;13;
3;NLD;Noord-Brabant;Eersel;Mostheuvel;E5.333;N51.450;13;
3;NLD;Noord-Brabant;Eersel;Rietven;E5.283;N51.433;13;
3;NLD;Noord-Brabant;Eersel;Sneidershoek;E5.317;N51.383;13;
3;NLD;Noord-Brabant;Eersel;Steensel;E5.353;N51.376;12;
3;NLD;Noord-Brabant;Eersel;Veneind;E5.300;N51.417;13;
3;NLD;Noord-Brabant;Eersel;Vessem;E5.288;N51.420;13;
3;NLD;Noord-Brabant;Eersel;Wintelre;E5.340;N51.443;12;
3;NLD;Noord-Brabant;Eersel;Wolfshoek;E5.367;N51.400;13;
2;NLD;Noord-Brabant;Eindhoven;;E5.476;N51.453;12;places/NLD/flags/NB/Eindhoven.gif
3;NLD;Noord-Brabant;Eindhoven;Acht;E5.430;N51.478;12;
3;NLD;Noord-Brabant;Eindhoven;Eindhoven;E5.476;N51.439;11;
2;NLD;Noord-Brabant;Etten-Leur;;E4.634;N51.566;12;places/NLD/flags/NB/Etten-Leur.gif
3;NLD;Noord-Brabant;Etten-Leur;Etten-Leur;E4.634;N51.567;12;
2;NLD;Noord-Brabant;Geertruidenberg;;E4.876;N51.704;12;places/NLD/flags/NB/Geertruidenberg.gif
3;NLD;Noord-Brabant;Geertruidenberg;Geertruidenberg;E4.853;N51.700;12;
3;NLD;Noord-Brabant;Geertruidenberg;Keizersveer;E4.899;N51.713;13;
3;NLD;Noord-Brabant;Geertruidenberg;Raamsdonk;E4.910;N51.687;12;
3;NLD;Noord-Brabant;Geertruidenberg;Raamsdonksveer;E4.876;N51.692;12;
2;NLD;Noord-Brabant;Geldrop-Mierlo;;E5.622;N51.433;12;places/NLD/flags/NB/Geldrop-Mierlo.gif
3;NLD;Noord-Brabant;Geldrop-Mierlo;Geldrop;E5.555;N51.420;12;
3;NLD;Noord-Brabant;Geldrop-Mierlo;Mierlo;E5.622;N51.444;12;
2;NLD;Noord-Brabant;Gemert-Bakel;;E5.750;N51.537;11;places/NLD/flags/NB/Gemert-Bakel.gif
3;NLD;Noord-Brabant;Gemert-Bakel;Bakel;E5.741;N51.502;12;
3;NLD;Noord-Brabant;Gemert-Bakel;Bakelsebrug;E5.717;N51.500;13;
3;NLD;Noord-Brabant;Gemert-Bakel;Bankert;E5.800;N51.500;13;
3;NLD;Noord-Brabant;Gemert-Bakel;Benthem;E5.733;N51.500;13;
3;NLD;Noord-Brabant;Gemert-Bakel;De Mortel;E5.710;N51.538;13;
3;NLD;Noord-Brabant;Gemert-Bakel;De Rips;E5.810;N51.550;12;
3;NLD;Noord-Brabant;Gemert-Bakel;De Vossenberg;;;12;
3;NLD;Noord-Brabant;Gemert-Bakel;De Wind;E5.683;N51.567;13;
3;NLD;Noord-Brabant;Gemert-Bakel;Deelse Kampen;E5.683;N51.567;13;
3;NLD;Noord-Brabant;Gemert-Bakel;Doonheide;E5.700;N51.567;13;
3;NLD;Noord-Brabant;Gemert-Bakel;Elsendorp;E5.768;N51.580;12;
3;NLD;Noord-Brabant;Gemert-Bakel;Esdonk;E5.667;N51.583;13;
3;NLD;Noord-Brabant;Gemert-Bakel;Esp;E5.717;N51.517;13;
3;NLD;Noord-Brabant;Gemert-Bakel;Gemert;E5.692;N51.553;12;
3;NLD;Noord-Brabant;Gemert-Bakel;Geneneind;E5.733;N51.517;13;
3;NLD;Noord-Brabant;Gemert-Bakel;Groeskuilen;E5.717;N51.567;13;
3;NLD;Noord-Brabant;Gemert-Bakel;Grotel;E5.683;N51.517;13;
3;NLD;Noord-Brabant;Gemert-Bakel;Handel;E5.712;N51.578;12;
3;NLD;Noord-Brabant;Gemert-Bakel;Hilakker;E5.743;N51.497;13;
3;NLD;Noord-Brabant;Gemert-Bakel;Hoeven;E5.800;N51.500;13;
3;NLD;Noord-Brabant;Gemert-Bakel;Hoogen-Aarle;E5.717;N51.533;13;
3;NLD;Noord-Brabant;Gemert-Bakel;Kaweide;E5.767;N51.500;13;
3;NLD;Noord-Brabant;Gemert-Bakel;Kivitsbraak;;;12;
3;NLD;Noord-Brabant;Gemert-Bakel;Klef;E5.800;N51.517;13;
3;NLD;Noord-Brabant;Gemert-Bakel;Koks;E5.667;N51.567;13;
3;NLD;Noord-Brabant;Gemert-Bakel;Mathijseind;E5.717;N51.500;13;
3;NLD;Noord-Brabant;Gemert-Bakel;Milheeze;E5.779;N51.501;13;
3;NLD;Noord-Brabant;Gemert-Bakel;Milschot;E5.700;N51.533;13;
3;NLD;Noord-Brabant;Gemert-Bakel;Molenhof;E5.750;N51.483;13;
3;NLD;Noord-Brabant;Gemert-Bakel;Muizenhol;;;12;
3;NLD;Noord-Brabant;Gemert-Bakel;Neerstraat;E5.733;N51.517;13;
3;NLD;Noord-Brabant;Gemert-Bakel;Nuijeneind;E5.717;N51.500;13;
3;NLD;Noord-Brabant;Gemert-Bakel;Overschot;E5.750;N51.500;13;
3;NLD;Noord-Brabant;Gemert-Bakel;Pandelaarse Kampen;E5.667;N51.567;13;
3;NLD;Noord-Brabant;Gemert-Bakel;Ravensgat;E5.733;N51.483;13;
3;NLD;Noord-Brabant;Gemert-Bakel;Ren;E5.700;N51.533;13;
3;NLD;Noord-Brabant;Gemert-Bakel;Rootvlaas;;;12;
3;NLD;Noord-Brabant;Gemert-Bakel;Schouw;E5.733;N51.483;13;
3;NLD;Noord-Brabant;Gemert-Bakel;Schutsboom;E5.767;N51.500;13;
3;NLD;Noord-Brabant;Gemert-Bakel;Speurgt;;;12;
3;NLD;Noord-Brabant;Gemert-Bakel;Tereyken;E5.683;N51.533;13;
3;NLD;Noord-Brabant;Gemert-Bakel;Ven;E5.750;N51.517;13;
3;NLD;Noord-Brabant;Gemert-Bakel;Verreheide;E5.700;N51.583;13;
3;NLD;Noord-Brabant;Gemert-Bakel;Wolfsbosch;E5.717;N51.567;13;
3;NLD;Noord-Brabant;Gemert-Bakel;Zaarvlaas;E5.733;N51.517;13;
3;NLD;Noord-Brabant;Gemert-Bakel;Zand;E5.750;N51.517;13;
2;NLD;Noord-Brabant;Gilze en Rijen;;E4.918;N51.570;12;places/NLD/flags/NB/Gilze_en_Rijen.gif
3;NLD;Noord-Brabant;Gilze en Rijen;Gilze;E4.943;N51.544;12;
3;NLD;Noord-Brabant;Gilze en Rijen;Hulten;E4.954;N51.571;13;
3;NLD;Noord-Brabant;Gilze en Rijen;Molenschot;E4.883;N51.572;12;
3;NLD;Noord-Brabant;Gilze en Rijen;Rijen;E4.918;N51.588;12;
2;NLD;Noord-Brabant;Goirle;;E5.024;N51.519;12;places/NLD/flags/NB/Goirle.gif
3;NLD;Noord-Brabant;Goirle;Breehees;E5.083;N51.500;12;
3;NLD;Noord-Brabant;Goirle;Goirle;E5.067;N51.522;12;
3;NLD;Noord-Brabant;Goirle;Riel;E5.024;N51.526;13;
2;NLD;Noord-Brabant;Grave;;E5.717;N51.758;12;places/NLD/flags/NB/Grave.gif
3;NLD;Noord-Brabant;Grave;Escharen;E5.746;N51.742;12;
3;NLD;Noord-Brabant;Grave;Gassel;E5.781;N51.740;13;
3;NLD;Noord-Brabant;Grave;Grave;E5.735;N51.757;12;
3;NLD;Noord-Brabant;Grave;Velp;E5.717;N51.767;13;
2;NLD;Noord-Brabant;Haaren;;E5.217;N51.619;12;places/NLD/flags/NB/Haaren.gif
3;NLD;Noord-Brabant;Haaren;'t Eind;;;12;
3;NLD;Noord-Brabant;Haaren;Belvert;E5.250;N51.600;13;
3;NLD;Noord-Brabant;Haaren;Biezenmortel;E5.179;N51.624;13;
3;NLD;Noord-Brabant;Haaren;Distelberg;E5.233;N51.650;13;
3;NLD;Noord-Brabant;Haaren;Esch;E5.291;N51.611;12;
3;NLD;Noord-Brabant;Haaren;Gever;E5.217;N51.600;13;
3;NLD;Noord-Brabant;Haaren;Gijzel;E5.217;N51.633;13;
3;NLD;Noord-Brabant;Haaren;Haaren;E5.224;N51.601;12;
3;NLD;Noord-Brabant;Haaren;Heesakker;E5.267;N51.617;13;
3;NLD;Noord-Brabant;Haaren;Helvoirt;E5.229;N51.632;12;
3;NLD;Noord-Brabant;Haaren;Kerkeind;E5.217;N51.600;13;
3;NLD;Noord-Brabant;Haaren;Laar;E5.200;N51.633;12;
3;NLD;Noord-Brabant;Haaren;Molenstraat;E5.233;N51.617;13;
3;NLD;Noord-Brabant;Haaren;Noenes;E5.250;N51.617;13;
3;NLD;Noord-Brabant;Haaren;Raam;E5.217;N51.617;13;
2;NLD;Noord-Brabant;Halderberge;;E4.437;N51.587;11;places/NLD/flags/NB/Halderberge.gif
3;NLD;Noord-Brabant;Halderberge;Bosschenhoofd;E4.541;N51.560;12;
3;NLD;Noord-Brabant;Halderberge;Hoeven;E4.582;N51.578;12;
3;NLD;Noord-Brabant;Halderberge;Nieuw Gastel;E4.450;N51.600;13;
3;NLD;Noord-Brabant;Halderberge;Oud Gastel;E4.461;N51.588;12;
3;NLD;Noord-Brabant;Halderberge;Oudenbosch;E4.525;N51.589;12;
3;NLD;Noord-Brabant;Halderberge;Stampersgat;E4.437;N51.614;12;
2;NLD;Noord-Brabant;Heeze-Leende;;E5.567;N51.358;12;places/NLD/flags/NB/Heeze-Leende.gif
3;NLD;Noord-Brabant;Heeze-Leende;Boschhoven;;;12;
3;NLD;Noord-Brabant;Heeze-Leende;Bruggerhuizen;E5.483;N51.333;13;
3;NLD;Noord-Brabant;Heeze-Leende;Heeze;E5.571;N51.381;12;
3;NLD;Noord-Brabant;Heeze-Leende;Leende;E5.550;N51.350;12;
3;NLD;Noord-Brabant;Heeze-Leende;Leenderstrijp;E5.533;N51.333;12;
3;NLD;Noord-Brabant;Heeze-Leende;Oosterik;E5.567;N51.350;13;
3;NLD;Noord-Brabant;Heeze-Leende;Sterksel;E5.617;N51.350;12;
3;NLD;Noord-Brabant;Heeze-Leende;Valkenhorst;E5.500;N51.350;13;
3;NLD;Noord-Brabant;Heeze-Leende;Zevenhuizen;E5.567;N51.333;13;
2;NLD;Noord-Brabant;Helmond;;E5.617;N51.474;12;places/NLD/flags/NB/Helmond.gif
3;NLD;Noord-Brabant;Helmond;Brouwhuis;E5.703;N51.459;12;
3;NLD;Noord-Brabant;Helmond;Helmond;E5.660;N51.481;12;
3;NLD;Noord-Brabant;Helmond;Mierlo-Hout;E5.633;N51.467;12;
3;NLD;Noord-Brabant;Helmond;Stiphout;E5.617;N51.483;12;
2;NLD;Noord-Brabant;Heusden;;E5.217;N51.704;11;places/NLD/flags/NB/Heusden.gif
3;NLD;Noord-Brabant;Heusden;De Hoeven;E5.183;N51.717;13;
3;NLD;Noord-Brabant;Heusden;Doeveren;E5.089;N51.720;12;
3;NLD;Noord-Brabant;Heusden;Drunen;E5.131;N51.683;12;
3;NLD;Noord-Brabant;Heusden;Elshout;E5.139;N51.700;12;
3;NLD;Noord-Brabant;Heusden;Giersbergen;E5.148;N51.656;12;
3;NLD;Noord-Brabant;Heusden;Haarsteeg;E5.201;N51.710;12;
3;NLD;Noord-Brabant;Heusden;Hedikhuizen;E5.183;N51.733;13;
3;NLD;Noord-Brabant;Heusden;Heesbeen;E5.118;N51.731;12;
3;NLD;Noord-Brabant;Heusden;Herpt;E5.157;N51.731;13;
3;NLD;Noord-Brabant;Heusden;Heusden;E5.133;N51.733;12;
3;NLD;Noord-Brabant;Heusden;Heusden-Vesting;E5.138;N51.733;14;
3;NLD;Noord-Brabant;Heusden;Luttelherpt;;;12;
3;NLD;Noord-Brabant;Heusden;Nieuwkuijk;E5.179;N51.691;13;
3;NLD;Noord-Brabant;Heusden;Oud-Heusden;E5.137;N51.723;12;
3;NLD;Noord-Brabant;Heusden;Oudheusden;;;12;
3;NLD;Noord-Brabant;Heusden;Vlijmen;E5.217;N51.694;12;
2;NLD;Noord-Brabant;Hilvarenbeek;;E5.167;N51.475;11;places/NLD/flags/NB/Hilvarenbeek.gif
3;NLD;Noord-Brabant;Hilvarenbeek;Baarschot;E5.183;N51.458;13;
3;NLD;Noord-Brabant;Hilvarenbeek;Beerten;E5.150;N51.483;13;
3;NLD;Noord-Brabant;Hilvarenbeek;Biest;E5.155;N51.508;13;
3;NLD;Noord-Brabant;Hilvarenbeek;Diessen;E5.175;N51.473;12;
3;NLD;Noord-Brabant;Hilvarenbeek;Driehuizen;;;13;
3;NLD;Noord-Brabant;Hilvarenbeek;Dun;E5.167;N51.433;13;
3;NLD;Noord-Brabant;Hilvarenbeek;Esbeek;E5.139;N51.462;12;
3;NLD;Noord-Brabant;Hilvarenbeek;Gorp;E5.083;N51.483;12;
3;NLD;Noord-Brabant;Hilvarenbeek;Groenstraat;E5.150;N51.450;13;
3;NLD;Noord-Brabant;Hilvarenbeek;Groot Loo;E5.117;N51.483;12;
3;NLD;Noord-Brabant;Hilvarenbeek;Grote Voort;E5.133;N51.500;13;
3;NLD;Noord-Brabant;Hilvarenbeek;Haghorst;E5.203;N51.495;12;
3;NLD;Noord-Brabant;Hilvarenbeek;Hilvarenbeek;E5.135;N51.485;13;
3;NLD;Noord-Brabant;Hilvarenbeek;Hoog Spul;E5.133;N51.467;13;
3;NLD;Noord-Brabant;Hilvarenbeek;Hoogeind;E5.133;N51.450;13;
3;NLD;Noord-Brabant;Hilvarenbeek;Houtakker;E5.160;N51.506;13;
3;NLD;Noord-Brabant;Hilvarenbeek;Klein Loo;E5.133;N51.483;13;
3;NLD;Noord-Brabant;Hilvarenbeek;Kleine Voort;E5.150;N51.500;13;
3;NLD;Noord-Brabant;Hilvarenbeek;Laag Spul;E5.150;N51.467;13;
3;NLD;Noord-Brabant;Hilvarenbeek;Rovert;E5.083;N51.467;13;
3;NLD;Noord-Brabant;Hilvarenbeek;Slibbroek;E5.136;N51.495;13;
3;NLD;Noord-Brabant;Hilvarenbeek;Westerwijk;E5.167;N51.467;13;
2;NLD;Noord-Brabant;Laarbeek;;E5.626;N51.513;12;places/NLD/flags/NB/Laarbeek.gif
3;NLD;Noord-Brabant;Laarbeek;'t Hof;;;12;
3;NLD;Noord-Brabant;Laarbeek;Aarle-Rixtel;E5.638;N51.510;12;
3;NLD;Noord-Brabant;Laarbeek;Achterbosch;E5.567;N51.517;12;
3;NLD;Noord-Brabant;Laarbeek;Beek;E5.633;N51.517;12;
3;NLD;Noord-Brabant;Laarbeek;Beek en Donk;E5.632;N51.529;12;
3;NLD;Noord-Brabant;Laarbeek;Beemdkant;E5.600;N51.533;13;
3;NLD;Noord-Brabant;Laarbeek;Broek;E5.567;N51.533;13;
3;NLD;Noord-Brabant;Laarbeek;Croy;E5.617;N51.500;13;
3;NLD;Noord-Brabant;Laarbeek;De Hei;;;12;
3;NLD;Noord-Brabant;Laarbeek;Deense Hoek;;;12;
3;NLD;Noord-Brabant;Laarbeek;Donk;E5.626;N51.540;12;
3;NLD;Noord-Brabant;Laarbeek;Geeneind;E5.600;N51.500;13;
3;NLD;Noord-Brabant;Laarbeek;Ginderdoor;E5.583;N51.533;13;
3;NLD;Noord-Brabant;Laarbeek;Groenewoud;E5.617;N51.517;13;
3;NLD;Noord-Brabant;Laarbeek;Heikant;E5.667;N51.517;13;
3;NLD;Noord-Brabant;Laarbeek;Het Hool;E5.617;N51.517;13;
3;NLD;Noord-Brabant;Laarbeek;Het Laar;;;12;
3;NLD;Noord-Brabant;Laarbeek;Kruisschot;E5.683;N51.483;12;
3;NLD;Noord-Brabant;Laarbeek;Lieshout;E5.595;N51.517;12;
3;NLD;Noord-Brabant;Laarbeek;Mariahout;E5.571;N51.541;12;
3;NLD;Noord-Brabant;Laarbeek;Scheepstal;E5.683;N51.500;13;
3;NLD;Noord-Brabant;Laarbeek;Strijp;E5.633;N51.500;12;
3;NLD;Noord-Brabant;Laarbeek;Wolfsputten;;;12;
2;NLD;Noord-Brabant;Landerd;;E5.675;N51.724;12;places/NLD/flags/NB/Landerd.gif
3;NLD;Noord-Brabant;Landerd;Reek;E5.682;N51.745;12;
3;NLD;Noord-Brabant;Landerd;Schaijk;E5.632;N51.745;12;
3;NLD;Noord-Brabant;Landerd;Zeeland;E5.675;N51.696;12;
2;NLD;Noord-Brabant;Lith;;E5.488;N51.798;11;places/NLD/flags/NB/Lith.gif
3;NLD;Noord-Brabant;Lith;Het Wild;E5.365;N51.764;12;
3;NLD;Noord-Brabant;Lith;Kessel;E5.404;N51.804;13;
3;NLD;Noord-Brabant;Lith;Lith;E5.440;N51.805;12;
3;NLD;Noord-Brabant;Lith;Lithoijen;E5.467;N51.800;12;
3;NLD;Noord-Brabant;Lith;Maren-Kessel;E5.395;N51.796;12;
3;NLD;Noord-Brabant;Lith;Oijen;E5.504;N51.823;12;
3;NLD;Noord-Brabant;Lith;Teeffelen;E5.488;N51.798;12;
2;NLD;Noord-Brabant;Loon op Zand;;E5.041;N51.640;12;places/NLD/flags/NB/Loon_op_Aand.gif
3;NLD;Noord-Brabant;Loon op Zand;De Moer;E5.007;N51.622;12;
3;NLD;Noord-Brabant;Loon op Zand;Kaatsheuvel;E5.037;N51.657;12;
3;NLD;Noord-Brabant;Loon op Zand;Loon op Zand;E5.079;N51.626;12;
2;NLD;Noord-Brabant;Maasdonk;;E5.460;N51.721;12;places/NLD/flags/NB/Maasdonk.gif
3;NLD;Noord-Brabant;Maasdonk;Geffen;E5.464;N51.740;12;
3;NLD;Noord-Brabant;Maasdonk;Heeseind;;;12;
3;NLD;Noord-Brabant;Maasdonk;Heiduinen;;;12;
3;NLD;Noord-Brabant;Maasdonk;Kaathoven;E5.468;N51.699;13;
3;NLD;Noord-Brabant;Maasdonk;Munnekens-Vinkel;E5.500;N51.715;13;
3;NLD;Noord-Brabant;Maasdonk;Nuland;E5.435;N51.726;13;
3;NLD;Noord-Brabant;Maasdonk;Papendijk;E5.467;N51.733;13;
3;NLD;Noord-Brabant;Maasdonk;Runrot;;;12;
3;NLD;Noord-Brabant;Maasdonk;Vinkel;E5.461;N51.704;12;
2;NLD;Noord-Brabant;Mill en Sint Hubert;;E5.773;N51.680;12;places/NLD/flags/NB/Mill_en_Sint_Hubert.gif
3;NLD;Noord-Brabant;Mill en Sint Hubert;Langenboom;E5.733;N51.700;12;
3;NLD;Noord-Brabant;Mill en Sint Hubert;Mill;E5.783;N51.683;12;
3;NLD;Noord-Brabant;Mill en Sint Hubert;Sint Hubert;E5.807;N51.678;12;
3;NLD;Noord-Brabant;Mill en Sint Hubert;Wilbertoord;E5.777;N51.654;12;
2;NLD;Noord-Brabant;Moerdijk;;E4.587;N51.663;11;places/NLD/flags/NB/Moerdijk.gif
3;NLD;Noord-Brabant;Moerdijk;Achterdijk;E4.617;N51.650;13;
3;NLD;Noord-Brabant;Moerdijk;Binnen-Moerdijk;E4.670;N51.714;13;
3;NLD;Noord-Brabant;Moerdijk;Blauwe Sluis;E4.717;N51.700;13;
3;NLD;Noord-Brabant;Moerdijk;Bosselaar;;;12;
3;NLD;Noord-Brabant;Moerdijk;Drie Hoefijzers;E4.700;N51.650;12;
3;NLD;Noord-Brabant;Moerdijk;Fijnaart;E4.473;N51.637;12;
3;NLD;Noord-Brabant;Moerdijk;Fijnaart en Heijningen;;;12;
3;NLD;Noord-Brabant;Moerdijk;Heijningen;E4.408;N51.655;12;
3;NLD;Noord-Brabant;Moerdijk;Helwijk;E4.434;N51.675;12;
3;NLD;Noord-Brabant;Moerdijk;Hoekske;E4.650;N51.700;13;
3;NLD;Noord-Brabant;Moerdijk;Klundert;E4.531;N51.663;12;
3;NLD;Noord-Brabant;Moerdijk;Kreek;E4.509;N51.625;12;
3;NLD;Noord-Brabant;Moerdijk;Krooswijk;E4.583;N51.650;13;
3;NLD;Noord-Brabant;Moerdijk;Langeweg;E4.665;N51.648;12;
3;NLD;Noord-Brabant;Moerdijk;Moerdijk;E4.626;N51.702;12;
3;NLD;Noord-Brabant;Moerdijk;Molengors;;;12;
3;NLD;Noord-Brabant;Moerdijk;Nieuwemolen;E4.450;N51.642;13;
3;NLD;Noord-Brabant;Moerdijk;Noordhoek;E4.529;N51.643;13;
3;NLD;Noord-Brabant;Moerdijk;Noordschans;E4.528;N51.673;12;
3;NLD;Noord-Brabant;Moerdijk;Oudemolen;E4.467;N51.650;12;
3;NLD;Noord-Brabant;Moerdijk;Standdaarbuiten;E4.515;N51.614;12;
3;NLD;Noord-Brabant;Moerdijk;Strooiendorp;E4.692;N51.680;13;
3;NLD;Noord-Brabant;Moerdijk;Tonnekreek;E4.493;N51.679;12;
3;NLD;Noord-Brabant;Moerdijk;Torenveld;;;12;
3;NLD;Noord-Brabant;Moerdijk;Willemstad;E4.441;N51.691;12;
3;NLD;Noord-Brabant;Moerdijk;Zevenbergen;E4.599;N51.645;12;
3;NLD;Noord-Brabant;Moerdijk;Zevenbergschen Hoek;E4.679;N51.672;12;
3;NLD;Noord-Brabant;Moerdijk;Zwingelspaan;E4.495;N51.659;12;
2;NLD;Noord-Brabant;Nuenen Gerwen en Nederwetten;;E5.541;N51.474;12;places/NLD/flags/NB/Nuenen_Gerwen_en_Nederwetten.gif
3;NLD;Noord-Brabant;Nuenen Gerwen en Nederwetten;Eeneind;E5.550;N51.450;12;
3;NLD;Noord-Brabant;Nuenen Gerwen en Nederwetten;Gerwen;E5.567;N51.483;11;
3;NLD;Noord-Brabant;Nuenen Gerwen en Nederwetten;Nederwetten;E5.524;N51.492;12;
3;NLD;Noord-Brabant;Nuenen Gerwen en Nederwetten;Nuenen;E5.547;N51.472;12;
2;NLD;Noord-Brabant;Oirschot;;E5.265;N51.496;12;places/NLD/flags/NB/Oirschot.gif
3;NLD;Noord-Brabant;Oirschot;Middelbeers;E5.250;N51.467;12;
3;NLD;Noord-Brabant;Oirschot;Oirschot;E5.311;N51.506;12;
3;NLD;Noord-Brabant;Oirschot;Oostelbeers;E5.268;N51.472;12;
3;NLD;Noord-Brabant;Oirschot;Spoordonk;E5.267;N51.517;12;
3;NLD;Noord-Brabant;Oirschot;Westelbeers;E5.213;N51.441;12;
2;NLD;Noord-Brabant;Oisterwijk;;E5.182;N51.561;12;places/NLD/flags/NB/Oisterwijk.gif
3;NLD;Noord-Brabant;Oisterwijk;Heukelom;E5.169;N51.576;12;
3;NLD;Noord-Brabant;Oisterwijk;Moergestel;E5.181;N51.544;13;
3;NLD;Noord-Brabant;Oisterwijk;Oisterwijk;E5.197;N51.577;12;
2;NLD;Noord-Brabant;Oosterhout;;E4.850;N51.633;11;places/NLD/flags/NB/Oosterhout.gif
3;NLD;Noord-Brabant;Oosterhout;Baarschot;E4.833;N51.583;13;
3;NLD;Noord-Brabant;Oosterhout;Den Hout;E4.813;N51.657;12;
3;NLD;Noord-Brabant;Oosterhout;Dorst;E4.861;N51.590;12;
3;NLD;Noord-Brabant;Oosterhout;Eind van den Hout;E4.800;N51.667;13;
3;NLD;Noord-Brabant;Oosterhout;Groenendijk;E4.923;N51.656;13;
3;NLD;Noord-Brabant;Oosterhout;Heikant;;;12;
3;NLD;Noord-Brabant;Oosterhout;Heistraat;;;12;
3;NLD;Noord-Brabant;Oosterhout;Hespelaar;E4.800;N51.667;13;
3;NLD;Noord-Brabant;Oosterhout;Oosteind;E4.897;N51.643;12;
3;NLD;Noord-Brabant;Oosterhout;Oosterhout;E4.859;N51.643;12;
3;NLD;Noord-Brabant;Oosterhout;Seters;E4.867;N51.617;13;
3;NLD;Noord-Brabant;Oosterhout;Steelhoven;E4.833;N51.683;13;
3;NLD;Noord-Brabant;Oosterhout;Steenoven;E4.917;N51.600;13;
3;NLD;Noord-Brabant;Oosterhout;Ter Aalst;E4.817;N51.633;13;
3;NLD;Noord-Brabant;Oosterhout;Vijfhuizen;E4.883;N51.650;13;
3;NLD;Noord-Brabant;Oosterhout;Vrachelen;E4.833;N51.650;13;
2;NLD;Noord-Brabant;Oss;;E5.611;N51.795;12;places/NLD/flags/NB/Oss.gif
3;NLD;Noord-Brabant;Oss;Berghem;E5.574;N51.769;12;
3;NLD;Noord-Brabant;Oss;Demen;E5.630;N51.815;12;
3;NLD;Noord-Brabant;Oss;Dennenburg;E5.619;N51.804;13;
3;NLD;Noord-Brabant;Oss;Deursen;E5.628;N51.800;12;
3;NLD;Noord-Brabant;Oss;Dieden;E5.610;N51.818;12;
3;NLD;Noord-Brabant;Oss;Haren;E5.583;N51.800;12;
3;NLD;Noord-Brabant;Oss;Herpen;E5.639;N51.768;12;
3;NLD;Noord-Brabant;Oss;Huisseling;E5.644;N51.786;12;
3;NLD;Noord-Brabant;Oss;Keent;E5.700;N51.783;13;
3;NLD;Noord-Brabant;Oss;Macharen;E5.542;N51.803;12;
3;NLD;Noord-Brabant;Oss;Megen;E5.563;N51.820;12;
3;NLD;Noord-Brabant;Oss;Neerlangel;;;12;
3;NLD;Noord-Brabant;Oss;Neerloon;E5.677;N51.788;12;
3;NLD;Noord-Brabant;Oss;Oss;E5.533;N51.767;12;
3;NLD;Noord-Brabant;Oss;Overlangel;E5.674;N51.775;12;
3;NLD;Noord-Brabant;Oss;Ravenstein;E5.647;N51.793;12;
2;NLD;Noord-Brabant;Reusel-De Mierden;;E5.158;N51.394;11;places/NLD/flags/NB/Reusel-De_Mierden.gif
3;NLD;Noord-Brabant;Reusel-De Mierden;Hooge Mierde;E5.133;N51.386;12;
3;NLD;Noord-Brabant;Reusel-De Mierden;Hulsel;E5.177;N51.388;13;
3;NLD;Noord-Brabant;Reusel-De Mierden;Lage Mierde;E5.150;N51.405;12;
3;NLD;Noord-Brabant;Reusel-De Mierden;Reusel;E5.163;N51.362;12;
2;NLD;Noord-Brabant;Roosendaal;;E4.432;N51.534;11;places/NLD/flags/NB/Roosendaal.gif
3;NLD;Noord-Brabant;Roosendaal;Boeiink;E4.417;N51.533;13;
3;NLD;Noord-Brabant;Roosendaal;Borteldonk;E4.467;N51.500;13;
3;NLD;Noord-Brabant;Roosendaal;Brembosch;E4.433;N51.500;13;
3;NLD;Noord-Brabant;Roosendaal;Bulkenaar;E4.417;N51.517;13;
3;NLD;Noord-Brabant;Roosendaal;De Lind;;;12;
3;NLD;Noord-Brabant;Roosendaal;Everland;E4.450;N51.500;13;
3;NLD;Noord-Brabant;Roosendaal;Haiink;;;12;
3;NLD;Noord-Brabant;Roosendaal;Heerle;E4.360;N51.518;12;
3;NLD;Noord-Brabant;Roosendaal;Hollandsdiep;;;12;
3;NLD;Noord-Brabant;Roosendaal;Hulsdonk;E4.433;N51.517;12;
3;NLD;Noord-Brabant;Roosendaal;Kruisstraat;E4.467;N51.517;13;
3;NLD;Noord-Brabant;Roosendaal;Moerstraten;E4.341;N51.540;13;
3;NLD;Noord-Brabant;Roosendaal;Nieuwenberg;E4.483;N51.567;13;
3;NLD;Noord-Brabant;Roosendaal;Nispen;E4.460;N51.484;12;
3;NLD;Noord-Brabant;Roosendaal;Roosendaal;E4.457;N51.530;12;
3;NLD;Noord-Brabant;Roosendaal;Vinkenbroek;E4.417;N51.517;13;
3;NLD;Noord-Brabant;Roosendaal;Visdonk;E4.483;N51.517;13;
3;NLD;Noord-Brabant;Roosendaal;Vroenhout;E4.417;N51.550;13;
3;NLD;Noord-Brabant;Roosendaal;Wouw;E4.388;N51.520;12;
3;NLD;Noord-Brabant;Roosendaal;Wouwse Plantage;E4.383;N51.483;12;
2;NLD;Noord-Brabant;Rucphen;;E4.544;N51.536;11;places/NLD/flags/NB/Rucphen.gif
3;NLD;Noord-Brabant;Rucphen;Rucphen;E4.562;N51.532;12;
3;NLD;Noord-Brabant;Rucphen;Schijf;E4.560;N51.499;12;
3;NLD;Noord-Brabant;Rucphen;Sint. Willebrord;E4.586;N51.550;12;
3;NLD;Noord-Brabant;Rucphen;Sprundel;E4.595;N51.536;12;
3;NLD;Noord-Brabant;Rucphen;Zegge;E4.514;N51.556;12;
2;NLD;Noord-Brabant;Schijndel;;E5.433;N51.617;11;places/NLD/flags/NB/Schijndel.gif
3;NLD;Noord-Brabant;Schijndel;Gemonde;E5.358;N51.620;12;
3;NLD;Noord-Brabant;Schijndel;Schijndel;E5.437;N51.617;12;
3;NLD;Noord-Brabant;Schijndel;Wijbosch;E5.467;N51.617;12;
2;NLD;Noord-Brabant;Sint Anthonis;;E5.842;N51.624;11;places/NLD/flags/NB/Sint_Anthonis.gif
3;NLD;Noord-Brabant;Sint Anthonis;Landhorst;E5.789;N51.617;12;
3;NLD;Noord-Brabant;Sint Anthonis;Ledeacker;E5.876;N51.634;12;
3;NLD;Noord-Brabant;Sint Anthonis;Oploo;E5.875;N51.609;12;
3;NLD;Noord-Brabant;Sint Anthonis;Rijkevoort;E5.887;N51.656;12;
3;NLD;Noord-Brabant;Sint Anthonis;Sint Anthonis;E5.880;N51.626;12;
3;NLD;Noord-Brabant;Sint Anthonis;Stevensbeek;E5.913;N51.603;12;
3;NLD;Noord-Brabant;Sint Anthonis;Wanroij;E5.819;N51.656;12;
3;NLD;Noord-Brabant;Sint Anthonis;Westerbeek;E5.862;N51.582;12;
2;NLD;Noord-Brabant;Sint-Michielsgestel;;E5.352;N51.648;11;places/NLD/flags/NB/Sint-Michielsgestel.gif
3;NLD;Noord-Brabant;Sint-Michielsgestel;Berlicum;E5.400;N51.679;12;
3;NLD;Noord-Brabant;Sint-Michielsgestel;Den Dungen;E5.372;N51.663;12;
3;NLD;Noord-Brabant;Sint-Michielsgestel;Gemonde;E5.357;N51.619;12;
3;NLD;Noord-Brabant;Sint-Michielsgestel;Halder;E5.317;N51.650;13;
3;NLD;Noord-Brabant;Sint-Michielsgestel;Maaskantje;E5.367;N51.667;13;
3;NLD;Noord-Brabant;Sint-Michielsgestel;Middelrode;E5.419;N51.666;12;
3;NLD;Noord-Brabant;Sint-Michielsgestel;Sint Michielsgestel;E5.348;N51.638;12;
2;NLD;Noord-Brabant;Sint-Oedenrode;;E5.394;N51.581;11;places/NLD/flags/NB/Sint-Oedenrode.gif
3;NLD;Noord-Brabant;Sint-Oedenrode;Boskant;E5.424;N51.550;12;
3;NLD;Noord-Brabant;Sint-Oedenrode;Gemonde;E5.358;N51.619;12;
3;NLD;Noord-Brabant;Sint-Oedenrode;Nijnsel;E5.483;N51.550;12;
3;NLD;Noord-Brabant;Sint-Oedenrode;Olland;E5.409;N51.580;12;
3;NLD;Noord-Brabant;Sint-Oedenrode;Sint Oedenrode;E5.459;N51.566;12;
2;NLD;Noord-Brabant;Someren;;E5.702;N51.400;10;places/NLD/flags/NB/Someren.gif
3;NLD;Noord-Brabant;Someren;Achterbroek;E5.683;N51.433;13;
3;NLD;Noord-Brabant;Someren;Berkeindje;E5.683;N51.417;12;
3;NLD;Noord-Brabant;Someren;Boomen;E5.683;N51.417;13;
3;NLD;Noord-Brabant;Someren;Broekkant;E5.650;N51.433;13;
3;NLD;Noord-Brabant;Someren;De Hutten;E5.700;N51.317;13;
3;NLD;Noord-Brabant;Someren;Eindje;E5.667;N51.433;13;
3;NLD;Noord-Brabant;Someren;Gebergte;E5.667;N51.433;13;
3;NLD;Noord-Brabant;Someren;Groote Hoeven;E5.700;N51.383;13;
3;NLD;Noord-Brabant;Someren;Heieind;E5.683;N51.417;13;
3;NLD;Noord-Brabant;Someren;Heikant;E5.683;N51.383;13;
3;NLD;Noord-Brabant;Someren;Hersel;E5.667;N51.433;13;
3;NLD;Noord-Brabant;Someren;Kleine Hoeven;E5.700;N51.383;13;
3;NLD;Noord-Brabant;Someren;Lierop;E5.683;N51.418;12;
3;NLD;Noord-Brabant;Someren;Moorsel;E5.650;N51.417;13;
3;NLD;Noord-Brabant;Someren;Oeijenbraak;E5.667;N51.433;13;
3;NLD;Noord-Brabant;Someren;Otterdijk;E5.700;N51.417;13;
3;NLD;Noord-Brabant;Someren;Sluis 13;;;12;
3;NLD;Noord-Brabant;Someren;Someren;E5.717;N51.383;12;
3;NLD;Noord-Brabant;Someren;Someren-Eind;E5.732;N51.355;12;
3;NLD;Noord-Brabant;Someren;Someren-Heide;E5.698;N51.348;13;
3;NLD;Noord-Brabant;Someren;Stipdonk;E5.683;N51.450;13;
3;NLD;Noord-Brabant;Someren;Vaarsche Hoef;E5.683;N51.400;12;
3;NLD;Noord-Brabant;Someren;Vlas;E5.717;N51.367;13;
3;NLD;Noord-Brabant;Someren;Winkelstraat;E5.650;N51.433;13;
2;NLD;Noord-Brabant;Son en Breugel;;E5.500;N51.516;12;places/NLD/flags/NB/Son_en_Breugel.gif
3;NLD;Noord-Brabant;Son en Breugel;Breugel;E5.510;N51.519;12;
3;NLD;Noord-Brabant;Son en Breugel;Son;E5.492;N51.510;12;
2;NLD;Noord-Brabant;Steenbergen;;E4.317;N51.583;11;places/NLD/flags/NB/Steenbergen.gif
3;NLD;Noord-Brabant;Steenbergen;Blauwe Sluis;E4.362;N51.596;13;
3;NLD;Noord-Brabant;Steenbergen;De Heen;E4.274;N51.610;13;
3;NLD;Noord-Brabant;Steenbergen;Dinteloord;E4.367;N51.633;12;
3;NLD;Noord-Brabant;Steenbergen;Heensche Molen;E4.250;N51.600;12;
3;NLD;Noord-Brabant;Steenbergen;Kruisland;E4.407;N51.569;12;
3;NLD;Noord-Brabant;Steenbergen;Nieuw-Vossemeer;E4.217;N51.589;12;
3;NLD;Noord-Brabant;Steenbergen;Steenbergen;E4.317;N51.583;12;
3;NLD;Noord-Brabant;Steenbergen;Welberg;E4.328;N51.577;12;
2;NLD;Noord-Brabant;Tilburg;;E5.129;N51.584;12;places/NLD/flags/NB/Tilburg.gif
3;NLD;Noord-Brabant;Tilburg;'t Hoekske;;;12;
3;NLD;Noord-Brabant;Tilburg;Berkel-Enschot;E5.142;N51.583;12;
3;NLD;Noord-Brabant;Tilburg;Brem;;;12;
3;NLD;Noord-Brabant;Tilburg;De Kraan;E5.133;N51.583;13;
3;NLD;Noord-Brabant;Tilburg;Enschot;E5.135;N51.577;12;
3;NLD;Noord-Brabant;Tilburg;Heikant;;;12;
3;NLD;Noord-Brabant;Tilburg;Heuveltje;E5.133;N51.600;13;
3;NLD;Noord-Brabant;Tilburg;Hoog-Heukelom;E5.167;N51.583;13;
3;NLD;Noord-Brabant;Tilburg;Hoogeind;E5.117;N51.567;12;
3;NLD;Noord-Brabant;Tilburg;Laag-Heukelom;E5.133;N51.567;13;
3;NLD;Noord-Brabant;Tilburg;Loonse Hoek;;;12;
3;NLD;Noord-Brabant;Tilburg;Oisterwijkse Hoeven;;;8;
3;NLD;Noord-Brabant;Tilburg;Tilburg;E5.087;N51.554;12;
3;NLD;Noord-Brabant;Tilburg;Udenhout;E5.145;N51.609;12;
2;NLD;Noord-Brabant;Uden;;E5.639;N51.646;12;places/NLD/flags/NB/Uden.gif
3;NLD;Noord-Brabant;Uden;Bedaf;E5.574;N51.661;13;
3;NLD;Noord-Brabant;Uden;Eikenheuvel;E5.617;N51.633;13;
3;NLD;Noord-Brabant;Uden;Heikant;E5.667;N51.633;12;
3;NLD;Noord-Brabant;Uden;Hulstheuvel;E5.617;N51.650;13;
3;NLD;Noord-Brabant;Uden;Odiliapeel;E5.706;N51.643;13;
3;NLD;Noord-Brabant;Uden;Oosterens;E5.667;N51.650;13;
3;NLD;Noord-Brabant;Uden;Uden;E5.618;N51.655;12;
3;NLD;Noord-Brabant;Uden;Volkel;E5.654;N51.643;12;
2;NLD;Noord-Brabant;Valkenswaard;;E5.455;N51.327;12;places/NLD/flags/NB/Valkenswaard.gif
3;NLD;Noord-Brabant;Valkenswaard;Borkel;E5.439;N51.297;13;
3;NLD;Noord-Brabant;Valkenswaard;Borkel en Schaft;E5.445;N51.298;13;
3;NLD;Noord-Brabant;Valkenswaard;Dommelen;E5.430;N51.354;12;
3;NLD;Noord-Brabant;Valkenswaard;Schaft;E5.453;N51.297;12;
3;NLD;Noord-Brabant;Valkenswaard;Valkenswaard;E5.458;N51.349;12;
2;NLD;Noord-Brabant;Veghel;;E5.580;N51.606;11;places/NLD/flags/NB/Veghel.gif
3;NLD;Noord-Brabant;Veghel;Boerdonk;E5.626;N51.561;12;
3;NLD;Noord-Brabant;Veghel;Eerde;E5.500;N51.600;12;
3;NLD;Noord-Brabant;Veghel;Erp;E5.607;N51.600;12;
3;NLD;Noord-Brabant;Veghel;Keldonk;E5.588;N51.586;12;
3;NLD;Noord-Brabant;Veghel;Mariaheide;E5.578;N51.633;12;
3;NLD;Noord-Brabant;Veghel;Veghel;E5.543;N51.615;12;
3;NLD;Noord-Brabant;Veghel;Zijtaart;E5.542;N51.591;12;
2;NLD;Noord-Brabant;Veldhoven;;E5.396;N51.422;12;places/NLD/flags/NB/Veldhoven.gif
3;NLD;Noord-Brabant;Veldhoven;Meerveldhoven;E5.416;N51.411;12;
3;NLD;Noord-Brabant;Veldhoven;Oerle;E5.372;N51.423;13;
3;NLD;Noord-Brabant;Veldhoven;Veldhoven;E5.403;N51.417;12;
3;NLD;Noord-Brabant;Veldhoven;Zeelst;E5.414;N51.424;13;
2;NLD;Noord-Brabant;Vught;;E5.271;N51.657;12;places/NLD/flags/NB/Vught.gif
3;NLD;Noord-Brabant;Vught;Cromvoirt;E5.233;N51.660;12;
3;NLD;Noord-Brabant;Vught;Vught;E5.295;N51.653;12;
2;NLD;Noord-Brabant;Waalre;;E5.464;N51.391;13;places/NLD/flags/NB/Waalre.gif
3;NLD;Noord-Brabant;Waalre;Aalst;E5.477;N51.398;12;
3;NLD;Noord-Brabant;Waalre;Achtereind;E5.500;N51.383;13;
3;NLD;Noord-Brabant;Waalre;De Heuvel;E5.433;N51.383;13;
3;NLD;Noord-Brabant;Waalre;Heikant;E5.450;N51.383;13;
3;NLD;Noord-Brabant;Waalre;Loon;E5.450;N51.383;13;
3;NLD;Noord-Brabant;Waalre;Timmereind;E5.433;N51.383;13;
3;NLD;Noord-Brabant;Waalre;Waalre;E5.445;N51.384;12;
2;NLD;Noord-Brabant;Waalwijk;;E5.021;N51.685;12;places/NLD/flags/NB/Waalwijk.gif
3;NLD;Noord-Brabant;Waalwijk;Baardwijk;E5.096;N51.693;12;
3;NLD;Noord-Brabant;Waalwijk;Besoyen;E5.049;N51.688;13;
3;NLD;Noord-Brabant;Waalwijk;Capelle;E4.986;N51.693;12;
3;NLD;Noord-Brabant;Waalwijk;Sprang;E5.045;N51.669;13;
3;NLD;Noord-Brabant;Waalwijk;Sprang-Capelle;E5.050;N51.667;12;
3;NLD;Noord-Brabant;Waalwijk;Vrijhoeve;E5.016;N51.670;12;
3;NLD;Noord-Brabant;Waalwijk;Vrijhoeve-Capelle;E5.018;N51.671;12;
3;NLD;Noord-Brabant;Waalwijk;Waalwijk;E5.067;N51.683;12;
3;NLD;Noord-Brabant;Waalwijk;Waspik;E4.943;N51.684;12;
3;NLD;Noord-Brabant;Waalwijk;Waspik-Boven;E4.967;N51.683;13;
2;NLD;Noord-Brabant;Werkendam;;E4.921;N51.779;11;places/NLD/flags/NB/Werkendam.gif
3;NLD;Noord-Brabant;Werkendam;Biesbosch;E4.784;N51.744;12;
3;NLD;Noord-Brabant;Werkendam;De Baan;E4.983;N51.729;12;
3;NLD;Noord-Brabant;Werkendam;Dussen;E4.964;N51.730;12;
3;NLD;Noord-Brabant;Werkendam;Hank;E4.900;N51.733;12;
3;NLD;Noord-Brabant;Werkendam;Hill;E5.004;N51.742;13;
3;NLD;Noord-Brabant;Werkendam;Kille;E4.911;N51.777;12;
3;NLD;Noord-Brabant;Werkendam;Korn;E4.950;N51.750;13;
3;NLD;Noord-Brabant;Werkendam;Nieuwendijk;E4.920;N51.769;12;
3;NLD;Noord-Brabant;Werkendam;Peerenboom;;;12;
3;NLD;Noord-Brabant;Werkendam;Sleeuwijk;E4.951;N51.813;12;
3;NLD;Noord-Brabant;Werkendam;Vierbannen;E4.917;N51.750;13;
3;NLD;Noord-Brabant;Werkendam;Werkendam;E4.892;N51.810;12;
2;NLD;Noord-Brabant;Woensdrecht;;E4.356;N51.406;11;places/NLD/flags/NB/Woensdrecht.gif
3;NLD;Noord-Brabant;Woensdrecht;Aanwas;E4.317;N51.383;13;
3;NLD;Noord-Brabant;Woensdrecht;Calfven;E4.317;N51.408;12;
3;NLD;Noord-Brabant;Woensdrecht;Hoogerheide;E4.324;N51.420;12;
3;NLD;Noord-Brabant;Woensdrecht;Huijbergen;E4.378;N51.433;12;
3;NLD;Noord-Brabant;Woensdrecht;Leemberg;E4.333;N51.383;13;
3;NLD;Noord-Brabant;Woensdrecht;Ossendrecht;E4.331;N51.395;12;
3;NLD;Noord-Brabant;Woensdrecht;Plaatsluis;E4.333;N51.383;13;
3;NLD;Noord-Brabant;Woensdrecht;Putte;E4.393;N51.358;12;
3;NLD;Noord-Brabant;Woensdrecht;Woensdrecht;E4.305;N51.430;12;
2;NLD;Noord-Brabant;Woudrichem;;E4.998;N51.797;12;places/NLD/flags/NB/Woudrichem.gif
3;NLD;Noord-Brabant;Woudrichem;Almkerk;E4.960;N51.771;12;
3;NLD;Noord-Brabant;Woudrichem;Andel;E5.057;N51.782;13;
3;NLD;Noord-Brabant;Woudrichem;Giessen;E5.034;N51.789;12;
3;NLD;Noord-Brabant;Woudrichem;Oudendijk;E4.983;N51.800;13;
3;NLD;Noord-Brabant;Woudrichem;Rijswijk;E5.026;N51.797;12;
3;NLD;Noord-Brabant;Woudrichem;Uitwijk;E5.006;N51.785;12;
3;NLD;Noord-Brabant;Woudrichem;Waardhuizen;E5.011;N51.778;12;
3;NLD;Noord-Brabant;Woudrichem;Woudrichem;E4.998;N51.813;12;
2;NLD;Noord-Brabant;Zundert;;E4.683;N51.510;11;places/NLD/flags/NB/Zundert.gif
3;NLD;Noord-Brabant;Zundert;Achtmaal;E4.583;N51.450;12;
3;NLD;Noord-Brabant;Zundert;Breedschot;E4.717;N51.517;13;
3;NLD;Noord-Brabant;Zundert;Hazeldonk;E4.746;N51.496;12;
3;NLD;Noord-Brabant;Zundert;Hellegat;E4.683;N51.550;13;
3;NLD;Noord-Brabant;Zundert;Kaarschot;E4.733;N51.517;13;
3;NLD;Noord-Brabant;Zundert;Klein-Oekel;E4.717;N51.500;13;
3;NLD;Noord-Brabant;Zundert;Klein-Zundert;E4.656;N51.481;12;
3;NLD;Noord-Brabant;Zundert;Oekel;E4.717;N51.500;12;
3;NLD;Noord-Brabant;Zundert;Rijsbergen;E4.696;N51.516;12;
3;NLD;Noord-Brabant;Zundert;Tiggelt;E4.700;N51.517;13;
3;NLD;Noord-Brabant;Zundert;Tiggeltseberg;;;12;
3;NLD;Noord-Brabant;Zundert;Wernhout;E4.641;N51.456;12;
3;NLD;Noord-Brabant;Zundert;Zundert;E4.661;N51.470;12;
