"Level";"Country";"State";"County";"Place";"Longitude";"Latitude";"ZoomLevel";"Icon"
2;NLD;Zuid-Holland;'s-Gravendeel;;E4.617;N51.760;12;
3;NLD;Zuid-Holland;'s-Gravendeel;'s-Gravendeel;E4.618;N51.781;12;
3;NLD;Zuid-Holland;'s-Gravendeel;De Wacht;E4.624;N51.751;12;
3;NLD;Zuid-Holland;'s-Gravendeel;Schenkeldijk;E4.606;N51.741;12;
2;NLD;Zuid-Holland;Alblasserdam;;E4.664;N51.866;12;
3;NLD;Zuid-Holland;Alblasserdam;Alblasserdam;E4.660;N51.866;12;
2;NLD;Zuid-Holland;Albrandswaard;;E4.412;N51.864;12;places/NLD/flags/ZH/Albrandswaard.gif
3;NLD;Zuid-Holland;Albrandswaard;Poortugaal;E4.397;N51.859;12;
3;NLD;Zuid-Holland;Albrandswaard;Rhoon;E4.422;N51.856;12;
3;NLD;Zuid-Holland;Albrandswaard;Rotterdam Albrandswaard;E4.420;N51.870;13;
2;NLD;Zuid-Holland;Alkemade;;E4.584;N52.205;12;places/NLD/flags/ZH/Alkemade.gif
3;NLD;Zuid-Holland;Alkemade;De Kaag (plassengebied);E4.540;N52.204;12;
3;NLD;Zuid-Holland;Alkemade;Kaag;E4.559;N52.212;12;
3;NLD;Zuid-Holland;Alkemade;Nieuwe Wetering;E4.623;N52.207;12;
3;NLD;Zuid-Holland;Alkemade;Oud Ade;E4.565;N52.191;13;
3;NLD;Zuid-Holland;Alkemade;Oude Wetering;E4.642;N52.215;12;
3;NLD;Zuid-Holland;Alkemade;Rijpwetering;E4.581;N52.192;12;
3;NLD;Zuid-Holland;Alkemade;Roelofarendsveen;E4.636;N52.203;12;
2;NLD;Zuid-Holland;Alphen aan den Rijn;;E4.701;N52.129;12;places/NLD/flags/ZH/Alphen_aan_den_Rijn.gif
3;NLD;Zuid-Holland;Alphen aan den Rijn;Aarlanderveen;E4.726;N52.140;12;
3;NLD;Zuid-Holland;Alphen aan den Rijn;Alphen aan den Rijn;E4.658;N52.128;12;
3;NLD;Zuid-Holland;Alphen aan den Rijn;Zwammerdam;E4.729;N52.105;12;
2;NLD;Zuid-Holland;Barendrecht;;E4.513;N51.853;12;
3;NLD;Zuid-Holland;Barendrecht;Barendrecht;E4.537;N51.852;12;
3;NLD;Zuid-Holland;Barendrecht;Carnisse;E4.510;N51.857;12;
3;NLD;Zuid-Holland;Barendrecht;Smitshoek;E4.481;N51.855;12;
2;NLD;Zuid-Holland;Bergambacht;;E4.750;N51.943;12;
3;NLD;Zuid-Holland;Bergambacht;Achterbroek;E4.699;N51.968;12;
3;NLD;Zuid-Holland;Bergambacht;Ammerstol;E4.8166667;N51.9333333;12;
3;NLD;Zuid-Holland;Bergambacht;Benedenberg;E4.7666667;N51.9333333;12;
3;NLD;Zuid-Holland;Bergambacht;Bergambacht;E4.787;N51.933;12;
3;NLD;Zuid-Holland;Bergambacht;Bergstoep;E4.786;N51.922;12;
3;NLD;Zuid-Holland;Bergambacht;Berkenwoude;E4.709;N51.945;12;
2;NLD;Zuid-Holland;Bergschenhoek;;E4.513;N51.985;12;places/NLD/flags/ZH/Bergschenhoek.gif
3;NLD;Zuid-Holland;Bergschenhoek;Bergschenhoek;E4.495;N51.988;12;
3;NLD;Zuid-Holland;Bergschenhoek;De Rotte;E4.536;N51.969;12;
2;NLD;Zuid-Holland;Berkel en Rodenrijs;;E4.479;N51.995;12;
3;NLD;Zuid-Holland;Berkel en Rodenrijs;Berkel en Rodenrijs;E4.481;N51.997;12;
2;NLD;Zuid-Holland;Bernisse;;E4.239;N51.846;12;
3;NLD;Zuid-Holland;Bernisse;Abbenbroek;E4.244;N51.848;12;
3;NLD;Zuid-Holland;Bernisse;Biert;E4.283;N51.833;12;
3;NLD;Zuid-Holland;Bernisse;Geervliet;E4.262;N51.860;12;
3;NLD;Zuid-Holland;Bernisse;Heenvliet;E4.243;N51.864;12;
3;NLD;Zuid-Holland;Bernisse;Oudenhoorn;E4.192;N51.826;12;
3;NLD;Zuid-Holland;Bernisse;Simonshaven;E4.288;N51.822;12;
3;NLD;Zuid-Holland;Bernisse;Zuidland;E4.258;N51.820;12;
2;NLD;Zuid-Holland;Binnenmaas;;E4.502;N51.812;11;places/NLD/flags/ZH/Binnenmaas.gif
3;NLD;Zuid-Holland;Binnenmaas;Blaaksedijk;E4.533;N51.808;12;
3;NLD;Zuid-Holland;Binnenmaas;Cillaarshoek;E4.547;N51.770;12;
3;NLD;Zuid-Holland;Binnenmaas;Goidschalxoord;E4.458;N51.827;12;
3;NLD;Zuid-Holland;Binnenmaas;Greup;E4.438;N51.787;12;
3;NLD;Zuid-Holland;Binnenmaas;Heinenoord;E4.479;N51.827;13;
3;NLD;Zuid-Holland;Binnenmaas;Kuipersveer;E4.552;N51.816;13;
3;NLD;Zuid-Holland;Binnenmaas;Maasdam;E4.556;N51.787;12;
3;NLD;Zuid-Holland;Binnenmaas;Mijnsheerenland;E4.485;N51.796;12;
3;NLD;Zuid-Holland;Binnenmaas;Puttershoek;E4.567;N51.804;12;
3;NLD;Zuid-Holland;Binnenmaas;Sint Anthoniepolder;E4.535;N51.797;12;
3;NLD;Zuid-Holland;Binnenmaas;Westmaas;E4.474;N51.786;12;
2;NLD;Zuid-Holland;Bleiswijk;;E4.530;N52.011;12;places/NLD/flags/ZH/Bleiswijk.gif
3;NLD;Zuid-Holland;Bleiswijk;Bleiswijk;E4.535;N52.010;12;
3;NLD;Zuid-Holland;Bleiswijk;Kruisweg;E4.550;N52.050;13;
2;NLD;Zuid-Holland;Bodegraven;;E4.779;N52.100;12;places/NLD/flags/ZH/Bodegraven.gif
3;NLD;Zuid-Holland;Bodegraven;Bodegraven;E4.745;N52.081;12;
3;NLD;Zuid-Holland;Bodegraven;Meije;E4.793;N52.122;12;
3;NLD;Zuid-Holland;Bodegraven;Nieuwerbrug;E4.8166667;N52.0833333;12;
3;NLD;Zuid-Holland;Bodegraven;Zuidzijde;E4.767;N52.083;12;
2;NLD;Zuid-Holland;Boskoop;;E4.656;N52.071;12;places/NLD/flags/ZH/Boskoop.gif
3;NLD;Zuid-Holland;Boskoop;Boskoop;E4.656;N52.073;12;
2;NLD;Zuid-Holland;Brielle;;E4.189;N51.894;12;places/NLD/flags/ZH/Brielle.gif
3;NLD;Zuid-Holland;Brielle;Brielle;E4.163;N51.902;12;
3;NLD;Zuid-Holland;Brielle;Vierpolders;E4.180;N51.878;12;
3;NLD;Zuid-Holland;Brielle;Zwartewaal;E4.221;N51.882;12;
2;NLD;Zuid-Holland;Capelle aan den IJssel;;E4.587;N51.929;12;
3;NLD;Zuid-Holland;Capelle aan den IJssel;Capelle aan den IJssel;E4.590;N51.932;12;
2;NLD;Zuid-Holland;Cromstrijen;;E4.441;N51.755;12;
3;NLD;Zuid-Holland;Cromstrijen;Klaaswaal;E4.445;N51.770;12;
3;NLD;Zuid-Holland;Cromstrijen;Numansdorp;E4.437;N51.729;13;
2;NLD;Zuid-Holland;Delft;;E4.361;N51.998;12;places/NLD/flags/ZH/Delft.gif
3;NLD;Zuid-Holland;Delft;Abtswoude;E4.358;N51.972;12;
3;NLD;Zuid-Holland;Delft;Delft;E4.360;N52.009;12;
2;NLD;Zuid-Holland;Den Haag;;E4.275;N52.079;11;places/NLD/flags/ZH/Den_Haag.gif
3;NLD;Zuid-Holland;Den Haag;'s-Gravenhage;E4.310;N52.077;12;
3;NLD;Zuid-Holland;Den Haag;Den Haag;E4.309;N52.077;12;
3;NLD;Zuid-Holland;Den Haag;Escamp;;;12;
3;NLD;Zuid-Holland;Den Haag;Haagse Hout;;;12;
3;NLD;Zuid-Holland;Den Haag;Kijkduin;E4.224;N52.066;12;
3;NLD;Zuid-Holland;Den Haag;Laak;;;12;
3;NLD;Zuid-Holland;Den Haag;Loosduinen;E4.224;N52.049;12;
3;NLD;Zuid-Holland;Den Haag;Scheveningen;E4.276;N52.107;12;
3;NLD;Zuid-Holland;Den Haag;Segbroek;;;12;
3;NLD;Zuid-Holland;Den Haag;Ypenburg;;;12;
2;NLD;Zuid-Holland;Dirksland;;E4.084;N51.750;11;places/NLD/flags/ZH/Dirksland.gif
3;NLD;Zuid-Holland;Dirksland;Dirksland;E4.100;N51.748;12;
3;NLD;Zuid-Holland;Dirksland;Herkingen;E4.089;N51.709;12;
3;NLD;Zuid-Holland;Dirksland;Melissant;E4.070;N51.770;12;
2;NLD;Zuid-Holland;Dordrecht;;E4.683;N51.779;11;places/NLD/flags/ZH/Dordrecht.gif
3;NLD;Zuid-Holland;Dordrecht;Dordrecht;E4.668;N51.807;12;
3;NLD;Zuid-Holland;Dordrecht;Dubbeldam;E4.733;N51.783;13;
3;NLD;Zuid-Holland;Dordrecht;Wieldrecht;E4.65;N51.7833333;12;
3;NLD;Zuid-Holland;Dordrecht;Willemsdorp;E4.638;N51.741;12;
2;NLD;Zuid-Holland;Giessenlanden;;E4.943;N51.865;11;places/NLD/flags/ZH/Giessenlanden.gif
3;NLD;Zuid-Holland;Giessenlanden;Arkel;E4.995;N51.864;12;
3;NLD;Zuid-Holland;Giessenlanden;Giessenburg;E4.889;N51.851;12;
3;NLD;Zuid-Holland;Giessenlanden;Hoogblokland;E4.975;N51.874;12;
3;NLD;Zuid-Holland;Giessenlanden;Hoornaar;E4.946;N51.879;12;
3;NLD;Zuid-Holland;Giessenlanden;Noordeloos;E4.943;N51.904;12;
3;NLD;Zuid-Holland;Giessenlanden;Schelluinen;E4.925;N51.842;12;
2;NLD;Zuid-Holland;Goedereede;;E3.978;N51.814;12;places/NLD/flags/ZH/Goedereede.gif
3;NLD;Zuid-Holland;Goedereede;Goedereede;E3.9833333;N51.8166667;12;
3;NLD;Zuid-Holland;Goedereede;Havenhoofd;E4.004;N51.830;12;
3;NLD;Zuid-Holland;Goedereede;Oostdijk;E3.957;N51.826;12;
3;NLD;Zuid-Holland;Goedereede;Ouddorp;E3.936;N51.809;12;
3;NLD;Zuid-Holland;Goedereede;Stellendam;E4.027;N51.804;12;
2;NLD;Zuid-Holland;Gorinchem;;E4.985;N51.833;12;places/NLD/flags/ZH/Gorinchem.gif
3;NLD;Zuid-Holland;Gorinchem;Dalem;E5.010;N51.827;12;
3;NLD;Zuid-Holland;Gorinchem;Gorinchem;E4.972;N51.833;12;
3;NLD;Zuid-Holland;Gorinchem;Gorkum;E4.970;N51.835;12;
2;NLD;Zuid-Holland;Gouda;;E4.717;N52.011;12;places/NLD/flags/ZH/Gouda.gif
3;NLD;Zuid-Holland;Gouda;Gouda;E4.710;N52.010;12;
3;NLD;Zuid-Holland;Gouda;Stolwijkersluis;E4.730;N52.006;12;
2;NLD;Zuid-Holland;Graafstroom;;E4.809;N51.874;11;places/NLD/flags/ZH/Graafstroom.gif
3;NLD;Zuid-Holland;Graafstroom;Bleskensgraaf;E4.781;N51.872;13;
3;NLD;Zuid-Holland;Graafstroom;Brandwijk;E4.815;N51.889;12;
3;NLD;Zuid-Holland;Graafstroom;Goudriaan;E4.891;N51.903;12;
3;NLD;Zuid-Holland;Graafstroom;Hofwegen;E4.781;N51.870;12;
3;NLD;Zuid-Holland;Graafstroom;Molenaarsgraaf;E4.824;N51.876;12;
3;NLD;Zuid-Holland;Graafstroom;Ottoland;E4.874;N51.893;12;
3;NLD;Zuid-Holland;Graafstroom;Oud-Alblas;E4.704;N51.857;12;
3;NLD;Zuid-Holland;Graafstroom;Wijngaarden;E4.761;N51.844;12;
2;NLD;Zuid-Holland;Hardinxveld-Giessendam;;E4.863;N51.826;12;
3;NLD;Zuid-Holland;Hardinxveld-Giessendam;Boven Hardinxveld;E4.886;N51.821;13;
3;NLD;Zuid-Holland;Hardinxveld-Giessendam;Giessendam;E4.836;N51.826;12;
3;NLD;Zuid-Holland;Hardinxveld-Giessendam;Hardinxveld-Giessendam;E4.882;N51.822;12;
3;NLD;Zuid-Holland;Hardinxveld-Giessendam;Nederhardinxveld;E4.843;N51.826;13;
2;NLD;Zuid-Holland;Hellevoetsluis;;E4.139;N51.846;12;places/NLD/flags/ZH/Hellevoetsluis.gif
3;NLD;Zuid-Holland;Hellevoetsluis;Hellevoetsluis;E4.137;N51.832;12;
3;NLD;Zuid-Holland;Hellevoetsluis;Nieuw-Helvoet;E4.133;N51.837;12;
3;NLD;Zuid-Holland;Hellevoetsluis;Nieuwenhoorn;E4.143;N51.854;12;
2;NLD;Zuid-Holland;Hendrik-Ido-Ambacht;;E4.635;N51.847;12;places/NLD/flags/ZH/Hendrik-Ido-Ambacht.gif
3;NLD;Zuid-Holland;Hendrik-Ido-Ambacht;Hendrik-Ido-Ambacht;E4.638;N51.845;12;
2;NLD;Zuid-Holland;Hillegom;;E4.585;N52.293;12;
3;NLD;Zuid-Holland;Hillegom;Hillegom;E4.581;N52.291;12;
2;NLD;Zuid-Holland;Jacobswoude;;E4.651;N52.201;11;places/NLD/flags/ZH/Jacobswoude.gif
3;NLD;Zuid-Holland;Jacobswoude;Bilderdam;E4.724;N52.212;12;
3;NLD;Zuid-Holland;Jacobswoude;Hoogmade;E4.582;N52.169;12;
3;NLD;Zuid-Holland;Jacobswoude;Leimuiden;E4.671;N52.224;12;
3;NLD;Zuid-Holland;Jacobswoude;Rijnsaterwoude;E4.671;N52.197;12;
3;NLD;Zuid-Holland;Jacobswoude;Woubrugge;E4.636;N52.168;12;
2;NLD;Zuid-Holland;Katwijk;;E4.422;N52.194;12;places/NLD/flags/ZH/Katwijk.gif
3;NLD;Zuid-Holland;Katwijk;Katwijk aan den Rijn;E4.424;N52.196;13;
3;NLD;Zuid-Holland;Katwijk;Katwijk aan Zee;E4.408;N52.201;13;
3;NLD;Zuid-Holland;Katwijk;Rijnsburg;E4.442;N52.190;12;
3;NLD;Zuid-Holland;Katwijk;Valkenburg;E4.431;N52.180;13;
2;NLD;Zuid-Holland;Korendijk;;E4.324;N51.784;11;places/NLD/flags/ZH/Korendijk.gif
3;NLD;Zuid-Holland;Korendijk;Goudswaard;E4.278;N51.794;12;
3;NLD;Zuid-Holland;Korendijk;Nieuw-Beijerland;E4.340;N51.811;12;
3;NLD;Zuid-Holland;Korendijk;Nieuwendijk;E4.319;N51.754;12;
3;NLD;Zuid-Holland;Korendijk;Piershil;E4.313;N51.794;12;
3;NLD;Zuid-Holland;Korendijk;Tiengemeten;E4.321;N51.742;12;
3;NLD;Zuid-Holland;Korendijk;Zuid-Beijerland;E4.365;N51.750;12;
3;NLD;Zuid-Holland;Korendijk;Zuidzijde;E4.367;N51.783;12;
2;NLD;Zuid-Holland;Krimpen aan den IJssel;;E4.600;N51.915;12;places/NLD/flags/ZH/Krimpen_aan_den_IJssel.gif
3;NLD;Zuid-Holland;Krimpen aan den IJssel;Krimpen aan den IJssel;E4.595;N51.915;12;
2;NLD;Zuid-Holland;Leerdam;;E5.083;N51.890;11;places/NLD/flags/ZH/Leerdam.gif
3;NLD;Zuid-Holland;Leerdam;Kedichem;E5.050;N51.860;13;
3;NLD;Zuid-Holland;Leerdam;Leerdam;E5.091;N51.892;12;
3;NLD;Zuid-Holland;Leerdam;Oosterwijk;E5.080;N51.878;13;
3;NLD;Zuid-Holland;Leerdam;Schoonrewoerd;E5.114;N51.920;12;
2;NLD;Zuid-Holland;Leiden;;E4.491;N52.158;12;places/NLD/flags/ZH/Leiden.gif
3;NLD;Zuid-Holland;Leiden;Leiden;E4.489;N52.158;12;
2;NLD;Zuid-Holland;Leiderdorp;;E4.537;N52.145;12;
3;NLD;Zuid-Holland;Leiderdorp;Achthoven;E4.555;N52.132;13;
3;NLD;Zuid-Holland;Leiderdorp;Leiderdorp;E4.529;N52.160;12;
2;NLD;Zuid-Holland;Leidschendam-Voorburg;;E4.406;N52.082;12;
3;NLD;Zuid-Holland;Leidschendam-Voorburg;Leidschendam;E4.397;N52.080;12;
3;NLD;Zuid-Holland;Leidschendam-Voorburg;Stompwijk;E4.470;N52.094;12;
3;NLD;Zuid-Holland;Leidschendam-Voorburg;Voorburg;E4.358;N52.075;12;
2;NLD;Zuid-Holland;Liemeer;;E4.798;N52.196;11;places/NLD/flags/ZH/Liemeer.gif
3;NLD;Zuid-Holland;Liemeer;Nieuwveen;E4.756;N52.195;12;
3;NLD;Zuid-Holland;Liemeer;Noorden;E4.827;N52.165;12;
3;NLD;Zuid-Holland;Liemeer;Vrouwenakker;E4.781;N52.228;12;
3;NLD;Zuid-Holland;Liemeer;Zevenhoven;E4.781;N52.181;12;
2;NLD;Zuid-Holland;Liesveld;;E4.824;N51.924;12;places/NLD/flags/ZH/Liesveld.gif
3;NLD;Zuid-Holland;Liesveld;Groot-Ammers;E4.821;N51.924;13;
3;NLD;Zuid-Holland;Liesveld;Langerak;E4.877;N51.933;12;
3;NLD;Zuid-Holland;Liesveld;Nieuwpoort;E4.868;N51.935;13;
3;NLD;Zuid-Holland;Liesveld;Streefkerk;E4.744;N51.900;12;
3;NLD;Zuid-Holland;Liesveld;Waal;E4.901;N51.939;13;
2;NLD;Zuid-Holland;Lisse;;E4.546;N52.251;12;places/NLD/flags/ZH/Lisse.gif
3;NLD;Zuid-Holland;Lisse;De Engel;E4.540;N52.244;13;
3;NLD;Zuid-Holland;Lisse;Lisse;E4.551;N52.256;12;
2;NLD;Zuid-Holland;Maassluis;;E4.259;N51.918;12;places/NLD/flags/ZH/Maassluis.gif
3;NLD;Zuid-Holland;Maassluis;Maassluis;E4.254;N51.919;12;
2;NLD;Zuid-Holland;Middelharnis;;E4.171;N51.729;12;places/NLD/flags/ZH/Middelharnis.gif
3;NLD;Zuid-Holland;Middelharnis;Battenoord;E4.129;N51.706;12;
3;NLD;Zuid-Holland;Middelharnis;Middelharnis;E4.159;N51.754;12;
3;NLD;Zuid-Holland;Middelharnis;Nieuwe-Tonge;E4.168;N51.714;12;
3;NLD;Zuid-Holland;Middelharnis;Sommelsdijk;E4.147;N51.755;13;
3;NLD;Zuid-Holland;Middelharnis;Stad aan 't Haringvliet;E4.243;N51.738;12;
2;NLD;Zuid-Holland;Midden-Delfland;;E4.298;N51.969;11;places/NLD/flags/ZH/Midden-Delfland.gif
3;NLD;Zuid-Holland;Midden-Delfland;'t Woudt;E4.293;N51.995;12;
3;NLD;Zuid-Holland;Midden-Delfland;Den Hoorn;E4.329;N52.000;12;
3;NLD;Zuid-Holland;Midden-Delfland;Maasland;E4.273;N51.933;12;
3;NLD;Zuid-Holland;Midden-Delfland;Schipluiden;E4.315;N51.976;12;
2;NLD;Zuid-Holland;Moordrecht;;E4.665;N51.987;12;
3;NLD;Zuid-Holland;Moordrecht;Moordrecht;E4.667;N51.987;12;
2;NLD;Zuid-Holland;Nederlek;;E4.656;N51.895;12;
3;NLD;Zuid-Holland;Nederlek;Krimpen aan de Lek;E4.626;N51.895;13;
3;NLD;Zuid-Holland;Nederlek;Lekkerkerk;E4.683;N51.897;12;
2;NLD;Zuid-Holland;Nieuw-Lekkerland;;E4.653;N51.887;12;places/NLD/flags/ZH/Nieuw-Lekkerland.gif
3;NLD;Zuid-Holland;Nieuw-Lekkerland;Kinderdijk;E4.634;N51.889;13;
3;NLD;Zuid-Holland;Nieuw-Lekkerland;Nieuw-Lekkerland;E4.681;N51.888;12;
2;NLD;Zuid-Holland;Nieuwerkerk aan den IJssel;;E4.625;N51.952;12;places/NLD/flags/ZH/Nieuwerkerk_aan_den_IJssel.gif
3;NLD;Zuid-Holland;Nieuwerkerk aan den IJssel;Groot Hitland;E4.633;N51.933;14;
3;NLD;Zuid-Holland;Nieuwerkerk aan den IJssel;Klein Hitland;E4.649;N51.966;14;
3;NLD;Zuid-Holland;Nieuwerkerk aan den IJssel;Kortenoord;E4.628;N51.969;13;
3;NLD;Zuid-Holland;Nieuwerkerk aan den IJssel;Nieuwerkerk aan den IJssel;E4.609;N51.968;12;
2;NLD;Zuid-Holland;Nieuwkoop;;E4.816;N52.160;12;places/NLD/flags/ZH/Nieuwkoop.gif
3;NLD;Zuid-Holland;Nieuwkoop;Achttienhoven;E4.858;N52.151;13;
3;NLD;Zuid-Holland;Nieuwkoop;Nieuwkoop;E4.778;N52.152;12;
3;NLD;Zuid-Holland;Nieuwkoop;Noorden;E4.827;N52.166;12;
3;NLD;Zuid-Holland;Nieuwkoop;Woerdense Verlaat;E4.862;N52.154;13;
2;NLD;Zuid-Holland;Noordwijk;;E4.441;N52.240;12;
3;NLD;Zuid-Holland;Noordwijk;Noordwijk;E4.445;N52.234;12;
3;NLD;Zuid-Holland;Noordwijk;Noordwijk aan Zee;E4.436;N52.243;12;
3;NLD;Zuid-Holland;Noordwijk;Noordwijk-Binnen;E4.445;N52.234;12;
2;NLD;Zuid-Holland;Noordwijkerhout;;E4.518;N52.286;12;
3;NLD;Zuid-Holland;Noordwijkerhout;De Zilk;E4.544;N52.302;12;
3;NLD;Zuid-Holland;Noordwijkerhout;Noordwijkerhout;E4.492;N52.261;12;
2;NLD;Zuid-Holland;Oegstgeest;;E4.468;N52.183;12;places/NLD/flags/ZH/Oegstgeest.gif
3;NLD;Zuid-Holland;Oegstgeest;Oegstgeest;E4.471;N52.183;12;
2;NLD;Zuid-Holland;Oostflakkee;;E4.264;N51.691;12;places/NLD/flags/ZH/Oostflakkee.gif
3;NLD;Zuid-Holland;Oostflakkee;Achthuizen;E4.282;N51.687;12;
3;NLD;Zuid-Holland;Oostflakkee;De Langstraat;E4.281;N51.675;12;
3;NLD;Zuid-Holland;Oostflakkee;Den Bommel;E4.285;N51.715;12;
3;NLD;Zuid-Holland;Oostflakkee;Ooltgensplaat;E4.346;N51.683;12;
3;NLD;Zuid-Holland;Oostflakkee;Oude-Tonge;E4.212;N51.691;12;
3;NLD;Zuid-Holland;Oostflakkee;Zuidzijde;E4.258;N51.700;12;
2;NLD;Zuid-Holland;Oud-Beijerland;;E4.411;N51.806;12;places/NLD/flags/ZH/Oud-Beijerland.gif
3;NLD;Zuid-Holland;Oud-Beijerland;Greup;E4.437;N51.787;12;
3;NLD;Zuid-Holland;Oud-Beijerland;Oud-Beijerland;E4.412;N51.823;12;
3;NLD;Zuid-Holland;Oud-Beijerland;Vuurbaken;E4.395;N51.787;12;
3;NLD;Zuid-Holland;Oud-Beijerland;Zinkweg;E4.389;N51.801;12;
2;NLD;Zuid-Holland;Ouderkerk;;E4.650;N51.961;12;places/NLD/flags/ZH/Ouderkerk.gif
3;NLD;Zuid-Holland;Ouderkerk;Gouderak;E4.675;N51.985;13;
3;NLD;Zuid-Holland;Ouderkerk;Lage Weg;E4.642;N51.966;13;
3;NLD;Zuid-Holland;Ouderkerk;Ouderkerk aan den IJssel;E4.639;N51.933;12;
2;NLD;Zuid-Holland;Papendrecht;;E4.711;N51.830;12;places/NLD/flags/ZH/Papendrecht.gif
3;NLD;Zuid-Holland;Papendrecht;Matena;E4.732;N51.833;13;
3;NLD;Zuid-Holland;Papendrecht;Oosteind;E4.722;N51.828;13;
3;NLD;Zuid-Holland;Papendrecht;Papendrecht;E4.689;N51.831;12;
2;NLD;Zuid-Holland;Pijnacker-Nootdorp;;E4.403;N52.016;12;places/NLD/flags/ZH/Pijnacker-Nootdorp.gif
3;NLD;Zuid-Holland;Pijnacker-Nootdorp;Delfgauw;E4.394;N52.007;12;
3;NLD;Zuid-Holland;Pijnacker-Nootdorp;Nootdorp;E4.396;N52.042;12;
3;NLD;Zuid-Holland;Pijnacker-Nootdorp;Oude Leede;E4.424;N51.985;12;
3;NLD;Zuid-Holland;Pijnacker-Nootdorp;Pijnacker;E4.436;N52.016;12;
2;NLD;Zuid-Holland;Reeuwijk;;E4.744;N52.047;12;places/NLD/flags/ZH/Reeuwijk.gif
3;NLD;Zuid-Holland;Reeuwijk;Driebruggen;E4.800;N52.044;12;
3;NLD;Zuid-Holland;Reeuwijk;Hogebrug;E4.804;N52.026;12;
3;NLD;Zuid-Holland;Reeuwijk;Middelburg;E4.683;N52.050;13;
3;NLD;Zuid-Holland;Reeuwijk;Reeuwijk;E4.726;N52.045;12;
3;NLD;Zuid-Holland;Reeuwijk;Reeuwijk-Brug;;;12;
3;NLD;Zuid-Holland;Reeuwijk;Reeuwijk-Dorp;E4.693;N52.054;12;
3;NLD;Zuid-Holland;Reeuwijk;Sluipwijk;E4.741;N52.039;13;
3;NLD;Zuid-Holland;Reeuwijk;Tempel;E4.705;N52.065;12;
3;NLD;Zuid-Holland;Reeuwijk;Waarder;E4.821;N52.060;12;
2;NLD;Zuid-Holland;Ridderkerk;;E4.598;N51.872;12;
3;NLD;Zuid-Holland;Ridderkerk;Bolnes;E4.577;N51.896;12;
3;NLD;Zuid-Holland;Ridderkerk;Oostendam;E4.637;N51.852;13;
3;NLD;Zuid-Holland;Ridderkerk;Ridderkerk;E4.604;N51.868;12;
3;NLD;Zuid-Holland;Ridderkerk;Rijsoord;E4.597;N51.850;13;
3;NLD;Zuid-Holland;Ridderkerk;Slikkerveer;E4.608;N51.884;12;
2;NLD;Zuid-Holland;Rijnwoude;;E4.588;N52.107;11;places/NLD/flags/ZH/Rijnwoude.gif
3;NLD;Zuid-Holland;Rijnwoude;Benthuizen;E4.544;N52.075;12;
3;NLD;Zuid-Holland;Rijnwoude;Hazerswoude-Dorp;E4.586;N52.096;12;
3;NLD;Zuid-Holland;Rijnwoude;Hazerswoude-Rijndijk;E4.590;N52.128;12;
3;NLD;Zuid-Holland;Rijnwoude;Koudekerk aan den Rijn;E4.602;N52.134;13;
3;NLD;Zuid-Holland;Rijnwoude;Rijneveld;;;12;
2;NLD;Zuid-Holland;Rijswijk;;E4.331;N52.028;12;places/NLD/flags/ZH/Rijswijk.gif
3;NLD;Zuid-Holland;Rijswijk;'t Haantje;E4.348;N52.021;12;
3;NLD;Zuid-Holland;Rijswijk;Rijswijk;E4.320;N52.041;12;
3;NLD;Zuid-Holland;Rijswijk;Sion;E4.327;N52.013;12;
2;NLD;Zuid-Holland;Rotterdam;;E4.320;N51.894;10;places/NLD/flags/ZH/Rotterdam.gif
3;NLD;Zuid-Holland;Rotterdam;Blijdorp;E4.450;N51.929;13;
3;NLD;Zuid-Holland;Rotterdam;Botlek;E4.270;N51.885;13;
3;NLD;Zuid-Holland;Rotterdam;Charlois;E4.470;N51.890;12;
3;NLD;Zuid-Holland;Rotterdam;Delfshaven;E4.450;N51.905;12;
3;NLD;Zuid-Holland;Rotterdam;Europoort;E4.114;N51.942;12;
3;NLD;Zuid-Holland;Rotterdam;Feijenoord;E4.511;N51.908;13;
3;NLD;Zuid-Holland;Rotterdam;Hillegersberg-Schiebroek;E4.480;N51.958;12;
3;NLD;Zuid-Holland;Rotterdam;Hoek van Holland;E4.135;N51.977;12;
3;NLD;Zuid-Holland;Rotterdam;Hoogvliet;E4.358;N51.863;12;
3;NLD;Zuid-Holland;Rotterdam;IJsselmonde;E4.550;N51.900;13;
3;NLD;Zuid-Holland;Rotterdam;Kralingen-Crooswijk;E4.504;N51.928;13;
3;NLD;Zuid-Holland;Rotterdam;Maasvlakte;E4.021;N51.952;12;
3;NLD;Zuid-Holland;Rotterdam;Noord;;;12;
3;NLD;Zuid-Holland;Rotterdam;Overschie;E4.416;N51.928;12;
3;NLD;Zuid-Holland;Rotterdam;Pernis;E4.387;N51.888;12;
3;NLD;Zuid-Holland;Rotterdam;Prins Alexander;;;10;
3;NLD;Zuid-Holland;Rotterdam;Rotterdam;E4.464;N51.921;12;
3;NLD;Zuid-Holland;Rotterdam;Vondelingenplaat;E4.355;N51.882;12;
2;NLD;Zuid-Holland;Rozenburg;;E4.249;N51.901;12;places/NLD/flags/ZH/Rozenburg.gif
3;NLD;Zuid-Holland;Rozenburg;Rozenburg;E4.245;N51.903;12;
2;NLD;Zuid-Holland;Schiedam;;E4.382;N51.932;10;places/NLD/flags/ZH/Schiedam.gif
3;NLD;Zuid-Holland;Schiedam;Kerkbuurt;;;12;
3;NLD;Zuid-Holland;Schiedam;Kethel;E4.376;N51.936;12;
3;NLD;Zuid-Holland;Schiedam;Schiedam;E4.397;N51.917;12;
2;NLD;Zuid-Holland;Schoonhoven;;E4.850;N51.945;12;places/NLD/flags/ZH/Schoonhoven.gif
3;NLD;Zuid-Holland;Schoonhoven;Schoonhoven;E4.851;N51.946;12;
2;NLD;Zuid-Holland;Sliedrecht;;E4.775;N51.820;12;places/NLD/flags/ZH/Sliedrecht.gif
3;NLD;Zuid-Holland;Sliedrecht;Sliedrecht;E4.772;N51.821;12;
2;NLD;Zuid-Holland;Spijkenisse;;E4.328;N51.840;12;places/NLD/flags/ZH/Spijkenisse.gif
3;NLD;Zuid-Holland;Spijkenisse;Hekelingen;E4.340;N51.826;12;
3;NLD;Zuid-Holland;Spijkenisse;Spijkenisse;E4.327;N51.850;12;
2;NLD;Zuid-Holland;Strijen;;E4.537;N51.746;11;places/NLD/flags/ZH/Strijen.gif
3;NLD;Zuid-Holland;Strijen;Cillaarshoek;E4.546;N51.770;12;
3;NLD;Zuid-Holland;Strijen;De Klem;E4.512;N51.736;12;
3;NLD;Zuid-Holland;Strijen;Mookhoek;E4.597;N51.751;12;
3;NLD;Zuid-Holland;Strijen;Oudendijk;E4.483;N51.767;12;
3;NLD;Zuid-Holland;Strijen;Strijen;E4.551;N51.741;12;
3;NLD;Zuid-Holland;Strijen;Strijensas;E4.585;N51.715;12;
2;NLD;Zuid-Holland;Ter Aar;;E4.715;N52.180;12;places/NLD/flags/ZH/Ter_Aar.gif
3;NLD;Zuid-Holland;Ter Aar;Aardam;E4.709;N52.165;12;
3;NLD;Zuid-Holland;Ter Aar;Korteraar;E4.732;N52.172;12;
3;NLD;Zuid-Holland;Ter Aar;Langeraar;E4.711;N52.192;12;
3;NLD;Zuid-Holland;Ter Aar;Papenveer;E4.723;N52.184;12;
3;NLD;Zuid-Holland;Ter Aar;Ter Aar;E4.717;N52.167;13;
2;NLD;Zuid-Holland;Teylingen;;E4.503;N52.226;11;
3;NLD;Zuid-Holland;Teylingen;Piet Gijzenbrug;E4.500;N52.250;13;
3;NLD;Zuid-Holland;Teylingen;Sassenheim;E4.521;N52.225;12;
3;NLD;Zuid-Holland;Teylingen;Teijlingen;E4.517;N52.233;13;
3;NLD;Zuid-Holland;Teylingen;Voorhout;E4.484;N52.221;12;
3;NLD;Zuid-Holland;Teylingen;Warmond;E4.501;N52.195;12;
2;NLD;Zuid-Holland;Vlaardingen;;E4.350;N51.908;12;places/NLD/flags/ZH/Vlaardingen.gif
3;NLD;Zuid-Holland;Vlaardingen;Vlaardingen;E4.344;N51.910;12;
2;NLD;Zuid-Holland;Vlist;;E4.805;N51.976;12;places/NLD/flags/ZH/Vlist.gif
3;NLD;Zuid-Holland;Vlist;Bonrepas;E4.845;N51.960;12;
3;NLD;Zuid-Holland;Vlist;Haastrecht;E4.774;N52.001;13;
3;NLD;Zuid-Holland;Vlist;Stolwijk;E4.773;N51.971;12;
3;NLD;Zuid-Holland;Vlist;Vlist;E4.821;N51.975;12;
2;NLD;Zuid-Holland;Voorschoten;;E4.449;N52.125;12;
3;NLD;Zuid-Holland;Voorschoten;Voorschoten;E4.446;N52.126;12;
2;NLD;Zuid-Holland;Waddinxveen;;E4.670;N52.037;12;places/NLD/flags/ZH/Waddinxveen.gif
3;NLD;Zuid-Holland;Waddinxveen;Bloemendaal;E4.705;N52.030;12;
3;NLD;Zuid-Holland;Waddinxveen;Waddinxveen;E4.646;N52.046;12;
2;NLD;Zuid-Holland;Wassenaar;;E4.398;N52.142;12;
3;NLD;Zuid-Holland;Wassenaar;Wassenaar;E4.394;N52.143;12;
2;NLD;Zuid-Holland;Westland;;E4.202;N52.002;12;
3;NLD;Zuid-Holland;Westland;'s-Gravenzande;E4.163;N52.002;12;
3;NLD;Zuid-Holland;Westland;De Lier;E4.249;N51.974;12;
3;NLD;Zuid-Holland;Westland;Heenweg;E4.180;N51.981;12;
3;NLD;Zuid-Holland;Westland;Honselersdijk;E4.224;N52.006;12;
3;NLD;Zuid-Holland;Westland;Kwintsheul;E4.258;N52.013;12;
3;NLD;Zuid-Holland;Westland;Maasdijk;E4.217;N51.959;12;
3;NLD;Zuid-Holland;Westland;Monster;E4.170;N52.024;12;
3;NLD;Zuid-Holland;Westland;Naaldwijk;E4.209;N51.992;12;
3;NLD;Zuid-Holland;Westland;Poeldijk;E4.219;N52.022;12;
3;NLD;Zuid-Holland;Westland;Ter Heijde;E4.171;N52.029;12;
3;NLD;Zuid-Holland;Westland;Wateringen;E4.275;N52.023;12;
2;NLD;Zuid-Holland;Westvoorne;;E4.099;N51.893;12;places/NLD/flags/ZH/Westvoorne.gif
3;NLD;Zuid-Holland;Westvoorne;Oostvoorne;E4.102;N51.911;12;
3;NLD;Zuid-Holland;Westvoorne;Rockanje;E4.070;N51.868;12;
3;NLD;Zuid-Holland;Westvoorne;Tinte;E4.136;N51.885;12;
2;NLD;Zuid-Holland;Zederik;;E5.022;N51.940;11;
3;NLD;Zuid-Holland;Zederik;Ameide;E4.961;N51.957;13;
3;NLD;Zuid-Holland;Zederik;Hei- en Boeicop;E5.075;N51.945;12;
3;NLD;Zuid-Holland;Zederik;Leerbroek;E5.049;N51.908;12;
3;NLD;Zuid-Holland;Zederik;Lexmond;E5.036;N51.962;12;
3;NLD;Zuid-Holland;Zederik;Meerkerk;E4.996;N51.919;12;
3;NLD;Zuid-Holland;Zederik;Nieuwland;E5.014;N51.902;12;
3;NLD;Zuid-Holland;Zederik;Tienhoven;E5.142;N51.960;12;
2;NLD;Zuid-Holland;Zevenhuizen-Moerkapelle;;E4.558;N52.015;11;
3;NLD;Zuid-Holland;Zevenhuizen-Moerkapelle;Moerhuizen;;;12;
3;NLD;Zuid-Holland;Zevenhuizen-Moerkapelle;Moerkapelle;E4.576;N52.044;12;
3;NLD;Zuid-Holland;Zevenhuizen-Moerkapelle;Oud Verlaat;E4.559;N51.972;13;
3;NLD;Zuid-Holland;Zevenhuizen-Moerkapelle;Zevenhuizen;E4.584;N52.011;12;
2;NLD;Zuid-Holland;Zoetermeer;;E4.490;N52.059;12;places/NLD/flags/ZH/Zoetermeer.gif
3;NLD;Zuid-Holland;Zoetermeer;Zoetermeer;E4.491;N52.060;12;
2;NLD;Zuid-Holland;Zoeterwoude;;E4.507;N52.119;12;places/NLD/flags/ZH/Zoeterwoude.gif
3;NLD;Zuid-Holland;Zoeterwoude;Gelderswoude;E4.533;N52.093;12;
3;NLD;Zuid-Holland;Zoeterwoude;Weipoort;E4.522;N52.113;13;
3;NLD;Zuid-Holland;Zoeterwoude;Westeinde;E4.483;N52.117;13;
3;NLD;Zuid-Holland;Zoeterwoude;Zoeterwoude;E4.495;N52.119;12;
3;NLD;Zuid-Holland;Zoeterwoude;Zoeterwoude-Dorp;E4.496;N52.119;13;
3;NLD;Zuid-Holland;Zoeterwoude;Zoeterwoude-Rijndijk;E4.527;N52.142;12;
3;NLD;Zuid-Holland;Zoeterwoude;Zuidbuurt;E4.502;N52.109;12;
2;NLD;Zuid-Holland;Zwijndrecht;;E4.599;N51.827;12;places/NLD/flags/ZH/Zwijndrecht.gif
3;NLD;Zuid-Holland;Zwijndrecht;Heerjansdam;E4.562;N51.834;12;
3;NLD;Zuid-Holland;Zwijndrecht;Kleine-Lindt;E4.572;N51.829;12;
3;NLD;Zuid-Holland;Zwijndrecht;Zwijndrecht;E4.644;N51.818;12;
