"Level";"Country";"State";"County";"Place";"Longitude";"Latitude";"ZoomLevel";"Icon"
2;FRA;Auvergne;Allier;;E3.1970;N46.4151;9;
3;FRA;Auvergne;Allier;Abrest 03001;E3.4333;N46.1000;13;
3;FRA;Auvergne;Allier;Agonges 03002;E3.1500;N46.6000;13;
3;FRA;Auvergne;Allier;Ainay-le-Château 03003;E2.7000;N46.7167;13;
3;FRA;Auvergne;Allier;Andelaroche 03004;E3.7500;N46.2500;13;
3;FRA;Auvergne;Allier;Archignat 03005;E2.4167;N46.3833;13;
3;FRA;Auvergne;Allier;Arfeuilles 03006;E3.7167;N46.1500;13;
3;FRA;Auvergne;Allier;Arpheuilles-Saint-Priest 03007;E2.6833;N46.2333;13;
3;FRA;Auvergne;Allier;Arronnes 03008;E3.5667;N46.0667;13;
3;FRA;Auvergne;Allier;Aubigny 03009;E3.1667;N46.6833;13;
3;FRA;Auvergne;Allier;Audes 03010;E2.5667;N46.4500;13;
3;FRA;Auvergne;Allier;Aurouër 03011;E3.3000;N46.6833;13;
3;FRA;Auvergne;Allier;Autry-Issards 03012;E3.1333;N46.5500;13;
3;FRA;Auvergne;Allier;Avermes 03013;E3.3000;N46.5833;13;
3;FRA;Auvergne;Allier;Avrilly 03014;E3.9833;N46.3333;13;
3;FRA;Auvergne;Allier;Bagneux 03015;E3.2000;N46.6500;13;
3;FRA;Auvergne;Allier;Barberier 03016;E3.2500;N46.2167;13;
3;FRA;Auvergne;Allier;Barrais-Bussolles 03017;E3.7333;N46.2833;13;
3;FRA;Auvergne;Allier;Bayet 03018;E3.2667;N46.2500;13;
3;FRA;Auvergne;Allier;Beaulon 03019;E3.6667;N46.6000;13;
3;FRA;Auvergne;Allier;Beaune-d'Allier 03020;E2.8833;N46.2833;13;
3;FRA;Auvergne;Allier;Bègues 03021;E3.1500;N46.1333;13;
3;FRA;Auvergne;Allier;Bellenaves 03022;E3.0833;N46.2000;13;
3;FRA;Auvergne;Allier;Bellerive-sur-Allier 03023;E3.4000;N46.1167;13;
3;FRA;Auvergne;Allier;Bert 03024;E3.7000;N46.3167;13;
3;FRA;Auvergne;Allier;Bessay-sur-Allier 03025;E3.3667;N46.4333;13;
3;FRA;Auvergne;Allier;Besson 03026;E3.2667;N46.4667;13;
3;FRA;Auvergne;Allier;Bézenet 03027;E2.8500;N46.3333;13;
3;FRA;Auvergne;Allier;Billezois 03028;E3.5667;N46.2167;13;
3;FRA;Auvergne;Allier;Billy 03029;E3.4333;N46.2333;13;
3;FRA;Auvergne;Allier;Biozat 03030;E3.2667;N46.0667;13;
3;FRA;Auvergne;Allier;Bizeneuille 03031;E2.7333;N46.4000;13;
3;FRA;Auvergne;Allier;Blomard 03032;E2.9833;N46.2833;13;
3;FRA;Auvergne;Allier;Bost 03033;E3.5167;N46.1667;13;
3;FRA;Auvergne;Allier;Boucé 03034;E3.4833;N46.3167;13;
3;FRA;Auvergne;Allier;Bourbon-l'Archambault 03036;E3.0500;N46.5833;13;
3;FRA;Auvergne;Allier;Braize 03037;E2.6500;N46.6667;13;
3;FRA;Auvergne;Allier;Bransat 03038;E3.2167;N46.3333;13;
3;FRA;Auvergne;Allier;Bresnay 03039;E3.2500;N46.4500;13;
3;FRA;Auvergne;Allier;Bressolles 03040;E3.3167;N46.5167;13;
3;FRA;Auvergne;Allier;Broût-Vernet 03043;E3.2833;N46.1833;13;
3;FRA;Auvergne;Allier;Brugheas 03044;E3.3667;N46.0833;13;
3;FRA;Auvergne;Allier;Busset 03045;E3.5167;N46.0667;13;
3;FRA;Auvergne;Allier;Buxières-les-Mines 03046;E2.9667;N46.4667;13;
3;FRA;Auvergne;Allier;Cérilly 03048;E2.8333;N46.6167;13;
3;FRA;Auvergne;Allier;Cesset 03049;E3.2167;N46.3000;13;
3;FRA;Auvergne;Allier;Chambérat 03051;E2.4167;N46.4167;13;
3;FRA;Auvergne;Allier;Chamblet 03052;E2.7000;N46.3333;13;
3;FRA;Auvergne;Allier;Chantelle 03053;E3.1500;N46.2333;13;
3;FRA;Auvergne;Allier;Chapeau 03054;E3.5167;N46.4833;13;
3;FRA;Auvergne;Allier;Chappes 03058;E2.9167;N46.3833;13;
3;FRA;Auvergne;Allier;Chareil-Cintrat 03059;E3.2167;N46.2667;13;
3;FRA;Auvergne;Allier;Charmeil 03060;E3.4000;N46.1667;13;
3;FRA;Auvergne;Allier;Charmes 03061;E3.2500;N46.0833;13;
3;FRA;Auvergne;Allier;Charroux 03062;E3.1500;N46.1833;13;
3;FRA;Auvergne;Allier;Chassenard 03063;E3.9833;N46.4500;13;
3;FRA;Auvergne;Allier;Château-sur-Allier 03064;E3.0333;N46.7667;13;
3;FRA;Auvergne;Allier;Châtel-de-Neuvre 03065;E3.3167;N46.4000;13;
3;FRA;Auvergne;Allier;Châtel-Montagne 03066;E3.6833;N46.1167;13;
3;FRA;Auvergne;Allier;Châtelperron 03067;E3.6500;N46.3833;13;
3;FRA;Auvergne;Allier;Châtelus 03068;E3.7333;N46.1833;13;
3;FRA;Auvergne;Allier;Châtillon 03069;E3.1333;N46.4667;13;
3;FRA;Auvergne;Allier;Chavenon 03070;E2.9500;N46.4167;13;
3;FRA;Auvergne;Allier;Chavroches 03071;E3.6000;N46.3500;13;
3;FRA;Auvergne;Allier;Chazemais 03072;E2.5333;N46.4833;13;
3;FRA;Auvergne;Allier;Chemilly 03073;E3.3167;N46.4833;13;
3;FRA;Auvergne;Allier;Chevagnes 03074;E3.5500;N46.6167;13;
3;FRA;Auvergne;Allier;Chezelle 03075;E3.1167;N46.2167;13;
3;FRA;Auvergne;Allier;Chézy 03076;E3.4667;N46.6167;13;
3;FRA;Auvergne;Allier;Chirat-l'Église 03077;E3.0500;N46.2500;13;
3;FRA;Auvergne;Allier;Chouvigny 03078;E3.0000;N46.1333;13;
3;FRA;Auvergne;Allier;Cindré 03079;E3.5667;N46.3167;13;
3;FRA;Auvergne;Allier;Cognat-Lyonne 03080;E3.3000;N46.1000;13;
3;FRA;Auvergne;Allier;Colombier 03081;E2.8000;N46.2667;13;
3;FRA;Auvergne;Allier;Commentry 03082;E2.7500;N46.2833;13;
3;FRA;Auvergne;Allier;Contigny 03083;E3.3000;N46.3667;13;
3;FRA;Auvergne;Allier;Cosne-d'Allier 03084;E2.8333;N46.4667;13;
3;FRA;Auvergne;Allier;Coulandon 03085;E3.2500;N46.5500;13;
3;FRA;Auvergne;Allier;Coulanges 03086;E3.8667;N46.4833;13;
3;FRA;Auvergne;Allier;Couleuvre 03087;E2.9167;N46.6667;13;
3;FRA;Auvergne;Allier;Courçais 03088;E2.4333;N46.4667;13;
3;FRA;Auvergne;Allier;Coutansouze 03089;E3.0333;N46.2167;13;
3;FRA;Auvergne;Allier;Couzon 03090;E3.1167;N46.6500;13;
3;FRA;Auvergne;Allier;Créchy 03091;E3.4167;N46.2667;13;
3;FRA;Auvergne;Allier;Cressanges 03092;E3.1667;N46.4500;13;
3;FRA;Auvergne;Allier;Creuzier-le-Neuf 03093;E3.4333;N46.1833;13;
3;FRA;Auvergne;Allier;Creuzier-le-Vieux 03094;E3.4333;N46.1667;13;
3;FRA;Auvergne;Allier;Cusset 03095;E3.4667;N46.1333;13;
3;FRA;Auvergne;Allier;Deneuille-lès-Chantelle 03096;E3.1333;N46.2333;13;
3;FRA;Auvergne;Allier;Deneuille-les-Mines 03097;E2.7833;N46.3667;13;
3;FRA;Auvergne;Allier;Désertines 03098;E2.6167;N46.3500;13;
3;FRA;Auvergne;Allier;Deux-Chaises 03099;E3.0333;N46.3833;13;
3;FRA;Auvergne;Allier;Diou 03100;E3.7500;N46.5333;13;
3;FRA;Auvergne;Allier;Domérat 03101;E2.5333;N46.3500;13;
3;FRA;Auvergne;Allier;Dompierre-sur-Besbre 03102;E3.6833;N46.5167;13;
3;FRA;Auvergne;Allier;Doyet 03104;E2.8000;N46.3333;13;
3;FRA;Auvergne;Allier;Droiturier 03105;E3.7167;N46.2333;13;
3;FRA;Auvergne;Allier;Durdat-Larequille 03106;E2.7000;N46.2500;13;
3;FRA;Auvergne;Allier;Ébreuil 03107;E3.0833;N46.1167;13;
3;FRA;Auvergne;Allier;Échassières 03108;E2.9333;N46.1833;13;
3;FRA;Auvergne;Allier;Escurolles 03109;E3.2667;N46.1333;13;
3;FRA;Auvergne;Allier;Espinasse-Vozelle 03110;E3.3167;N46.1333;13;
3;FRA;Auvergne;Allier;Estivareilles 03111;E2.6167;N46.4167;13;
3;FRA;Auvergne;Allier;Étroussat 03112;E3.2167;N46.2167;13;
3;FRA;Auvergne;Allier;Ferrières-sur-Sichon 03113;E3.6333;N46.0167;13;
3;FRA;Auvergne;Allier;Fleuriel 03115;E3.1667;N46.2833;13;
3;FRA;Auvergne;Allier;Fourilles 03116;E3.2000;N46.2333;13;
3;FRA;Auvergne;Allier;Franchesse 03117;E3.0333;N46.6333;13;
3;FRA;Auvergne;Allier;Gannat 03118;E3.2000;N46.1000;13;
3;FRA;Auvergne;Allier;Gannay-sur-Loire 03119;E3.6167;N46.7333;13;
3;FRA;Auvergne;Allier;Garnat-sur-Engièvre 03120;E3.6500;N46.6333;13;
3;FRA;Auvergne;Allier;Gennetines 03121;E3.4000;N46.6333;13;
3;FRA;Auvergne;Allier;Gipcy 03122;E3.0667;N46.5000;13;
3;FRA;Auvergne;Allier;Givarlais 03123;E2.6500;N46.4500;13;
3;FRA;Auvergne;Allier;Gouise 03124;E3.4333;N46.4167;13;
3;FRA;Auvergne;Allier;Hauterive 03126;E3.4500;N46.0833;13;
3;FRA;Auvergne;Allier;Hérisson 03127;E2.7167;N46.5167;13;
3;FRA;Auvergne;Allier;Huriel 03128;E2.4833;N46.3667;13;
3;FRA;Auvergne;Allier;Hyds 03129;E2.8333;N46.2833;13;
3;FRA;Auvergne;Allier;Isle-et-Bardais 03130;E2.8000;N46.6833;13;
3;FRA;Auvergne;Allier;Isserpent 03131;E3.6167;N46.1500;13;
3;FRA;Auvergne;Allier;Jaligny-sur-Besbre 03132;E3.5833;N46.3667;13;
3;FRA;Auvergne;Allier;Jenzat 03133;E3.2000;N46.1667;13;
3;FRA;Auvergne;Allier;La Celle 03047;E2.7833;N46.2167;13;
3;FRA;Auvergne;Allier;La Chabanne 03050;E3.7500;N46.0167;13;
3;FRA;Auvergne;Allier;La Chapelaude 03055;E2.5000;N46.4167;13;
3;FRA;Auvergne;Allier;La Chapelle 03056;E3.5833;N46.1000;13;
3;FRA;Auvergne;Allier;La Chapelle-aux-Chasses 03057;E3.5333;N46.6667;13;
3;FRA;Auvergne;Allier;La Ferté-Hauterive 03114;E3.3333;N46.4000;13;
3;FRA;Auvergne;Allier;La Guillermie 03125;E3.6500;N45.9833;13;
3;FRA;Auvergne;Allier;La Petite-Marche 03206;E2.5667;N46.2000;13;
3;FRA;Auvergne;Allier;Laféline 03134;E3.1667;N46.3500;13;
3;FRA;Auvergne;Allier;Lalizolle 03135;E3.0000;N46.1500;13;
3;FRA;Auvergne;Allier;Lamaids 03136;E2.4333;N46.3000;13;
3;FRA;Auvergne;Allier;Langy 03137;E3.4667;N46.2667;13;
3;FRA;Auvergne;Allier;Lapalisse 03138;E3.6333;N46.2500;13;
3;FRA;Auvergne;Allier;Laprugne 03139;E3.7500;N45.9833;13;
3;FRA;Auvergne;Allier;Lavault-Sainte-Anne 03140;E2.6000;N46.3167;13;
3;FRA;Auvergne;Allier;Lavoine 03141;E3.7000;N45.9667;13;
3;FRA;Auvergne;Allier;Le Bouchaud 03035;E3.8833;N46.3000;13;
3;FRA;Auvergne;Allier;Le Brethon 03041;E2.7167;N46.5667;13;
3;FRA;Auvergne;Allier;Le Breuil 03042;E3.6583;N46.1833;13;
3;FRA;Auvergne;Allier;Le Donjon 03103;E3.8000;N46.3500;13;
3;FRA;Auvergne;Allier;Le Mayet-d'École 03164;E3.2333;N46.1667;13;
3;FRA;Auvergne;Allier;Le Mayet-de-Montagne 03165;E3.6667;N46.0667;13;
3;FRA;Auvergne;Allier;Le Montet 03183;E3.0500;N46.4000;13;
3;FRA;Auvergne;Allier;Le Pin 03208;E3.8833;N46.4000;13;
3;FRA;Auvergne;Allier;Le Theil 03281;E3.1333;N46.3500;13;
3;FRA;Auvergne;Allier;Le Vernet 03306;E3.4500;N46.1000;13;
3;FRA;Auvergne;Allier;Le Veurdre 03309;E3.0500;N46.7500;13;
3;FRA;Auvergne;Allier;Le Vilhain 03313;E2.8000;N46.5667;13;
3;FRA;Auvergne;Allier;Lenax 03142;E3.8000;N46.3000;13;
3;FRA;Auvergne;Allier;Lételon 03143;E2.5833;N46.6500;13;
3;FRA;Auvergne;Allier;Liernolles 03144;E3.7667;N46.3833;13;
3;FRA;Auvergne;Allier;Lignerolles 03145;E2.5667;N46.2833;13;
3;FRA;Auvergne;Allier;Limoise 03146;E3.0500;N46.6833;13;
3;FRA;Auvergne;Allier;Loddes 03147;E3.7667;N46.2833;13;
3;FRA;Auvergne;Allier;Loriges 03148;E3.3500;N46.2833;13;
3;FRA;Auvergne;Allier;Louchy-Montfand 03149;E3.2500;N46.3167;13;
3;FRA;Auvergne;Allier;Louroux-Bourbonnais 03150;E2.8500;N46.5333;13;
3;FRA;Auvergne;Allier;Louroux-de-Beaune 03151;E2.8667;N46.3000;13;
3;FRA;Auvergne;Allier;Louroux-de-Bouble 03152;E2.9833;N46.2167;13;
3;FRA;Auvergne;Allier;Louroux-Hodement 03153;E2.7167;N46.4667;13;
3;FRA;Auvergne;Allier;Luneau 03154;E3.9500;N46.3667;13;
3;FRA;Auvergne;Allier;Lurcy-Lévis 03155;E2.9333;N46.7167;13;
3;FRA;Auvergne;Allier;Lusigny 03156;E3.4833;N46.6000;13;
3;FRA;Auvergne;Allier;Magnet 03157;E3.5000;N46.2167;13;
3;FRA;Auvergne;Allier;Maillet 03158;E2.6500;N46.4833;13;
3;FRA;Auvergne;Allier;Malicorne 03159;E2.7833;N46.3000;13;
3;FRA;Auvergne;Allier;Marcenat 03160;E3.5000;N46.2333;13;
3;FRA;Auvergne;Allier;Marcillat-en-Combraille 03161;E2.6333;N46.1667;13;
3;FRA;Auvergne;Allier;Marigny 03162;E3.2000;N46.5833;13;
3;FRA;Auvergne;Allier;Mariol 03163;E3.5000;N46.0167;13;
3;FRA;Auvergne;Allier;Mazerier 03166;E3.1833;N46.1333;13;
3;FRA;Auvergne;Allier;Mazirat 03167;E2.5333;N46.2333;13;
3;FRA;Auvergne;Allier;Meaulne 03168;E2.6167;N46.6000;13;
3;FRA;Auvergne;Allier;Meillard 03169;E3.2333;N46.4000;13;
3;FRA;Auvergne;Allier;Meillers 03170;E3.0833;N46.5000;13;
3;FRA;Auvergne;Allier;Mercy 03171;E3.5167;N46.4500;13;
3;FRA;Auvergne;Allier;Mesples 03172;E2.3500;N46.4333;13;
3;FRA;Auvergne;Allier;Molinet 03173;E3.9333;N46.4667;13;
3;FRA;Auvergne;Allier;Molles 03174;E3.5667;N46.1000;13;
3;FRA;Auvergne;Allier;Monestier 03175;E3.1167;N46.2500;13;
3;FRA;Auvergne;Allier;Monétay-sur-Allier 03176;E3.3000;N46.3833;13;
3;FRA;Auvergne;Allier;Monétay-sur-Loire 03177;E3.8167;N46.4333;13;
3;FRA;Auvergne;Allier;Montaigu-le-Blin 03179;E3.5000;N46.3000;13;
3;FRA;Auvergne;Allier;Montaiguët-en-Forez 03178;E3.8000;N46.2667;13;
3;FRA;Auvergne;Allier;Montbeugny 03180;E3.4833;N46.5333;13;
3;FRA;Auvergne;Allier;Montcombroux-les-Mines 03181;E3.7333;N46.3500;13;
3;FRA;Auvergne;Allier;Monteignet-sur-l'Andelot 03182;E3.2500;N46.1167;13;
3;FRA;Auvergne;Allier;Montilly 03184;E3.2500;N46.6167;13;
3;FRA;Auvergne;Allier;Montluçon 03185;E2.6000;N46.3333;13;
3;FRA;Auvergne;Allier;Montmarault 03186;E2.9500;N46.3167;13;
3;FRA;Auvergne;Allier;Montoldre 03187;E3.4500;N46.3333;13;
3;FRA;Auvergne;Allier;Montord 03188;E3.2333;N46.3000;13;
3;FRA;Auvergne;Allier;Montvicq 03189;E2.8167;N46.3167;13;
3;FRA;Auvergne;Allier;Moulins 03190;E3.3333;N46.5667;13;
3;FRA;Auvergne;Allier;Murat 03191;E2.9167;N46.4000;13;
3;FRA;Auvergne;Allier;Nades 03192;E2.9833;N46.1667;13;
3;FRA;Auvergne;Allier;Nassigny 03193;E2.6000;N46.5000;13;
3;FRA;Auvergne;Allier;Naves 03194;E3.1000;N46.1833;13;
3;FRA;Auvergne;Allier;Néris-les-Bains 03195;E2.6667;N46.2833;13;
3;FRA;Auvergne;Allier;Neuilly-en-Donjon 03196;E3.8833;N46.3500;13;
3;FRA;Auvergne;Allier;Neuilly-le-Réal 03197;E3.4167;N46.4500;13;
3;FRA;Auvergne;Allier;Neure 03198;E2.9833;N46.7500;13;
3;FRA;Auvergne;Allier;Neuville 03199=03315;E2.8284;N46.4202;13;
3;FRA;Auvergne;Allier;Neuvy 03200;E3.2833;N46.5500;13;
3;FRA;Auvergne;Allier;Nizerolles 03201;E3.6333;N46.1000;13;
3;FRA;Auvergne;Allier;Noyant-d'Allier 03202;E3.1167;N46.4833;13;
3;FRA;Auvergne;Allier;Paray-le-Frésil 03203;E3.6167;N46.6500;13;
3;FRA;Auvergne;Allier;Paray-sous-Briailles 03204;E3.3500;N46.2833;13;
3;FRA;Auvergne;Allier;Périgny 03205;E3.5500;N46.2500;13;
3;FRA;Auvergne;Allier;Pierrefitte-sur-Loire 03207;E3.8167;N46.5000;13;
3;FRA;Auvergne;Allier;Poëzat 03209;E3.2167;N46.0833;13;
3;FRA;Auvergne;Allier;Pouzy-Mésangy 03210;E3.0000;N46.7167;13;
3;FRA;Auvergne;Allier;Prémilhat 03211;E2.5333;N46.3167;13;
3;FRA;Auvergne;Allier;Quinssaines 03212;E2.5167;N46.3333;13;
3;FRA;Auvergne;Allier;Reugny 03213;E2.6167;N46.4667;13;
3;FRA;Auvergne;Allier;Rocles 03214;E3.0333;N46.4333;13;
3;FRA;Auvergne;Allier;Rongères 03215;E3.4500;N46.3000;13;
3;FRA;Auvergne;Allier;Ronnet 03216;E2.7000;N46.2000;13;
3;FRA;Auvergne;Allier;Saint-Angel 03217;E2.6833;N46.3500;13;
3;FRA;Auvergne;Allier;Saint-Aubin-le-Monial 03218;E3.0167;N46.5167;13;
3;FRA;Auvergne;Allier;Saint-Bonnet-de-Four 03219;E2.9167;N46.3167;13;
3;FRA;Auvergne;Allier;Saint-Bonnet-de-Rochefort 03220;E3.1333;N46.1500;13;
3;FRA;Auvergne;Allier;Saint-Bonnet-Tronçais 03221;E2.6833;N46.6500;13;
3;FRA;Auvergne;Allier;Saint-Caprais 03222;E2.7333;N46.5500;13;
3;FRA;Auvergne;Allier;Saint-Christophe 03223;E3.5667;N46.1667;13;
3;FRA;Auvergne;Allier;Saint-Clément 03224;E3.7000;N46.0500;13;
3;FRA;Auvergne;Allier;Saint-Désiré 03225;E2.4333;N46.5000;13;
3;FRA;Auvergne;Allier;Saint-Didier-en-Donjon 03226;E3.8500;N46.3833;13;
3;FRA;Auvergne;Allier;Saint-Didier-la-Forêt 03227;E3.3333;N46.2167;13;
3;FRA;Auvergne;Allier;Saint-Éloy-d'Allier 03228;E2.3500;N46.4833;13;
3;FRA;Auvergne;Allier;Saint-Ennemond 03229;E3.4167;N46.6667;13;
3;FRA;Auvergne;Allier;Saint-Étienne-de-Vicq 03230;E3.5333;N46.1833;13;
3;FRA;Auvergne;Allier;Saint-Fargeol 03231;E2.6333;N46.1333;13;
3;FRA;Auvergne;Allier;Saint-Félix 03232;E3.4833;N46.2333;13;
3;FRA;Auvergne;Allier;Saint-Genest 03233;E2.6000;N46.2667;13;
3;FRA;Auvergne;Allier;Saint-Gérand-de-Vaux 03234;E3.4000;N46.3667;13;
3;FRA;Auvergne;Allier;Saint-Gérand-le-Puy 03235;E3.5167;N46.2500;13;
3;FRA;Auvergne;Allier;Saint-Germain-de-Salles 03237;E3.2167;N46.1833;13;
3;FRA;Auvergne;Allier;Saint-Germain-des-Fossés 03236;E3.4333;N46.2000;13;
3;FRA;Auvergne;Allier;Saint-Hilaire 03238;E3.0167;N46.4833;13;
3;FRA;Auvergne;Allier;Saint-Léger-sur-Vouzance 03239;E3.9333;N46.4000;13;
3;FRA;Auvergne;Allier;Saint-Léon 03240;E3.6833;N46.4000;13;
3;FRA;Auvergne;Allier;Saint-Léopardin-d'Augy 03241;E3.1167;N46.6833;13;
3;FRA;Auvergne;Allier;Saint-Loup 03242;E3.3833;N46.3500;13;
3;FRA;Auvergne;Allier;Saint-Marcel-en-Marcillat 03244;E2.5833;N46.1500;13;
3;FRA;Auvergne;Allier;Saint-Marcel-en-Murat 03243;E3.0167;N46.3333;13;
3;FRA;Auvergne;Allier;Saint-Martin-des-Lais 03245;E3.6500;N46.6667;13;
3;FRA;Auvergne;Allier;Saint-Martinien 03246;E2.4667;N46.3333;13;
3;FRA;Auvergne;Allier;Saint-Menoux 03247;E3.1500;N46.5833;13;
3;FRA;Auvergne;Allier;Saint-Nicolas-des-Biefs 03248;E3.7833;N46.0667;13;
3;FRA;Auvergne;Allier;Saint-Palais 03249;E2.3000;N46.4333;13;
3;FRA;Auvergne;Allier;Saint-Pierre-Laval 03250;E3.7833;N46.2000;13;
3;FRA;Auvergne;Allier;Saint-Plaisir 03251;E2.9667;N46.6167;13;
3;FRA;Auvergne;Allier;Saint-Pont 03252;E3.3000;N46.1667;13;
3;FRA;Auvergne;Allier;Saint-Pourçain-sur-Besbre 03253;E3.6500;N46.4667;13;
3;FRA;Auvergne;Allier;Saint-Pourçain-sur-Sioule 03254;E3.2833;N46.3000;13;
3;FRA;Auvergne;Allier;Saint-Priest-d'Andelot 03255;E3.1667;N46.0667;13;
3;FRA;Auvergne;Allier;Saint-Priest-en-Murat 03256;E2.9167;N46.3500;13;
3;FRA;Auvergne;Allier;Saint-Prix 03257;E3.6500;N46.2333;13;
3;FRA;Auvergne;Allier;Saint-Rémy-en-Rollat 03258;E3.4000;N46.1833;13;
3;FRA;Auvergne;Allier;Saint-Sauvier 03259;E2.3333;N46.3833;13;
3;FRA;Auvergne;Allier;Saint-Sornin 03260;E3.0167;N46.4167;13;
3;FRA;Auvergne;Allier;Saint-Victor 03262;E2.6000;N46.3833;13;
3;FRA;Auvergne;Allier;Saint-Voir 03263;E3.5167;N46.4000;13;
3;FRA;Auvergne;Allier;Saint-Yorre 03264;E3.4667;N46.0667;13;
3;FRA;Auvergne;Allier;Sainte-Thérence 03261;E2.5500;N46.2333;13;
3;FRA;Auvergne;Allier;Saligny-sur-Roudon 03265;E3.7500;N46.4667;13;
3;FRA;Auvergne;Allier;Sanssat 03266;E3.4667;N46.2667;13;
3;FRA;Auvergne;Allier;Saulcet 03267;E3.2667;N46.3333;13;
3;FRA;Auvergne;Allier;Saulzet 03268;E3.2167;N46.1333;13;
3;FRA;Auvergne;Allier;Sauvagny 03269;E2.8167;N46.4500;13;
3;FRA;Auvergne;Allier;Sazeret 03270;E2.9667;N46.3500;13;
3;FRA;Auvergne;Allier;Serbannes 03271;E3.3667;N46.1000;13;
3;FRA;Auvergne;Allier;Servilly 03272;E3.6000;N46.2833;13;
3;FRA;Auvergne;Allier;Seuillet 03273;E3.4667;N46.2000;13;
3;FRA;Auvergne;Allier;Sorbier 03274;E3.6667;N46.3667;13;
3;FRA;Auvergne;Allier;Souvigny 03275;E3.1833;N46.5333;13;
3;FRA;Auvergne;Allier;Sussat 03276;E3.0500;N46.1500;13;
3;FRA;Auvergne;Allier;Target 03277;E3.0500;N46.3000;13;
3;FRA;Auvergne;Allier;Taxat-Senat 03278;E3.1333;N46.2000;13;
3;FRA;Auvergne;Allier;Teillet-Argenty 03279;E2.5000;N46.2500;13;
3;FRA;Auvergne;Allier;Terjat 03280;E2.6167;N46.2000;13;
3;FRA;Auvergne;Allier;Theneuille 03282;E2.8667;N46.5833;13;
3;FRA;Auvergne;Allier;Thiel-sur-Acolin 03283;E3.5833;N46.5167;13;
3;FRA;Auvergne;Allier;Thionne 03284;E3.5667;N46.4000;13;
3;FRA;Auvergne;Allier;Tortezais 03285;E2.8667;N46.4500;13;
3;FRA;Auvergne;Allier;Toulon-sur-Allier 03286;E3.3667;N46.5167;13;
3;FRA;Auvergne;Allier;Treban 03287;E3.1667;N46.4000;13;
3;FRA;Auvergne;Allier;Treignat 03288;E2.3333;N46.3500;13;
3;FRA;Auvergne;Allier;Treteau 03289;E3.5333;N46.3667;13;
3;FRA;Auvergne;Allier;Trévol 03290;E3.3000;N46.6333;13;
3;FRA;Auvergne;Allier;Trézelles 03291;E3.6000;N46.3333;13;
3;FRA;Auvergne;Allier;Tronget 03292;E3.0667;N46.4167;13;
3;FRA;Auvergne;Allier;Urçay 03293;E2.6000;N46.6333;13;
3;FRA;Auvergne;Allier;Ussel-d'Allier 03294;E3.1833;N46.2167;13;
3;FRA;Auvergne;Allier;Valignat 03295;E3.0667;N46.1833;13;
3;FRA;Auvergne;Allier;Valigny 03296;E2.8167;N46.7167;13;
3;FRA;Auvergne;Allier;Vallon-en-Sully 03297;E2.6000;N46.5333;13;
3;FRA;Auvergne;Allier;Varennes-sur-Allier 03298;E3.4000;N46.3167;13;
3;FRA;Auvergne;Allier;Varennes-sur-Tèche 03299;E3.6333;N46.3167;13;
3;FRA;Auvergne;Allier;Vaumas 03300;E3.6333;N46.4500;13;
3;FRA;Auvergne;Allier;Vaux 03301;E2.6000;N46.4250;13;
3;FRA;Auvergne;Allier;Veauce 03302;E3.0667;N46.1667;13;
3;FRA;Auvergne;Allier;Venas 03303;E2.7667;N46.4667;13;
3;FRA;Auvergne;Allier;Vendat 03304;E3.3500;N46.1500;13;
3;FRA;Auvergne;Allier;Verneix 03305;E2.6667;N46.4000;13;
3;FRA;Auvergne;Allier;Verneuil-en-Bourbonnais 03307;E3.2500;N46.3333;13;
3;FRA;Auvergne;Allier;Vernusse 03308;E2.9833;N46.2833;13;
3;FRA;Auvergne;Allier;Vichy 03310;E3.4167;N46.1167;13;
3;FRA;Auvergne;Allier;Vicq 03311;E3.1000;N46.1333;13;
3;FRA;Auvergne;Allier;Vieure 03312;E2.8833;N46.5000;13;
3;FRA;Auvergne;Allier;Villebret 03314;E2.6333;N46.2667;13;
3;FRA;Auvergne;Allier;Villefranche-d'Allier 03315;E2.8667;N46.4000;13;
3;FRA;Auvergne;Allier;Villeneuve-sur-Allier 03316;E3.2500;N46.6500;13;
3;FRA;Auvergne;Allier;Viplaix 03317;E2.3833;N46.4500;13;
3;FRA;Auvergne;Allier;Vitray 03318;E2.6667;N46.6167;13;
3;FRA;Auvergne;Allier;Voussac 03319;E3.0667;N46.3167;13;
3;FRA;Auvergne;Allier;Ygrande 03320;E2.9500;N46.5500;13;
3;FRA;Auvergne;Allier;Yzeure 03321;E3.3500;N46.5667;13;
2;FRA;Auvergne;Cantal;;E2.7631;N45.0793;9;
3;FRA;Auvergne;Cantal;Albepierre-Bredons 15025;E2.8833;N45.1000;13;
3;FRA;Auvergne;Cantal;Allanche 15001;E2.9344;N45.2302;13;
3;FRA;Auvergne;Cantal;Alleuze 15002;E3.1000;N44.9500;13;
3;FRA;Auvergne;Cantal;Ally 15003;E2.3100;N45.1700;13;
3;FRA;Auvergne;Cantal;Andelat 15004;E3.0667;N45.0667;13;
3;FRA;Auvergne;Cantal;Anglards-de-Saint-Flour 15005;E3.1541;N44.9823;13;
3;FRA;Auvergne;Cantal;Anglards-de-Salers 15006;E2.4397;N45.2077;13;
3;FRA;Auvergne;Cantal;Anterrieux 15007;E3.0667;N44.8333;13;
3;FRA;Auvergne;Cantal;Antignac 15008;E2.5500;N45.3667;13;
3;FRA;Auvergne;Cantal;Apchon 15009;E2.7000;N45.2667;13;
3;FRA;Auvergne;Cantal;Arches 15010;E2.3291;N45.3066;13;
3;FRA;Auvergne;Cantal;Arnac 15011;E2.2333;N45.0500;13;
3;FRA;Auvergne;Cantal;Arpajon-sur-Cère 15012;E2.4667;N44.9000;13;
3;FRA;Auvergne;Cantal;Auriac-l'Église 15013;E3.1333;N45.2667;13;
3;FRA;Auvergne;Cantal;Aurillac 15014;E2.4500;N44.9167;13;
3;FRA;Auvergne;Cantal;Auzers 15015;E2.4667;N45.2667;13;
3;FRA;Auvergne;Cantal;Ayrens 15016;E2.3333;N44.9833;13;
3;FRA;Auvergne;Cantal;Badailhac 15017;E2.6333;N44.9167;13;
3;FRA;Auvergne;Cantal;Barriac-les-Bosquets 15018;E2.2667;N45.1500;13;
3;FRA;Auvergne;Cantal;Bassignac 15019;E2.4167;N45.3167;13;
3;FRA;Auvergne;Cantal;Beaulieu 15020;E2.5123;N45.4568;13;
3;FRA;Auvergne;Cantal;Besse 15269;E2.3500;N45.1000;13;
3;FRA;Auvergne;Cantal;Boisset 15021;E2.2533;N44.7825;13;
3;FRA;Auvergne;Cantal;Bonnac 15022;E3.1667;N45.2167;13;
3;FRA;Auvergne;Cantal;Bournoncles 15023=15108;E3.2167;N44.9333;13;
3;FRA;Auvergne;Cantal;Brageac 15024;E2.3000;N45.2167;13;
3;FRA;Auvergne;Cantal;Brezons 15026;E2.8167;N44.9667;13;
3;FRA;Auvergne;Cantal;Calvinet 15027;E2.3667;N44.7167;13;
3;FRA;Auvergne;Cantal;Carlat 15028;E2.5667;N44.8833;13;
3;FRA;Auvergne;Cantal;Cassaniouze 15029;E2.3833;N44.6833;13;
3;FRA;Auvergne;Cantal;Cayrols 15030;E2.2333;N44.8333;13;
3;FRA;Auvergne;Cantal;Celles 15031;E2.9667;N45.1167;13;
3;FRA;Auvergne;Cantal;Celoux 15032;E3.2667;N45.1500;13;
3;FRA;Auvergne;Cantal;Cézens 15033;E2.8667;N44.9833;13;
3;FRA;Auvergne;Cantal;Chaliers 15034;E3.2333;N44.9500;13;
3;FRA;Auvergne;Cantal;Chalinargues 15035;E2.9333;N45.1500;13;
3;FRA;Auvergne;Cantal;Chalvignac 15036;E2.2500;N45.2500;13;
3;FRA;Auvergne;Cantal;Champagnac 15037;E2.4000;N45.3500;13;
3;FRA;Auvergne;Cantal;Champs-sur-Tarentaine-Marchal 15038;E2.5615;N45.3955;13;
3;FRA;Auvergne;Cantal;Chanet 15039=15001;E3.0078;N45.2522;13;
3;FRA;Auvergne;Cantal;Chanterelle 15040;E2.8333;N45.3833;13;
3;FRA;Auvergne;Cantal;Charmensac 15043;E3.0833;N45.2167;13;
3;FRA;Auvergne;Cantal;Chastel-sur-Murat 15044;E2.8667;N45.1167;13;
3;FRA;Auvergne;Cantal;Chaudes-Aigues 15045;E3.0000;N44.8500;13;
3;FRA;Auvergne;Cantal;Chaussenac 15046;E2.2833;N45.1833;13;
3;FRA;Auvergne;Cantal;Chavagnac 15047;E2.8818;N45.1530;13;
3;FRA;Auvergne;Cantal;Chazelles 15048;E3.3346;N45.1052;13;
3;FRA;Auvergne;Cantal;Cheylade 15049;E2.7333;N45.2333;13;
3;FRA;Auvergne;Cantal;Clavières 15051;E2.4333;N45.2500;13;
3;FRA;Auvergne;Cantal;Collandres 15052;E2.6667;N45.2500;13;
3;FRA;Auvergne;Cantal;Coltines 15053;E2.9833;N45.1000;13;
3;FRA;Auvergne;Cantal;Condat 15054;E2.7620;N45.3388;13;
3;FRA;Auvergne;Cantal;Coren 15055;E3.1000;N45.0833;13;
3;FRA;Auvergne;Cantal;Crandelles 15056;E2.3419;N44.9601;13;
3;FRA;Auvergne;Cantal;Cros-de-Montvert 15057;E2.1500;N45.0667;13;
3;FRA;Auvergne;Cantal;Cros-de-Ronesque 15058;E2.6167;N44.8667;13;
3;FRA;Auvergne;Cantal;Cussac 15059;E2.9333;N44.9833;13;
3;FRA;Auvergne;Cantal;Deux-Verges 15060;E3.0333;N44.8000;13;
3;FRA;Auvergne;Cantal;Dienne 15061;E2.7833;N45.1667;13;
3;FRA;Auvergne;Cantal;Drignac 15062=15003;E2.3583;N45.1667;13;
3;FRA;Auvergne;Cantal;Drugeac 15063;E2.3833;N45.1667;13;
3;FRA;Auvergne;Cantal;Escorailles 15064;E2.3333;N45.1667;13;
3;FRA;Auvergne;Cantal;Espinasse 15065;E2.9410;N44.8714;13;
3;FRA;Auvergne;Cantal;Faverolles 15068;E3.1667;N44.9333;13;
3;FRA;Auvergne;Cantal;Ferrières-Saint-Mary 15069;E3.0667;N45.1833;13;
3;FRA;Auvergne;Cantal;Fontanges 15070;E2.5167;N45.1167;13;
3;FRA;Auvergne;Cantal;Fournoulès 15071;E2.2833;N44.6667;13;
3;FRA;Auvergne;Cantal;Freix-Anglards 15072;E2.3866;N45.0215;13;
3;FRA;Auvergne;Cantal;Fridefont 15073;E3.0863;N44.9019;13;
3;FRA;Auvergne;Cantal;Giou-de-Mamou 15074;E2.5167;N44.9333;13;
3;FRA;Auvergne;Cantal;Girgols 15075;E2.4167;N45.0333;13;
3;FRA;Auvergne;Cantal;Glénat 15076;E2.1833;N44.9000;13;
3;FRA;Auvergne;Cantal;Gourdièges 15077;E2.8833;N44.9333;13;
3;FRA;Auvergne;Cantal;Jabrun 15078;E2.9667;N44.8000;13;
3;FRA;Auvergne;Cantal;Jaleyrac 15079;E2.3833;N45.2667;13;
3;FRA;Auvergne;Cantal;Jou-sous-Monjou 15081;E2.6667;N44.9333;13;
3;FRA;Auvergne;Cantal;Joursac 15080;E3.0056;N45.1420;13;
3;FRA;Auvergne;Cantal;Junhac 15082;E2.4667;N44.7000;13;
3;FRA;Auvergne;Cantal;Jussac 15083;E2.4333;N44.9833;13;
3;FRA;Auvergne;Cantal;La Chapelle-d'Alagnon 15041;E2.9000;N45.1000;13;
3;FRA;Auvergne;Cantal;La Chapelle-Laurent 15042;E3.2432;N45.1781;13;
3;FRA;Auvergne;Cantal;La Monselie 15128;E2.5500;N45.3333;13;
3;FRA;Auvergne;Cantal;La Ségalassière 15224;E2.2000;N44.8833;13;
3;FRA;Auvergne;Cantal;La Trinitat 15241;E2.9500;N44.7333;13;
3;FRA;Auvergne;Cantal;Labesserette 15084;E2.4833;N44.7333;13;
3;FRA;Auvergne;Cantal;Labrousse 15085;E2.5500;N44.8500;13;
3;FRA;Auvergne;Cantal;Lacapelle-Barrès 15086;E2.7333;N44.9333;13;
3;FRA;Auvergne;Cantal;Lacapelle-del-Fraisse 15087;E2.4361;N44.7998;13;
3;FRA;Auvergne;Cantal;Lacapelle-Viescamp 15088;E2.2667;N44.9167;13;
3;FRA;Auvergne;Cantal;Ladinhac 15089;E2.5167;N44.7500;13;
3;FRA;Auvergne;Cantal;Lafeuillade-en-Vézie 15090;E2.4667;N44.7833;13;
3;FRA;Auvergne;Cantal;Landeyrat 15091;E2.8833;N45.3000;13;
3;FRA;Auvergne;Cantal;Lanobre 15092;E2.5333;N45.4333;13;
3;FRA;Auvergne;Cantal;Lapeyrugue 15093;E2.5500;N44.7167;13;
3;FRA;Auvergne;Cantal;Laroquebrou 15094;E2.2000;N44.9667;13;
3;FRA;Auvergne;Cantal;Laroquevieille 15095;E2.5114;N45.0158;13;
3;FRA;Auvergne;Cantal;Lascelle 15096;E2.5833;N45.0167;13;
3;FRA;Auvergne;Cantal;Lastic 15097;E3.2104;N45.1129;13;
3;FRA;Auvergne;Cantal;Laurie 15098;E3.1000;N45.2833;13;
3;FRA;Auvergne;Cantal;Lavastrie 15099;E3.0500;N44.9333;13;
3;FRA;Auvergne;Cantal;Laveissenet 15100;E2.9000;N45.0833;13;
3;FRA;Auvergne;Cantal;Laveissière 15101;E2.8167;N45.1167;13;
3;FRA;Auvergne;Cantal;Lavigerie 15102;E2.7667;N45.1333;13;
3;FRA;Auvergne;Cantal;Le Claux 15050;E2.7167;N45.1667;13;
3;FRA;Auvergne;Cantal;Le Falgoux 15066;E2.6167;N45.1500;13;
3;FRA;Auvergne;Cantal;Le Fau 15067;E2.5833;N45.1000;13;
3;FRA;Auvergne;Cantal;Le Monteil 15131;E2.4997;N45.2981;13;
3;FRA;Auvergne;Cantal;Le Rouget 15268;E2.2333;N44.8500;13;
3;FRA;Auvergne;Cantal;Le Trioulou 15242;E2.1833;N44.6667;13;
3;FRA;Auvergne;Cantal;Le Vaulmier 15249;E2.5667;N45.2000;13;
3;FRA;Auvergne;Cantal;Le Vigean 15261;E2.3667;N45.2333;13;
3;FRA;Auvergne;Cantal;Les Ternes 15235;E3.0166;N44.9971;13;
3;FRA;Auvergne;Cantal;Leucamp 15103;E2.5333;N44.7667;13;
3;FRA;Auvergne;Cantal;Leynhac 15104;E2.3001;N44.7400;13;
3;FRA;Auvergne;Cantal;Leyvaux 15105;E3.0719;N45.3138;13;
3;FRA;Auvergne;Cantal;Lieutadès 15106;E2.8992;N44.8400;13;
3;FRA;Auvergne;Cantal;Lorcières 15107;E3.2667;N44.8667;13;
3;FRA;Auvergne;Cantal;Loubaresse 15108;E3.2333;N44.9333;13;
3;FRA;Auvergne;Cantal;Loupiac 15109=15153;E2.3500;N45.1167;13;
3;FRA;Auvergne;Cantal;Lugarde 15110;E2.7667;N45.3000;13;
3;FRA;Auvergne;Cantal;Madic 15111;E2.4667;N45.3833;13;
3;FRA;Auvergne;Cantal;Malbo 15112;E2.7500;N44.9667;13;
3;FRA;Auvergne;Cantal;Mandailles-Saint-Julien 15113;E2.6550;N45.0675;13;
3;FRA;Auvergne;Cantal;Marcenat 15114;E2.8333;N45.3167;13;
3;FRA;Auvergne;Cantal;Marchal 15115=15038;E2.6333;N45.4167;13;
3;FRA;Auvergne;Cantal;Marchastel 15116;E2.7333;N45.3000;13;
3;FRA;Auvergne;Cantal;Marcolès 15117;E2.3500;N44.7833;13;
3;FRA;Auvergne;Cantal;Marmanhac 15118;E2.4833;N45.0000;13;
3;FRA;Auvergne;Cantal;Massiac 15119;E3.2167;N45.2500;13;
3;FRA;Auvergne;Cantal;Mauriac 15120;E2.3333;N45.2167;13;
3;FRA;Auvergne;Cantal;Maurines 15121;E3.1000;N44.8667;13;
3;FRA;Auvergne;Cantal;Maurs 15122;E2.2000;N44.7167;13;
3;FRA;Auvergne;Cantal;Méallet 15123;E2.4333;N45.2500;13;
3;FRA;Auvergne;Cantal;Menet 15124;E2.5833;N45.3167;13;
3;FRA;Auvergne;Cantal;Mentières 15125;E3.1333;N45.0667;13;
3;FRA;Auvergne;Cantal;Molèdes 15126;E3.0500;N45.2667;13;
3;FRA;Auvergne;Cantal;Molompize 15127;E3.1333;N45.2333;13;
3;FRA;Auvergne;Cantal;Montboudif 15129;E2.7500;N45.3833;13;
3;FRA;Auvergne;Cantal;Montchamp 15130;E3.2000;N45.0667;13;
3;FRA;Auvergne;Cantal;Montgreleix 15132;E2.8833;N45.3667;13;
3;FRA;Auvergne;Cantal;Montmurat 15133;E2.2000;N44.6333;13;
3;FRA;Auvergne;Cantal;Montsalvy 15134;E2.5000;N44.7000;13;
3;FRA;Auvergne;Cantal;Montvert 15135;E2.1500;N44.9833;13;
3;FRA;Auvergne;Cantal;Mourjou 15136;E2.3333;N44.6833;13;
3;FRA;Auvergne;Cantal;Moussages 15137;E2.4833;N45.2333;13;
3;FRA;Auvergne;Cantal;Murat 15138;E2.8667;N45.1167;13;
3;FRA;Auvergne;Cantal;Narnhac 15139;E2.8000;N44.9167;13;
3;FRA;Auvergne;Cantal;Naucelles 15140;E2.4333;N44.9500;13;
3;FRA;Auvergne;Cantal;Neussargues-Moissac 15141;E2.9833;N45.1333;13;
3;FRA;Auvergne;Cantal;Neuvéglise 15142;E2.9833;N44.9333;13;
3;FRA;Auvergne;Cantal;Nieudan 15143;E2.2500;N44.9833;13;
3;FRA;Auvergne;Cantal;Omps 15144;E2.2833;N44.8667;13;
3;FRA;Auvergne;Cantal;Oradour 15145;E2.9500;N44.9167;13;
3;FRA;Auvergne;Cantal;Pailherols 15146;E2.6833;N44.9500;13;
3;FRA;Auvergne;Cantal;Parlan 15147;E2.1667;N44.8333;13;
3;FRA;Auvergne;Cantal;Paulhac 15148;E2.9044;N45.0070;13;
3;FRA;Auvergne;Cantal;Paulhenc 15149;E2.8333;N44.8667;13;
3;FRA;Auvergne;Cantal;Pers 15150;E2.2333;N44.8833;13;
3;FRA;Auvergne;Cantal;Peyrusse 15151;E3.0333;N45.2000;13;
3;FRA;Auvergne;Cantal;Pierrefort 15152;E2.8333;N44.9167;13;
3;FRA;Auvergne;Cantal;Pleaux 15153;E2.2333;N45.1333;13;
3;FRA;Auvergne;Cantal;Polminhac 15154;E2.5667;N44.9500;13;
3;FRA;Auvergne;Cantal;Pradiers 15155;E2.9333;N45.2667;13;
3;FRA;Auvergne;Cantal;Prunet 15156;E2.4667;N44.8167;13;
3;FRA;Auvergne;Cantal;Quézac 15157;E2.1833;N44.7333;13;
3;FRA;Auvergne;Cantal;Rageade 15158;E3.2833;N45.1000;13;
3;FRA;Auvergne;Cantal;Raulhac 15159;E2.6667;N44.9000;13;
3;FRA;Auvergne;Cantal;Reilhac 15160;E2.4333;N44.9667;13;
3;FRA;Auvergne;Cantal;Rézentières 15161;E3.1167;N45.1333;13;
3;FRA;Auvergne;Cantal;Riom-ès-Montagnes 15162;E2.6667;N45.2833;13;
3;FRA;Auvergne;Cantal;Roannes-Saint-Mary 15163;E2.4000;N44.8500;13;
3;FRA;Auvergne;Cantal;Roffiac 15164;E3.0333;N45.0500;13;
3;FRA;Auvergne;Cantal;Rouffiac 15165;E2.1500;N45.0167;13;
3;FRA;Auvergne;Cantal;Roumégoux 15166;E2.2000;N44.8500;13;
3;FRA;Auvergne;Cantal;Rouziers 15167;E2.2167;N44.7833;13;
3;FRA;Auvergne;Cantal;Ruynes-en-Margeride 15168;E3.2233;N45.0024;13;
3;FRA;Auvergne;Cantal;Saignes 15169;E2.4833;N45.3333;13;
3;FRA;Auvergne;Cantal;Saint-Amandin 15170;E2.7000;N45.3667;13;
3;FRA;Auvergne;Cantal;Saint-Antoine 15172;E2.3333;N44.7500;13;
3;FRA;Auvergne;Cantal;Saint-Bonnet-de-Condat 15173;E2.8000;N45.3000;13;
3;FRA;Auvergne;Cantal;Saint-Bonnet-de-Salers 15174;E2.4667;N45.1667;13;
3;FRA;Auvergne;Cantal;Saint-Cernin 15175;E2.4333;N45.0500;13;
3;FRA;Auvergne;Cantal;Saint-Chamant 15176;E2.4500;N45.0833;13;
3;FRA;Auvergne;Cantal;Saint-Christophe-les-Gorges 15177=15153;E2.3000;N45.1000;13;
3;FRA;Auvergne;Cantal;Saint-Cirgues-de-Jordanne 15178;E2.5833;N45.0333;13;
3;FRA;Auvergne;Cantal;Saint-Cirgues-de-Malbert 15179;E2.3833;N45.0667;13;
3;FRA;Auvergne;Cantal;Saint-Clément 15180;E2.6667;N44.9667;13;
3;FRA;Auvergne;Cantal;Saint-Constant 15181;E2.2333;N44.6833;13;
3;FRA;Auvergne;Cantal;Saint-Étienne-Cantalès 15182;E2.2333;N44.9500;13;
3;FRA;Auvergne;Cantal;Saint-Étienne-de-Carlat 15183;E2.5833;N44.9000;13;
3;FRA;Auvergne;Cantal;Saint-Étienne-de-Chomeil 15185;E2.6000;N45.3667;13;
3;FRA;Auvergne;Cantal;Saint-Étienne-de-Maurs 15184;E2.2000;N44.7000;13;
3;FRA;Auvergne;Cantal;Saint-Flour 15187;E3.0951;N45.0336;13;
3;FRA;Auvergne;Cantal;Saint-Georges 15188;E3.1279;N45.0197;13;
3;FRA;Auvergne;Cantal;Saint-Gérons 15189;E2.2167;N44.9500;13;
3;FRA;Auvergne;Cantal;Saint-Hippolyte 15190;E2.7044;N45.2230;13;
3;FRA;Auvergne;Cantal;Saint-Illide 15191;E2.3167;N45.0667;13;
3;FRA;Auvergne;Cantal;Saint-Jacques-des-Blats 15192;E2.7000;N45.0500;13;
3;FRA;Auvergne;Cantal;Saint-Julien-de-Jordanne 15193=15113;E2.6500;N45.0667;13;
3;FRA;Auvergne;Cantal;Saint-Julien-de-Toursac 15194;E2.2000;N44.7667;13;
3;FRA;Auvergne;Cantal;Saint-Just 15195;E3.2085;N44.8904;13;
3;FRA;Auvergne;Cantal;Saint-Mamet-la-Salvetat 15196;E2.3000;N44.8500;13;
3;FRA;Auvergne;Cantal;Saint-Marc 15197;E3.2000;N44.9000;13;
3;FRA;Auvergne;Cantal;Saint-Martial 15199;E3.0667;N44.8667;13;
3;FRA;Auvergne;Cantal;Saint-Martin-Cantalès 15200;E2.3000;N45.1000;13;
3;FRA;Auvergne;Cantal;Saint-Martin-sous-Vigouroux 15201;E2.8167;N44.9167;13;
3;FRA;Auvergne;Cantal;Saint-Martin-Valmeroux 15202;E2.4167;N45.1167;13;
3;FRA;Auvergne;Cantal;Saint-Mary-le-Plain 15203;E3.1667;N45.1833;13;
3;FRA;Auvergne;Cantal;Saint-Paul-de-Salers 15205;E2.5167;N45.1333;13;
3;FRA;Auvergne;Cantal;Saint-Paul-des-Landes 15204;E2.3167;N44.9333;13;
3;FRA;Auvergne;Cantal;Saint-Pierre 15206;E2.3833;N45.3833;13;
3;FRA;Auvergne;Cantal;Saint-Poncy 15207;E3.1833;N45.1667;13;
3;FRA;Auvergne;Cantal;Saint-Projet-de-Salers 15208;E2.5333;N45.0833;13;
3;FRA;Auvergne;Cantal;Saint-Rémy-de-Chaudes-Aigues 15209;E3.0500;N44.7667;13;
3;FRA;Auvergne;Cantal;Saint-Rémy-de-Salers 15210=15202;E2.4667;N45.1167;13;
3;FRA;Auvergne;Cantal;Saint-Santin-Cantalès 15211;E2.2500;N45.0500;13;
3;FRA;Auvergne;Cantal;Saint-Santin-de-Maurs 15212;E2.2167;N44.6500;13;
3;FRA;Auvergne;Cantal;Saint-Saturnin 15213;E2.8000;N45.2833;13;
3;FRA;Auvergne;Cantal;Saint-Saury 15214;E2.1667;N44.8667;13;
3;FRA;Auvergne;Cantal;Saint-Simon 15215;E2.4833;N44.9667;13;
3;FRA;Auvergne;Cantal;Saint-Urcize 15216;E3.0167;N44.6833;13;
3;FRA;Auvergne;Cantal;Saint-Victor 15217;E2.2880;N45.0099;13;
3;FRA;Auvergne;Cantal;Saint-Vincent-de-Salers 15218;E2.5303;N45.2036;13;
3;FRA;Auvergne;Cantal;Sainte-Anastasie 15171;E2.9833;N45.1667;13;
3;FRA;Auvergne;Cantal;Sainte-Eulalie 15186;E2.3833;N45.1167;13;
3;FRA;Auvergne;Cantal;Sainte-Marie 15198;E2.8833;N44.8667;13;
3;FRA;Auvergne;Cantal;Salers 15219;E2.5000;N45.1333;13;
3;FRA;Auvergne;Cantal;Salins 15220;E2.4000;N45.2000;13;
3;FRA;Auvergne;Cantal;Sansac-de-Marmiesse 15221;E2.3500;N44.8833;13;
3;FRA;Auvergne;Cantal;Sansac-Veinazès 15222;E2.4667;N44.7333;13;
3;FRA;Auvergne;Cantal;Sauvat 15223;E2.4500;N45.3167;13;
3;FRA;Auvergne;Cantal;Ségur-les-Villas 15225;E2.8333;N45.2500;13;
3;FRA;Auvergne;Cantal;Sénezergues 15226;E2.4333;N44.7000;13;
3;FRA;Auvergne;Cantal;Sériers 15227;E3.0500;N44.9667;13;
3;FRA;Auvergne;Cantal;Siran 15228;E2.1333;N44.9500;13;
3;FRA;Auvergne;Cantal;Soulages 15229;E2.8333;N45.2833;13;
3;FRA;Auvergne;Cantal;Sourniac 15230;E2.3500;N45.2833;13;
3;FRA;Auvergne;Cantal;Talizat 15231;E3.0475;N45.1158;13;
3;FRA;Auvergne;Cantal;Tanavelle 15232;E3.0000;N45.0167;13;
3;FRA;Auvergne;Cantal;Teissières-de-Cornet 15233;E2.3667;N44.9667;13;
3;FRA;Auvergne;Cantal;Teissières-lès-Bouliès 15234;E2.5436;N44.8225;13;
3;FRA;Auvergne;Cantal;Thiézac 15236;E2.6667;N45.0167;13;
3;FRA;Auvergne;Cantal;Tiviers 15237;E3.1667;N45.0667;13;
3;FRA;Auvergne;Cantal;Tournemire 15238;E2.4167;N45.0500;13;
3;FRA;Auvergne;Cantal;Tourniac 15239=15153;E2.2167;N45.2000;13;
3;FRA;Auvergne;Cantal;Trémouille 15240;E2.6833;N45.3833;13;
3;FRA;Auvergne;Cantal;Trizac 15243;E2.5333;N45.2667;13;
3;FRA;Auvergne;Cantal;Ussel 15244;E2.9333;N45.0833;13;
3;FRA;Auvergne;Cantal;Vabres 15245;E3.2094;N45.0344;13;
3;FRA;Auvergne;Cantal;Valette 15246;E2.6000;N45.2833;13;
3;FRA;Auvergne;Cantal;Valjouze 15247;E3.0667;N45.1667;13;
3;FRA;Auvergne;Cantal;Valuéjols 15248;E2.9333;N45.0500;13;
3;FRA;Auvergne;Cantal;Vebret 15250;E2.5202;N45.3395;13;
3;FRA;Auvergne;Cantal;Védrines-Saint-Loup 15251;E3.2833;N45.0667;13;
3;FRA;Auvergne;Cantal;Velzic 15252;E2.5500;N45.0000;13;
3;FRA;Auvergne;Cantal;Vernols 15253;E2.9000;N45.2333;13;
3;FRA;Auvergne;Cantal;Veyrières 15254;E2.3833;N45.3333;13;
3;FRA;Auvergne;Cantal;Vézac 15255;E2.5196;N44.8926;13;
3;FRA;Auvergne;Cantal;Vèze 15256;E3.0000;N45.2667;13;
3;FRA;Auvergne;Cantal;Vezels-Roussy 15257;E2.5833;N44.8000;13;
3;FRA;Auvergne;Cantal;Vic-sur-Cère 15258;E2.6167;N44.9833;13;
3;FRA;Auvergne;Cantal;Vieillespesse 15259;E3.1500;N45.1167;13;
3;FRA;Auvergne;Cantal;Vieillevie 15260;E2.4333;N44.6333;13;
3;FRA;Auvergne;Cantal;Villedieu 15262;E3.0667;N45.0000;13;
3;FRA;Auvergne;Cantal;Virargues 15263;E2.9167;N45.1333;13;
3;FRA;Auvergne;Cantal;Vitrac 15264;E2.3148;N44.8152;13;
3;FRA;Auvergne;Cantal;Ydes 15265;E2.4667;N45.3333;13;
3;FRA;Auvergne;Cantal;Yolet 15266;E2.5333;N44.9333;13;
3;FRA;Auvergne;Cantal;Ytrac 15267;E2.3667;N44.9167;13;
2;FRA;Auvergne;Haute-Loire;;E3.8315;N45.1065;9;
3;FRA;Auvergne;Haute-Loire;Agnat 43001;E3.4667;N45.3500;13;
3;FRA;Auvergne;Haute-Loire;Aiguilhe 43002;E3.8800;N45.0500;13;
3;FRA;Auvergne;Haute-Loire;Allègre 43003;E3.7000;N45.2000;13;
3;FRA;Auvergne;Haute-Loire;Alleyrac 43004;E3.9667;N44.8833;13;
3;FRA;Auvergne;Haute-Loire;Alleyras 43005;E3.6833;N44.9000;13;
3;FRA;Auvergne;Haute-Loire;Ally 43006;E3.3083;N45.1583;13;
3;FRA;Auvergne;Haute-Loire;Araules 43007;E4.1667;N45.0833;13;
3;FRA;Auvergne;Haute-Loire;Arlempdes 43008;E3.9167;N44.8667;13;
3;FRA;Auvergne;Haute-Loire;Arlet 43009;E3.4333;N45.1167;13;
3;FRA;Auvergne;Haute-Loire;Arsac-en-Velay 43010;E3.9500;N44.9833;13;
3;FRA;Auvergne;Haute-Loire;Aubazat 43011;E3.4500;N45.1333;13;
3;FRA;Auvergne;Haute-Loire;Aurec-sur-Loire 43012;E4.2000;N45.3667;13;
3;FRA;Auvergne;Haute-Loire;Autrac 43014;E3.1333;N45.3333;13;
3;FRA;Auvergne;Haute-Loire;Auvers 43015;E3.4167;N45.0000;13;
3;FRA;Auvergne;Haute-Loire;Auzon 43016;E3.3833;N45.3833;13;
3;FRA;Auvergne;Haute-Loire;Azérat 43017;E3.3833;N45.3667;13;
3;FRA;Auvergne;Haute-Loire;Bains 43018;E3.7667;N45.0167;13;
3;FRA;Auvergne;Haute-Loire;Barges 43019;E3.9000;N44.8333;13;
3;FRA;Auvergne;Haute-Loire;Bas-en-Basset 43020;E4.1000;N45.3000;13;
3;FRA;Auvergne;Haute-Loire;Beaulieu 43021;E3.9333;N45.1167;13;
3;FRA;Auvergne;Haute-Loire;Beaumont 43022;E3.3424;N45.3167;13;
3;FRA;Auvergne;Haute-Loire;Beaune-sur-Arzon 43023;E3.8167;N45.2833;13;
3;FRA;Auvergne;Haute-Loire;Beaux 43024;E4.1000;N45.1833;13;
3;FRA;Auvergne;Haute-Loire;Beauzac 43025;E4.1000;N45.2500;13;
3;FRA;Auvergne;Haute-Loire;Bellevue-la-Montagne 43026;E3.8167;N45.2167;13;
3;FRA;Auvergne;Haute-Loire;Berbezit 43027;E3.6000;N45.2833;13;
3;FRA;Auvergne;Haute-Loire;Bessamorel 43028;E4.0833;N45.1167;13;
3;FRA;Auvergne;Haute-Loire;Blanzac 43030;E3.8500;N45.1167;13;
3;FRA;Auvergne;Haute-Loire;Blassac 43031;E3.4167;N45.1667;13;
3;FRA;Auvergne;Haute-Loire;Blavozy 43032;E3.9500;N45.0500;13;
3;FRA;Auvergne;Haute-Loire;Blesle 43033;E3.1833;N45.3167;13;
3;FRA;Auvergne;Haute-Loire;Boisset 43034;E3.9833;N45.3167;13;
3;FRA;Auvergne;Haute-Loire;Bonneval 43035;E3.7500;N45.3167;13;
3;FRA;Auvergne;Haute-Loire;Borne 43036;E3.7833;N45.1000;13;
3;FRA;Auvergne;Haute-Loire;Bournoncle-Saint-Pierre 43038;E3.3167;N45.3333;13;
3;FRA;Auvergne;Haute-Loire;Brioude 43040;E3.4000;N45.3000;13;
3;FRA;Auvergne;Haute-Loire;Brives-Charensac 43041;E3.9333;N45.0500;13;
3;FRA;Auvergne;Haute-Loire;Cayres 43042;E3.8000;N44.9167;13;
3;FRA;Auvergne;Haute-Loire;Céaux-d'Allègre 43043;E3.7333;N45.1667;13;
3;FRA;Auvergne;Haute-Loire;Cerzat 43044;E3.4833;N45.1667;13;
3;FRA;Auvergne;Haute-Loire;Ceyssac 43045;E3.8167;N45.0333;13;
3;FRA;Auvergne;Haute-Loire;Chadrac 43046;E3.9000;N45.0667;13;
3;FRA;Auvergne;Haute-Loire;Chadron 43047;E3.9333;N44.9667;13;
3;FRA;Auvergne;Haute-Loire;Chamalières-sur-Loire 43049;E3.9833;N45.2000;13;
3;FRA;Auvergne;Haute-Loire;Chambezon 43050;E3.2333;N45.3833;13;
3;FRA;Auvergne;Haute-Loire;Champagnac-le-Vieux 43052;E3.5000;N45.3500;13;
3;FRA;Auvergne;Haute-Loire;Champclause 43053;E4.1750;N45.0250;13;
3;FRA;Auvergne;Haute-Loire;Chanaleilles 43054;E3.5000;N44.8667;13;
3;FRA;Auvergne;Haute-Loire;Chaniat 43055;E3.4833;N45.3167;13;
3;FRA;Auvergne;Haute-Loire;Chanteuges 43056;E3.5500;N45.0667;13;
3;FRA;Auvergne;Haute-Loire;Charraix 43060;E3.5667;N45.0333;13;
3;FRA;Auvergne;Haute-Loire;Chaspinhac 43061;E3.9500;N45.0833;13;
3;FRA;Auvergne;Haute-Loire;Chaspuzac 43062;E3.7333;N45.0667;13;
3;FRA;Auvergne;Haute-Loire;Chassagnes 43063;E3.5500;N45.2167;13;
3;FRA;Auvergne;Haute-Loire;Chassignolles 43064;E3.5000;N45.4000;13;
3;FRA;Auvergne;Haute-Loire;Chastel 43065;E3.3167;N45.0833;13;
3;FRA;Auvergne;Haute-Loire;Chaudeyrolles 43066;E4.2500;N44.9500;13;
3;FRA;Auvergne;Haute-Loire;Chavaniac-Lafayette 43067;E3.5833;N45.1500;13;
3;FRA;Auvergne;Haute-Loire;Chazelles 43068;E3.4833;N45.0167;13;
3;FRA;Auvergne;Haute-Loire;Chenereilles 43069;E4.2333;N45.1333;13;
3;FRA;Auvergne;Haute-Loire;Chilhac 43070;E3.4500;N45.1500;13;
3;FRA;Auvergne;Haute-Loire;Chomelix 43071;E3.8333;N45.2667;13;
3;FRA;Auvergne;Haute-Loire;Cistrières 43073;E3.6167;N45.3167;13;
3;FRA;Auvergne;Haute-Loire;Cohade 43074;E3.3833;N45.3333;13;
3;FRA;Auvergne;Haute-Loire;Collat 43075;E3.6167;N45.2500;13;
3;FRA;Auvergne;Haute-Loire;Connangles 43076;E3.6500;N45.3000;13;
3;FRA;Auvergne;Haute-Loire;Costaros 43077;E3.8333;N44.9000;13;
3;FRA;Auvergne;Haute-Loire;Coubon 43078;E3.9167;N45.0000;13;
3;FRA;Auvergne;Haute-Loire;Couteuges 43079;E3.5167;N45.1833;13;
3;FRA;Auvergne;Haute-Loire;Craponne-sur-Arzon 43080;E3.8500;N45.3333;13;
3;FRA;Auvergne;Haute-Loire;Croisances 43081;E3.6000;N44.9000;13;
3;FRA;Auvergne;Haute-Loire;Cronce 43082;E3.3667;N45.1000;13;
3;FRA;Auvergne;Haute-Loire;Cubelles 43083;E3.5833;N45.0000;13;
3;FRA;Auvergne;Haute-Loire;Cussac-sur-Loire 43084;E3.8833;N44.9833;13;
3;FRA;Auvergne;Haute-Loire;Desges 43085;E3.4667;N45.0167;13;
3;FRA;Auvergne;Haute-Loire;Domeyrat 43086;E3.5167;N45.2500;13;
3;FRA;Auvergne;Haute-Loire;Dunières 43087;E4.3333;N45.2167;13;
3;FRA;Auvergne;Haute-Loire;Espalem 43088;E3.2500;N45.3167;13;
3;FRA;Auvergne;Haute-Loire;Espaly-Saint-Marcel 43089;E3.8667;N45.0500;13;
3;FRA;Auvergne;Haute-Loire;Esplantas 43090;E3.5667;N44.9000;13;
3;FRA;Auvergne;Haute-Loire;Fay-sur-Lignon 43092;E4.2333;N44.9833;13;
3;FRA;Auvergne;Haute-Loire;Félines 43093;E3.7500;N45.2667;13;
3;FRA;Auvergne;Haute-Loire;Ferrussac 43094;E3.4167;N45.1000;13;
3;FRA;Auvergne;Haute-Loire;Fix-Saint-Geneys 43095;E3.6667;N45.1333;13;
3;FRA;Auvergne;Haute-Loire;Fontannes 43096;E3.4250;N45.2917;13;
3;FRA;Auvergne;Haute-Loire;Freycenet-la-Cuche 43097;E4.1000;N44.8833;13;
3;FRA;Auvergne;Haute-Loire;Freycenet-la-Tour 43098;E4.0667;N44.9333;13;
3;FRA;Auvergne;Haute-Loire;Frugerès-les-Mines 43099;E3.3167;N45.3833;13;
3;FRA;Auvergne;Haute-Loire;Frugières-le-Pin 43100;E3.5000;N45.2667;13;
3;FRA;Auvergne;Haute-Loire;Goudet 43101;E3.9167;N44.8833;13;
3;FRA;Auvergne;Haute-Loire;Grazac 43102;E4.1833;N45.1833;13;
3;FRA;Auvergne;Haute-Loire;Grenier-Montgon 43103;E3.2167;N45.2833;13;
3;FRA;Auvergne;Haute-Loire;Grèzes 43104;E3.5000;N44.9167;13;
3;FRA;Auvergne;Haute-Loire;Javaugues 43105;E3.4833;N45.2833;13;
3;FRA;Auvergne;Haute-Loire;Jax 43106;E3.6167;N45.1667;13;
3;FRA;Auvergne;Haute-Loire;Josat 43107;E3.6000;N45.2167;13;
3;FRA;Auvergne;Haute-Loire;Jullianges 43108;E3.7833;N45.3000;13;
3;FRA;Auvergne;Haute-Loire;La Besseyre-Saint-Mary 43029;E3.4167;N44.9667;13;
3;FRA;Auvergne;Haute-Loire;La Chaise-Dieu 43048;E3.7000;N45.3167;13;
3;FRA;Auvergne;Haute-Loire;La Chapelle-Bertin 43057;E3.6500;N45.2167;13;
3;FRA;Auvergne;Haute-Loire;La Chapelle-d'Aurec 43058;E4.2000;N45.3333;13;
3;FRA;Auvergne;Haute-Loire;La Chapelle-Geneste 43059;E3.6667;N45.3500;13;
3;FRA;Auvergne;Haute-Loire;La Chomette 43072;E3.4833;N45.2333;13;
3;FRA;Auvergne;Haute-Loire;La Sauvetat 43235=43111;E3.8500;N44.8500;13;
3;FRA;Auvergne;Haute-Loire;La Séauve-sur-Semène 43236;E4.2500;N45.2833;13;
3;FRA;Auvergne;Haute-Loire;Lafarre 43109;E3.9833;N44.8333;13;
3;FRA;Auvergne;Haute-Loire;Lamothe 43110;E3.4167;N45.3000;13;
3;FRA;Auvergne;Haute-Loire;Landos 43111;E3.8333;N44.8500;13;
3;FRA;Auvergne;Haute-Loire;Langeac 43112;E3.4833;N45.1000;13;
3;FRA;Auvergne;Haute-Loire;Lantriac 43113;E4.0000;N45.0000;13;
3;FRA;Auvergne;Haute-Loire;Lapte 43114;E4.2167;N45.1833;13;
3;FRA;Auvergne;Haute-Loire;Laussonne 43115;E4.0500;N44.9667;13;
3;FRA;Auvergne;Haute-Loire;Laval-sur-Doulon 43116;E3.5833;N45.3500;13;
3;FRA;Auvergne;Haute-Loire;Lavaudieu 43117;E3.4667;N45.2667;13;
3;FRA;Auvergne;Haute-Loire;Lavoûte-Chilhac 43118;E3.4000;N45.1500;13;
3;FRA;Auvergne;Haute-Loire;Lavoûte-sur-Loire 43119;E3.9000;N45.1167;13;
3;FRA;Auvergne;Haute-Loire;Le Bouchet-Saint-Nicolas 43037;E3.7833;N44.8833;13;
3;FRA;Auvergne;Haute-Loire;Le Brignon 43039;E3.8833;N44.9333;13;
3;FRA;Auvergne;Haute-Loire;Le Chambon-sur-Lignon 43051;E4.3000;N45.0500;13;
3;FRA;Auvergne;Haute-Loire;Le Mas-de-Tence 43129;E4.3667;N45.1167;13;
3;FRA;Auvergne;Haute-Loire;Le Monastier-sur-Gazeille 43135;E3.9833;N44.9333;13;
3;FRA;Auvergne;Haute-Loire;Le Monteil 43140;E3.9000;N45.0500;13;
3;FRA;Auvergne;Haute-Loire;Le Pertuis 43150;E4.0500;N45.1000;13;
3;FRA;Auvergne;Haute-Loire;Le Puy-en-Velay 43157;E3.8858;N45.0442;13;
3;FRA;Auvergne;Haute-Loire;Le Vernet 43260;E3.6667;N45.0333;13;
3;FRA;Auvergne;Haute-Loire;Lempdes-sur-Allagnon 43120;E3.2721;N45.3850;13;
3;FRA;Auvergne;Haute-Loire;Léotoing 43121;E3.2333;N45.3667;13;
3;FRA;Auvergne;Haute-Loire;Les Estables 43091;E4.1500;N44.9083;13;
3;FRA;Auvergne;Haute-Loire;Les Vastres 43253;E4.2500;N44.9833;13;
3;FRA;Auvergne;Haute-Loire;Les Villettes 43265;E4.1833;N45.2333;13;
3;FRA;Auvergne;Haute-Loire;Lissac 43122;E3.7667;N45.1333;13;
3;FRA;Auvergne;Haute-Loire;Lorlanges 43123;E3.2667;N45.3333;13;
3;FRA;Auvergne;Haute-Loire;Loudes 43124;E3.7500;N45.0833;13;
3;FRA;Auvergne;Haute-Loire;Lubilhac 43125;E3.2500;N45.2500;13;
3;FRA;Auvergne;Haute-Loire;Malrevers 43126;E3.9500;N45.1000;13;
3;FRA;Auvergne;Haute-Loire;Malvalette 43127;E4.1500;N45.3500;13;
3;FRA;Auvergne;Haute-Loire;Malvières 43128;E3.7333;N45.3333;13;
3;FRA;Auvergne;Haute-Loire;Mazerat-Aurouze 43131;E3.5667;N45.1833;13;
3;FRA;Auvergne;Haute-Loire;Mazet-Saint-Voy 43130;E4.2333;N45.0500;13;
3;FRA;Auvergne;Haute-Loire;Mazeyrat-d'Allier 43132;E3.5167;N45.1167;13;
3;FRA;Auvergne;Haute-Loire;Mercoeur 43133;E3.2934;N45.1918;13;
3;FRA;Auvergne;Haute-Loire;Mézères 43134;E4.0000;N45.1500;13;
3;FRA;Auvergne;Haute-Loire;Monistrol-d'Allier 43136;E3.6333;N44.9500;13;
3;FRA;Auvergne;Haute-Loire;Monistrol-sur-Loire 43137;E4.1667;N45.2833;13;
3;FRA;Auvergne;Haute-Loire;Monlet 43138;E3.7167;N45.2167;13;
3;FRA;Auvergne;Haute-Loire;Montclard 43139;E3.5667;N45.2667;13;
3;FRA;Auvergne;Haute-Loire;Montfaucon-en-Velay 43141;E4.3000;N45.1833;13;
3;FRA;Auvergne;Haute-Loire;Montregard 43142;E4.3500;N45.1500;13;
3;FRA;Auvergne;Haute-Loire;Montusclat 43143;E4.1333;N45.0167;13;
3;FRA;Auvergne;Haute-Loire;Moudeyres 43144;E4.1167;N44.9500;13;
3;FRA;Auvergne;Haute-Loire;Ouides 43145;E3.7333;N44.9000;13;
3;FRA;Auvergne;Haute-Loire;Ours-Mons 43146=43157;E3.9050;N45.0364;13;
3;FRA;Auvergne;Haute-Loire;Paulhac 43147;E3.3500;N45.3000;13;
3;FRA;Auvergne;Haute-Loire;Paulhaguet 43148;E3.5333;N45.2000;13;
3;FRA;Auvergne;Haute-Loire;Pébrac 43149;E3.5167;N45.0333;13;
3;FRA;Auvergne;Haute-Loire;Pinols 43151;E3.4167;N45.0500;13;
3;FRA;Auvergne;Haute-Loire;Polignac 43152;E3.8667;N45.0667;13;
3;FRA;Auvergne;Haute-Loire;Pont-Salomon 43153;E4.2500;N45.3333;13;
3;FRA;Auvergne;Haute-Loire;Pradelles 43154;E3.8667;N44.7667;13;
3;FRA;Auvergne;Haute-Loire;Prades 43155;E3.5833;N45.0167;13;
3;FRA;Auvergne;Haute-Loire;Présailles 43156;E4.0333;N44.9000;13;
3;FRA;Auvergne;Haute-Loire;Queyrières 43158;E4.1000;N45.0667;13;
3;FRA;Auvergne;Haute-Loire;Raucoules 43159;E4.3000;N45.1833;13;
3;FRA;Auvergne;Haute-Loire;Rauret 43160;E3.7833;N44.8167;13;
3;FRA;Auvergne;Haute-Loire;Reilhac 43161=43132;E3.5000;N45.1167;13;
3;FRA;Auvergne;Haute-Loire;Retournac 43162;E4.0333;N45.2000;13;
3;FRA;Auvergne;Haute-Loire;Riotord 43163;E4.4000;N45.2333;13;
3;FRA;Auvergne;Haute-Loire;Roche-en-Régnier 43164;E3.9333;N45.2167;13;
3;FRA;Auvergne;Haute-Loire;Rosières 43165;E3.9833;N45.1333;13;
3;FRA;Auvergne;Haute-Loire;Saint-André-de-Chalencon 43166;E4.0000;N45.2833;13;
3;FRA;Auvergne;Haute-Loire;Saint-Arcons-d'Allier 43167;E3.5667;N45.0667;13;
3;FRA;Auvergne;Haute-Loire;Saint-Arcons-de-Barges 43168;E3.9333;N44.8333;13;
3;FRA;Auvergne;Haute-Loire;Saint-Austremoine 43169;E3.3833;N45.1167;13;
3;FRA;Auvergne;Haute-Loire;Saint-Beauzire 43170;E3.2667;N45.2667;13;
3;FRA;Auvergne;Haute-Loire;Saint-Bérain 43171;E3.6333;N45.0333;13;
3;FRA;Auvergne;Haute-Loire;Saint-Bonnet-le-Froid 43172;E4.4500;N45.1500;13;
3;FRA;Auvergne;Haute-Loire;Saint-Christophe-d'Allier 43173;E3.7000;N44.8500;13;
3;FRA;Auvergne;Haute-Loire;Saint-Christophe-sur-Dolaison 43174;E3.8167;N45.0000;13;
3;FRA;Auvergne;Haute-Loire;Saint-Cirgues 43175;E3.4167;N45.1500;13;
3;FRA;Auvergne;Haute-Loire;Saint-Didier-d'Allier 43176;E3.6833;N44.9667;13;
3;FRA;Auvergne;Haute-Loire;Saint-Didier-en-Velay 43177;E4.2833;N45.3000;13;
3;FRA;Auvergne;Haute-Loire;Saint-Didier-sur-Doulon 43178;E3.5500;N45.3000;13;
3;FRA;Auvergne;Haute-Loire;Saint-Eble 43179=43132;E3.5667;N45.1333;13;
3;FRA;Auvergne;Haute-Loire;Saint-Étienne-du-Vigan 43180;E3.8333;N44.7833;13;
3;FRA;Auvergne;Haute-Loire;Saint-Étienne-Lardeyrol 43181;E4.0000;N45.0667;13;
3;FRA;Auvergne;Haute-Loire;Saint-Étienne-sur-Blesle 43182;E3.1333;N45.3167;13;
3;FRA;Auvergne;Haute-Loire;Saint-Ferréol-d'Auroure 43184;E4.2500;N45.3500;13;
3;FRA;Auvergne;Haute-Loire;Saint-Front 43186;E4.1333;N44.9833;13;
3;FRA;Auvergne;Haute-Loire;Saint-Geneys-près-Saint-Paulien 43187;E3.8167;N45.1500;13;
3;FRA;Auvergne;Haute-Loire;Saint-Georges-d'Aurac 43188;E3.5333;N45.1500;13;
3;FRA;Auvergne;Haute-Loire;Saint-Georges-Lagricol 43189;E3.8833;N45.2833;13;
3;FRA;Auvergne;Haute-Loire;Saint-Germain-Laprade 43190;E3.9667;N45.0333;13;
3;FRA;Auvergne;Haute-Loire;Saint-Géron 43191;E3.2833;N45.3333;13;
3;FRA;Auvergne;Haute-Loire;Saint-Haon 43192;E3.7500;N44.8500;13;
3;FRA;Auvergne;Haute-Loire;Saint-Hilaire 43193;E3.4390;N45.3807;13;
3;FRA;Auvergne;Haute-Loire;Saint-Hostien 43194;E4.0500;N45.0667;13;
3;FRA;Auvergne;Haute-Loire;Saint-Ilpize 43195;E3.4000;N45.2000;13;
3;FRA;Auvergne;Haute-Loire;Saint-Jean-d'Aubrigoux 43196;E3.8167;N45.3500;13;
3;FRA;Auvergne;Haute-Loire;Saint-Jean-de-Nay 43197;E3.7000;N45.0667;13;
3;FRA;Auvergne;Haute-Loire;Saint-Jean-Lachalm 43198;E3.7167;N44.9667;13;
3;FRA;Auvergne;Haute-Loire;Saint-Jeures 43199;E4.2000;N45.1000;13;
3;FRA;Auvergne;Haute-Loire;Saint-Julien-Chapteuil 43200;E4.0667;N45.0333;13;
3;FRA;Auvergne;Haute-Loire;Saint-Julien-d'Ance 43201;E3.9167;N45.3000;13;
3;FRA;Auvergne;Haute-Loire;Saint-Julien-des-Chazes 43202;E3.5833;N45.0500;13;
3;FRA;Auvergne;Haute-Loire;Saint-Julien-du-Pinet 43203;E4.0333;N45.1333;13;
3;FRA;Auvergne;Haute-Loire;Saint-Julien-Molhesabate 43204;E4.4333;N45.1833;13;
3;FRA;Auvergne;Haute-Loire;Saint-Just-Malmont 43205;E4.3167;N45.3333;13;
3;FRA;Auvergne;Haute-Loire;Saint-Just-près-Brioude 43206;E3.3667;N45.2333;13;
3;FRA;Auvergne;Haute-Loire;Saint-Laurent-Chabreuges 43207;E3.3500;N45.2833;13;
3;FRA;Auvergne;Haute-Loire;Saint-Martin-de-Fugères 43210;E3.9333;N44.9000;13;
3;FRA;Auvergne;Haute-Loire;Saint-Maurice-de-Lignon 43211;E4.1500;N45.2167;13;
3;FRA;Auvergne;Haute-Loire;Saint-Pal-de-Chalencon 43212;E3.9500;N45.3500;13;
3;FRA;Auvergne;Haute-Loire;Saint-Pal-de-Mons 43213;E4.2833;N45.2333;13;
3;FRA;Auvergne;Haute-Loire;Saint-Pal-de-Senouire 43214;E3.6500;N45.2667;13;
3;FRA;Auvergne;Haute-Loire;Saint-Paul-de-Tartas 43215;E3.9000;N44.8000;13;
3;FRA;Auvergne;Haute-Loire;Saint-Paulien 43216;E3.8167;N45.1333;13;
3;FRA;Auvergne;Haute-Loire;Saint-Pierre-du-Champ 43217;E3.9000;N45.2333;13;
3;FRA;Auvergne;Haute-Loire;Saint-Pierre-Eynac 43218;E4.0333;N45.0500;13;
3;FRA;Auvergne;Haute-Loire;Saint-Préjet-Armandon 43219;E3.5500;N45.2500;13;
3;FRA;Auvergne;Haute-Loire;Saint-Préjet-d'Allier 43220;E3.6167;N44.9167;13;
3;FRA;Auvergne;Haute-Loire;Saint-Privat-d'Allier 43221;E3.6833;N44.9833;13;
3;FRA;Auvergne;Haute-Loire;Saint-Privat-du-Dragon 43222;E3.4667;N45.1833;13;
3;FRA;Auvergne;Haute-Loire;Saint-Romain-Lachalm 43223;E4.3333;N45.2667;13;
3;FRA;Auvergne;Haute-Loire;Saint-Vénérand 43225;E3.6667;N44.8667;13;
3;FRA;Auvergne;Haute-Loire;Saint-Vert 43226;E3.5500;N45.3667;13;
3;FRA;Auvergne;Haute-Loire;Saint-Victor-Malescours 43227;E4.3167;N45.2833;13;
3;FRA;Auvergne;Haute-Loire;Saint-Victor-sur-Arlanc 43228;E3.7833;N45.3333;13;
3;FRA;Auvergne;Haute-Loire;Saint-Vidal 43229;E3.7833;N45.0667;13;
3;FRA;Auvergne;Haute-Loire;Saint-Vincent 43230;E3.9000;N45.1333;13;
3;FRA;Auvergne;Haute-Loire;Sainte-Eugénie-de-Villeneuve 43183;E3.6167;N45.1333;13;
3;FRA;Auvergne;Haute-Loire;Sainte-Florine 43185;E3.3333;N45.4000;13;
3;FRA;Auvergne;Haute-Loire;Sainte-Marguerite 43208;E3.5833;N45.2000;13;
3;FRA;Auvergne;Haute-Loire;Sainte-Marie-des-Chazes 43209=43239;E3.6005;N45.0543;13;
3;FRA;Auvergne;Haute-Loire;Sainte-Sigolène 43224;E4.2500;N45.2333;13;
3;FRA;Auvergne;Haute-Loire;Salettes 43231;E3.9500;N44.8500;13;
3;FRA;Auvergne;Haute-Loire;Salzuit 43232;E3.5000;N45.2167;13;
3;FRA;Auvergne;Haute-Loire;Sanssac-l'Église 43233;E3.7667;N45.0500;13;
3;FRA;Auvergne;Haute-Loire;Saugues 43234;E3.5500;N44.9667;13;
3;FRA;Auvergne;Haute-Loire;Sembadel 43237;E3.6833;N45.2667;13;
3;FRA;Auvergne;Haute-Loire;Séneujols 43238;E3.7833;N44.9667;13;
3;FRA;Auvergne;Haute-Loire;Siaugues-Sainte-Marie 43239;E3.6167;N45.0833;13;
3;FRA;Auvergne;Haute-Loire;Solignac-sous-Roche 43240;E4.0000;N45.2500;13;
3;FRA;Auvergne;Haute-Loire;Solignac-sur-Loire 43241;E3.8833;N44.9667;13;
3;FRA;Auvergne;Haute-Loire;Tailhac 43242;E3.4667;N45.0500;13;
3;FRA;Auvergne;Haute-Loire;Taulhac-près-le-Puy 43243=43157;E3.8895;N45.0226;13;
3;FRA;Auvergne;Haute-Loire;Tence 43244;E4.2833;N45.1167;13;
3;FRA;Auvergne;Haute-Loire;Thoras 43245;E3.5667;N44.8667;13;
3;FRA;Auvergne;Haute-Loire;Tiranges 43246;E3.9833;N45.3000;13;
3;FRA;Auvergne;Haute-Loire;Torsiac 43247;E3.2333;N45.3500;13;
3;FRA;Auvergne;Haute-Loire;Vabres 43248=43005;E3.6724;N44.9054;13;
3;FRA;Auvergne;Haute-Loire;Valprivas 43249;E4.0500;N45.3167;13;
3;FRA;Auvergne;Haute-Loire;Vals-le-Chastel 43250;E3.5333;N45.2667;13;
3;FRA;Auvergne;Haute-Loire;Vals-près-le-Puy 43251;E3.8667;N45.0167;13;
3;FRA;Auvergne;Haute-Loire;Varennes-Saint-Honorat 43252;E3.6333;N45.1833;13;
3;FRA;Auvergne;Haute-Loire;Vazeilles-Limandre 43254;E3.6667;N45.1167;13;
3;FRA;Auvergne;Haute-Loire;Vazeilles-près-Saugues 43255;E3.5833;N44.9000;13;
3;FRA;Auvergne;Haute-Loire;Venteuges 43256;E3.5167;N44.9833;13;
3;FRA;Auvergne;Haute-Loire;Vergezac 43257;E3.7167;N45.0333;13;
3;FRA;Auvergne;Haute-Loire;Vergongheon 43258;E3.3333;N45.3667;13;
3;FRA;Auvergne;Haute-Loire;Vernassal 43259;E3.7000;N45.1500;13;
3;FRA;Auvergne;Haute-Loire;Vézézoux 43261;E3.3500;N45.4000;13;
3;FRA;Auvergne;Haute-Loire;Vieille-Brioude 43262;E3.4167;N45.2667;13;
3;FRA;Auvergne;Haute-Loire;Vielprat 43263;E3.9500;N44.8500;13;
3;FRA;Auvergne;Haute-Loire;Villeneuve-d'Allier 43264;E3.4000;N45.2000;13;
3;FRA;Auvergne;Haute-Loire;Vissac 43266=43013;E3.6000;N45.1000;13;
3;FRA;Auvergne;Haute-Loire;Vissac-Auteyrac 43013;E3.6000;N45.1167;13;
3;FRA;Auvergne;Haute-Loire;Vorey 43267;E3.9000;N45.1833;13;
3;FRA;Auvergne;Haute-Loire;Yssingeaux 43268;E4.1167;N45.1333;13;
2;FRA;Auvergne;Puy-de-Dôme;;E3.1696;N45.7637;9;
3;FRA;Auvergne;Puy-de-Dôme;Aigueperse 63001;E3.2000;N46.0167;13;
3;FRA;Auvergne;Puy-de-Dôme;Aix-la-Fayette 63002;E3.5333;N45.5167;13;
3;FRA;Auvergne;Puy-de-Dôme;Ambert 63003;E3.7500;N45.5500;13;
3;FRA;Auvergne;Puy-de-Dôme;Antoingt 63005;E3.1833;N45.5000;13;
3;FRA;Auvergne;Puy-de-Dôme;Anzat-le-Luguet 63006;E3.0500;N45.3333;13;
3;FRA;Auvergne;Puy-de-Dôme;Apchat 63007;E3.1500;N45.3833;13;
3;FRA;Auvergne;Puy-de-Dôme;Arconsat 63008;E3.7000;N45.9000;13;
3;FRA;Auvergne;Puy-de-Dôme;Ardes 63009;E3.1167;N45.4000;13;
3;FRA;Auvergne;Puy-de-Dôme;Arlanc 63010;E3.7333;N45.4167;13;
3;FRA;Auvergne;Puy-de-Dôme;Ars-les-Favets 63011;E2.7500;N46.2000;13;
3;FRA;Auvergne;Puy-de-Dôme;Artonne 63012;E3.1333;N46.0000;13;
3;FRA;Auvergne;Puy-de-Dôme;Aubiat 63013;E3.1693;N45.9785;13;
3;FRA;Auvergne;Puy-de-Dôme;Aubière 63014;E3.1167;N45.7500;13;
3;FRA;Auvergne;Puy-de-Dôme;Aubusson-d'Auvergne 63015;E3.6167;N45.7500;13;
3;FRA;Auvergne;Puy-de-Dôme;Augerolles 63016;E3.6167;N45.7167;13;
3;FRA;Auvergne;Puy-de-Dôme;Augnat 63017;E3.2000;N45.4167;13;
3;FRA;Auvergne;Puy-de-Dôme;Aulhat-Saint-Privat 63018;E3.3167;N45.5667;13;
3;FRA;Auvergne;Puy-de-Dôme;Aulnat 63019;E3.1667;N45.8000;13;
3;FRA;Auvergne;Puy-de-Dôme;Aurières 63020;E2.9167;N45.6833;13;
3;FRA;Auvergne;Puy-de-Dôme;Authezat 63021;E3.2000;N45.6333;13;
3;FRA;Auvergne;Puy-de-Dôme;Auzat-la-Combelle 63022;E3.3167;N45.4500;13;
3;FRA;Auvergne;Puy-de-Dôme;Auzelles 63023;E3.5333;N45.6167;13;
3;FRA;Auvergne;Puy-de-Dôme;Avèze 63024;E2.6000;N45.6000;13;
3;FRA;Auvergne;Puy-de-Dôme;Ayat-sur-Sioule 63025;E2.9000;N46.0500;13;
3;FRA;Auvergne;Puy-de-Dôme;Aydat 63026;E2.9833;N45.6667;13;
3;FRA;Auvergne;Puy-de-Dôme;Baffie 63027;E3.8167;N45.4667;13;
3;FRA;Auvergne;Puy-de-Dôme;Bagnols 63028;E2.6333;N45.5000;13;
3;FRA;Auvergne;Puy-de-Dôme;Bansat 63029;E3.3500;N45.4833;13;
3;FRA;Auvergne;Puy-de-Dôme;Bas-et-Lezat 63030;E3.3000;N46.0167;13;
3;FRA;Auvergne;Puy-de-Dôme;Beaulieu 63031;E3.2833;N45.4500;13;
3;FRA;Auvergne;Puy-de-Dôme;Beaumont 63032;E3.1000;N45.7500;13;
3;FRA;Auvergne;Puy-de-Dôme;Beaumont-lès-Randan 63033;E3.3833;N46.0000;13;
3;FRA;Auvergne;Puy-de-Dôme;Beauregard-l'Évêque 63034;E3.3000;N45.8167;13;
3;FRA;Auvergne;Puy-de-Dôme;Beauregard-Vendon 63035;E3.1000;N45.9667;13;
3;FRA;Auvergne;Puy-de-Dôme;Bergonne 63036;E3.2333;N45.5000;13;
3;FRA;Auvergne;Puy-de-Dôme;Bertignat 63037;E3.6833;N45.6167;13;
3;FRA;Auvergne;Puy-de-Dôme;Besse-et-Saint-Anastaise 63038;E2.9333;N45.5000;13;
3;FRA;Auvergne;Puy-de-Dôme;Beurières 63039;E3.7667;N45.4333;13;
3;FRA;Auvergne;Puy-de-Dôme;Billom 63040;E3.3500;N45.7167;13;
3;FRA;Auvergne;Puy-de-Dôme;Biollet 63041;E2.6833;N46.0000;13;
3;FRA;Auvergne;Puy-de-Dôme;Blanzat 63042;E3.0833;N45.8333;13;
3;FRA;Auvergne;Puy-de-Dôme;Blot-l'Église 63043;E2.9500;N46.0333;13;
3;FRA;Auvergne;Puy-de-Dôme;Bongheat 63044;E3.4333;N45.7333;13;
3;FRA;Auvergne;Puy-de-Dôme;Bort-l'Étang 63045;E3.4333;N45.7833;13;
3;FRA;Auvergne;Puy-de-Dôme;Boudes 63046;E3.2000;N45.4667;13;
3;FRA;Auvergne;Puy-de-Dôme;Bourg-Lastic 63048;E2.5667;N45.6500;13;
3;FRA;Auvergne;Puy-de-Dôme;Bouzel 63049;E3.3167;N45.7833;13;
3;FRA;Auvergne;Puy-de-Dôme;Brassac-les-Mines 63050;E3.3333;N45.4000;13;
3;FRA;Auvergne;Puy-de-Dôme;Brenat 63051;E3.3167;N45.5500;13;
3;FRA;Auvergne;Puy-de-Dôme;Briffons 63053;E2.6667;N45.7000;13;
3;FRA;Auvergne;Puy-de-Dôme;Bromont-Lamothe 63055;E2.8333;N45.8333;13;
3;FRA;Auvergne;Puy-de-Dôme;Brousse 63056;E3.4667;N45.6000;13;
3;FRA;Auvergne;Puy-de-Dôme;Bulhon 63058;E3.3833;N45.9000;13;
3;FRA;Auvergne;Puy-de-Dôme;Busséol 63059;E3.2500;N45.6833;13;
3;FRA;Auvergne;Puy-de-Dôme;Bussières 63060;E2.6333;N46.0667;13;
3;FRA;Auvergne;Puy-de-Dôme;Bussières-et-Pruns 63061;E3.2333;N46.0000;13;
3;FRA;Auvergne;Puy-de-Dôme;Buxières-sous-Montaigut 63062;E2.8500;N46.2000;13;
3;FRA;Auvergne;Puy-de-Dôme;Cébazat 63063;E3.1000;N45.8333;13;
3;FRA;Auvergne;Puy-de-Dôme;Ceilloux 63065;E3.5167;N45.6500;13;
3;FRA;Auvergne;Puy-de-Dôme;Celles-sur-Durolle 63066;E3.6333;N45.8500;13;
3;FRA;Auvergne;Puy-de-Dôme;Cellule 63068;E3.1333;N45.9500;13;
3;FRA;Auvergne;Puy-de-Dôme;Ceyrat 63070;E3.0667;N45.7333;13;
3;FRA;Auvergne;Puy-de-Dôme;Ceyssat 63071;E2.2833;N45.7500;13;
3;FRA;Auvergne;Puy-de-Dôme;Chabreloche 63072;E3.7000;N45.8833;13;
3;FRA;Auvergne;Puy-de-Dôme;Chadeleuf 63073;E3.1833;N45.5833;13;
3;FRA;Auvergne;Puy-de-Dôme;Chalus 63074;E3.2167;N45.4667;13;
3;FRA;Auvergne;Puy-de-Dôme;Chamalières 63075;E3.0667;N45.7833;13;
3;FRA;Auvergne;Puy-de-Dôme;Chambon-sur-Dolore 63076;E3.6167;N45.5000;13;
3;FRA;Auvergne;Puy-de-Dôme;Chambon-sur-Lac 63077;E2.9000;N45.5667;13;
3;FRA;Auvergne;Puy-de-Dôme;Chaméane 63078;E3.4667;N45.5167;13;
3;FRA;Auvergne;Puy-de-Dôme;Champagnat-le-Jeune 63079;E3.4333;N45.4500;13;
3;FRA;Auvergne;Puy-de-Dôme;Champeix 63080;E3.1333;N45.5833;13;
3;FRA;Auvergne;Puy-de-Dôme;Champétières 63081;E3.7000;N45.5167;13;
3;FRA;Auvergne;Puy-de-Dôme;Champs 63082;E3.0833;N46.0500;13;
3;FRA;Auvergne;Puy-de-Dôme;Chanat-la-Mouteyre 63083;E3.0167;N45.8333;13;
3;FRA;Auvergne;Puy-de-Dôme;Chanonat 63084;E3.1000;N45.6833;13;
3;FRA;Auvergne;Puy-de-Dôme;Chapdes-Beaufort 63085;E2.8667;N45.8833;13;
3;FRA;Auvergne;Puy-de-Dôme;Chappes 63089;E3.2333;N45.8667;13;
3;FRA;Auvergne;Puy-de-Dôme;Chaptuzat 63090;E3.1667;N46.0333;13;
3;FRA;Auvergne;Puy-de-Dôme;Charbonnier-les-Mines 63091;E3.2833;N45.4167;13;
3;FRA;Auvergne;Puy-de-Dôme;Charbonnières-les-Varennes 63092;E3.0000;N45.9000;13;
3;FRA;Auvergne;Puy-de-Dôme;Charbonnières-les-Vieilles 63093;E3.0000;N46.0000;13;
3;FRA;Auvergne;Puy-de-Dôme;Charensat 63094;E2.6500;N45.9833;13;
3;FRA;Auvergne;Puy-de-Dôme;Charnat 63095;E3.4333;N45.9500;13;
3;FRA;Auvergne;Puy-de-Dôme;Chas 63096;E3.3000;N45.7500;13;
3;FRA;Auvergne;Puy-de-Dôme;Chassagne 63097;E3.0833;N45.5000;13;
3;FRA;Auvergne;Puy-de-Dôme;Chastreix 63098;E2.7500;N45.5167;13;
3;FRA;Auvergne;Puy-de-Dôme;Château-sur-Cher 63101;E2.5500;N46.1167;13;
3;FRA;Auvergne;Puy-de-Dôme;Châteaugay 63099;E3.1000;N45.8500;13;
3;FRA;Auvergne;Puy-de-Dôme;Châteauneuf-les-Bains 63100;E2.9000;N46.0333;13;
3;FRA;Auvergne;Puy-de-Dôme;Châteldon 63102;E3.5167;N45.9667;13;
3;FRA;Auvergne;Puy-de-Dôme;Châtelguyon 63103;E3.0667;N45.9167;13;
3;FRA;Auvergne;Puy-de-Dôme;Chaumont-le-Bourg 63105;E3.7667;N45.4500;13;
3;FRA;Auvergne;Puy-de-Dôme;Chauriat 63106;E3.2833;N45.7500;13;
3;FRA;Auvergne;Puy-de-Dôme;Chavaroux 63107;E3.2667;N45.8500;13;
3;FRA;Auvergne;Puy-de-Dôme;Chidrac 63109;E3.2167;N45.9917;13;
3;FRA;Auvergne;Puy-de-Dôme;Cisternes-la-Forêt 63110;E3.1667;N45.5500;13;
3;FRA;Auvergne;Puy-de-Dôme;Clémensat 63111;E2.7000;N45.7833;13;
3;FRA;Auvergne;Puy-de-Dôme;Clerlande 63112;E3.1833;N45.9167;13;
3;FRA;Auvergne;Puy-de-Dôme;Clermont-Ferrand 63113;E3.0833;N45.7833;13;
3;FRA;Auvergne;Puy-de-Dôme;Collanges 63114;E3.2333;N45.4333;13;
3;FRA;Auvergne;Puy-de-Dôme;Combrailles 63115;E2.6333;N45.8333;13;
3;FRA;Auvergne;Puy-de-Dôme;Combronde 63116;E3.0833;N45.9833;13;
3;FRA;Auvergne;Puy-de-Dôme;Compains 63117;E2.9333;N45.4500;13;
3;FRA;Auvergne;Puy-de-Dôme;Condat-en-Combraille 63118;E2.5500;N45.8500;13;
3;FRA;Auvergne;Puy-de-Dôme;Condat-lès-Montboissier 63119;E3.5000;N45.5500;13;
3;FRA;Auvergne;Puy-de-Dôme;Corent 63120;E3.2000;N45.6667;13;
3;FRA;Auvergne;Puy-de-Dôme;Coudes 63121;E3.2167;N45.6167;13;
3;FRA;Auvergne;Puy-de-Dôme;Courgoul 63122;E3.0500;N45.5167;13;
3;FRA;Auvergne;Puy-de-Dôme;Cournols 63123;E3.0500;N45.6500;13;
3;FRA;Auvergne;Puy-de-Dôme;Cournon-d'Auvergne 63124;E3.2167;N45.7500;13;
3;FRA;Auvergne;Puy-de-Dôme;Courpière 63125;E3.5500;N45.7500;13;
3;FRA;Auvergne;Puy-de-Dôme;Creste 63127;E3.0500;N45.5500;13;
3;FRA;Auvergne;Puy-de-Dôme;Crevant-Laveine 63128;E3.3833;N45.9167;13;
3;FRA;Auvergne;Puy-de-Dôme;Cros 63129;E2.6000;N45.4667;13;
3;FRA;Auvergne;Puy-de-Dôme;Culhat 63131;E3.3333;N45.8667;13;
3;FRA;Auvergne;Puy-de-Dôme;Cunlhat 63132;E3.5833;N45.6333;13;
3;FRA;Auvergne;Puy-de-Dôme;Dallet 63133;E3.2333;N45.7667;13;
3;FRA;Auvergne;Puy-de-Dôme;Dauzat-sur-Vodable 63134;E3.1000;N45.4833;13;
3;FRA;Auvergne;Puy-de-Dôme;Davayat 63135;E3.1167;N45.9500;13;
3;FRA;Auvergne;Puy-de-Dôme;Domaize 63136;E3.5500;N45.6833;13;
3;FRA;Auvergne;Puy-de-Dôme;Doranges 63137;E3.6167;N45.4000;13;
3;FRA;Auvergne;Puy-de-Dôme;Dorat 63138;E3.4833;N45.8833;13;
3;FRA;Auvergne;Puy-de-Dôme;Dore-l'Église 63139;E3.7500;N45.3833;13;
3;FRA;Auvergne;Puy-de-Dôme;Durmignat 63140;E2.9000;N46.1833;13;
3;FRA;Auvergne;Puy-de-Dôme;Durtol 63141;E3.0500;N45.8000;13;
3;FRA;Auvergne;Puy-de-Dôme;Échandelys 63142;E3.5500;N45.5500;13;
3;FRA;Auvergne;Puy-de-Dôme;Effiat 63143;E3.2500;N46.0333;13;
3;FRA;Auvergne;Puy-de-Dôme;Égliseneuve-d'Entraigues 63144;E2.8167;N45.4000;13;
3;FRA;Auvergne;Puy-de-Dôme;Égliseneuve-des-Liards 63145;E3.4333;N45.5667;13;
3;FRA;Auvergne;Puy-de-Dôme;Égliseneuve-près-Billom 63146;E3.4000;N45.7167;13;
3;FRA;Auvergne;Puy-de-Dôme;Églisolles 63147;E3.8833;N45.4500;13;
3;FRA;Auvergne;Puy-de-Dôme;Ennezat 63148;E3.2167;N45.9000;13;
3;FRA;Auvergne;Puy-de-Dôme;Entraigues 63149;E3.2667;N45.8833;13;
3;FRA;Auvergne;Puy-de-Dôme;Enval 63150;E3.0500;N45.9000;13;
3;FRA;Auvergne;Puy-de-Dôme;Escoutoux 63151;E3.5833;N45.8167;13;
3;FRA;Auvergne;Puy-de-Dôme;Espinasse 63152;E2.7000;N46.0333;13;
3;FRA;Auvergne;Puy-de-Dôme;Espinchal 63153;E2.8667;N45.3833;13;
3;FRA;Auvergne;Puy-de-Dôme;Espirat 63154;E3.3333;N45.7500;13;
3;FRA;Auvergne;Puy-de-Dôme;Estandeuil 63155;E3.4500;N45.6833;13;
3;FRA;Auvergne;Puy-de-Dôme;Esteil 63156;E3.3667;N45.4500;13;
3;FRA;Auvergne;Puy-de-Dôme;Fayet-le-Château 63157;E3.4167;N45.6833;13;
3;FRA;Auvergne;Puy-de-Dôme;Fayet-Ronaye 63158;E3.5500;N45.4167;13;
3;FRA;Auvergne;Puy-de-Dôme;Fernoël 63159;E2.4500;N45.8167;13;
3;FRA;Auvergne;Puy-de-Dôme;Flat 63160;E3.3000;N45.5667;13;
3;FRA;Auvergne;Puy-de-Dôme;Fournols 63162;E3.5833;N45.5167;13;
3;FRA;Auvergne;Puy-de-Dôme;Gelles 63163;E2.7667;N45.7667;13;
3;FRA;Auvergne;Puy-de-Dôme;Gerzat 63164;E3.1500;N45.8333;13;
3;FRA;Auvergne;Puy-de-Dôme;Giat 63165;E2.4833;N45.8000;13;
3;FRA;Auvergne;Puy-de-Dôme;Gignat 63166;E3.2333;N45.4833;13;
3;FRA;Auvergne;Puy-de-Dôme;Gimeaux 63167;E3.0833;N45.9500;13;
3;FRA;Auvergne;Puy-de-Dôme;Glaine-Montaigut 63168;E3.4000;N45.7500;13;
3;FRA;Auvergne;Puy-de-Dôme;Gouttières 63171;E2.7667;N46.0667;13;
3;FRA;Auvergne;Puy-de-Dôme;Grandeyrolles 63172;E3.0667;N45.5833;13;
3;FRA;Auvergne;Puy-de-Dôme;Grandrif 63173;E3.8167;N45.5000;13;
3;FRA;Auvergne;Puy-de-Dôme;Grandval 63174;E3.6667;N45.6000;13;
3;FRA;Auvergne;Puy-de-Dôme;Herment 63175;E2.5667;N45.7500;13;
3;FRA;Auvergne;Puy-de-Dôme;Heume-l'Église 63176;E2.7333;N45.7167;13;
3;FRA;Auvergne;Puy-de-Dôme;Isserteaux 63177;E3.4000;N45.6500;13;
3;FRA;Auvergne;Puy-de-Dôme;Issoire 63178;E3.2500;N45.5500;13;
3;FRA;Auvergne;Puy-de-Dôme;Job 63179;E3.7500;N45.6167;13;
3;FRA;Auvergne;Puy-de-Dôme;Joserand 63181;E3.1000;N46.0333;13;
3;FRA;Auvergne;Puy-de-Dôme;Joze 63180;E3.3167;N45.8667;13;
3;FRA;Auvergne;Puy-de-Dôme;Jumeaux 63182;E3.3500;N45.4333;13;
3;FRA;Auvergne;Puy-de-Dôme;La Bourboule 63047;E2.7500;N45.5833;13;
3;FRA;Auvergne;Puy-de-Dôme;La Celle 63064;E2.4667;N45.8500;13;
3;FRA;Auvergne;Puy-de-Dôme;La Cellette 63067;E2.7333;N46.1000;13;
3;FRA;Auvergne;Puy-de-Dôme;La Chapelle-Agnon 63086;E3.6333;N45.6333;13;
3;FRA;Auvergne;Puy-de-Dôme;La Chapelle-Marcousse 63087;E3.1000;N45.4500;13;
3;FRA;Auvergne;Puy-de-Dôme;La Chapelle-sur-Usson 63088;E3.4000;N45.4667;13;
3;FRA;Auvergne;Puy-de-Dôme;La Chaulme 63104;E3.9446;N45.4667;13;
3;FRA;Auvergne;Puy-de-Dôme;La Crouzille 63130;E2.7500;N46.1833;13;
3;FRA;Auvergne;Puy-de-Dôme;La Forie 63161;E3.7667;N45.6000;13;
3;FRA;Auvergne;Puy-de-Dôme;La Godivelle 63169;E2.9333;N45.3833;13;
3;FRA;Auvergne;Puy-de-Dôme;La Goutelle 63170;E2.7500;N45.8333;13;
3;FRA;Auvergne;Puy-de-Dôme;La Mayrand 63217=63303;E3.0167;N45.4333;13;
3;FRA;Auvergne;Puy-de-Dôme;La Monnerie-le-Montel 63231;E3.6000;N45.8667;13;
3;FRA;Auvergne;Puy-de-Dôme;La Moutade 63244;E3.1500;N45.9667;13;
3;FRA;Auvergne;Puy-de-Dôme;La Renaudie 63298;E3.7333;N45.7333;13;
3;FRA;Auvergne;Puy-de-Dôme;La Roche-Blanche 63302;E3.1333;N45.7000;13;
3;FRA;Auvergne;Puy-de-Dôme;La Roche-Noire 63306;E3.2333;N45.7000;13;
3;FRA;Auvergne;Puy-de-Dôme;La Sauvetat 63413;E3.1833;N45.6333;13;
3;FRA;Auvergne;Puy-de-Dôme;La Tour-d'Auvergne 63192;E2.7000;N45.5333;13;
3;FRA;Auvergne;Puy-de-Dôme;Labessette 63183;E2.5333;N45.5000;13;
3;FRA;Auvergne;Puy-de-Dôme;Lachaux 63184;E3.5833;N45.9833;13;
3;FRA;Auvergne;Puy-de-Dôme;Lamontgie 63185;E3.3333;N45.4667;13;
3;FRA;Auvergne;Puy-de-Dôme;Landogne 63186;E2.6667;N45.8667;13;
3;FRA;Auvergne;Puy-de-Dôme;Lapeyrouse 63187;E2.8667;N46.2167;13;
3;FRA;Auvergne;Puy-de-Dôme;Laps 63188;E3.2667;N45.6667;13;
3;FRA;Auvergne;Puy-de-Dôme;Laqueuille 63189;E2.7333;N45.6500;13;
3;FRA;Auvergne;Puy-de-Dôme;Larodde 63190;E2.5500;N45.5333;13;
3;FRA;Auvergne;Puy-de-Dôme;Lastic 63191;E2.5667;N45.7000;13;
3;FRA;Auvergne;Puy-de-Dôme;Le Breuil-sur-Couze 63052;E3.2667;N45.4667;13;
3;FRA;Auvergne;Puy-de-Dôme;Le Broc 63054;E3.2500;N45.5000;13;
3;FRA;Auvergne;Puy-de-Dôme;Le Brugeron 63057;E3.7167;N45.7167;13;
3;FRA;Auvergne;Puy-de-Dôme;Le Cendre 63069;E3.2000;N45.7333;13;
3;FRA;Auvergne;Puy-de-Dôme;Le Cheix 63108;E3.1667;N45.9500;13;
3;FRA;Auvergne;Puy-de-Dôme;Le Crest 63126;E3.1333;N45.6833;13;
3;FRA;Auvergne;Puy-de-Dôme;Le Monestier 63230;E3.6667;N45.5667;13;
3;FRA;Auvergne;Puy-de-Dôme;Le Quartier 63293;E2.7667;N46.1167;13;
3;FRA;Auvergne;Puy-de-Dôme;Le Vernet-Sainte-Marguerite 63449;E2.9500;N45.6000;13;
3;FRA;Auvergne;Puy-de-Dôme;Lempdes 63193;E3.2167;N45.7667;13;
3;FRA;Auvergne;Puy-de-Dôme;Lempty 63194;E3.3333;N45.8333;13;
3;FRA;Auvergne;Puy-de-Dôme;Les Ancizes-Comps 63004;E2.8000;N45.9167;13;
3;FRA;Auvergne;Puy-de-Dôme;Les Martres-d'Artière 63213;E3.2500;N45.8333;13;
3;FRA;Auvergne;Puy-de-Dôme;Les Martres-de-Veyre 63214;E3.1833;N45.6833;13;
3;FRA;Auvergne;Puy-de-Dôme;Les Pradeaux 63287;E3.3000;N45.5167;13;
3;FRA;Auvergne;Puy-de-Dôme;Lezoux 63195;E3.3833;N45.8333;13;
3;FRA;Auvergne;Puy-de-Dôme;Limons 63196;E3.4333;N45.9667;13;
3;FRA;Auvergne;Puy-de-Dôme;Lisseuil 63197;E2.9167;N46.0667;13;
3;FRA;Auvergne;Puy-de-Dôme;Loubeyrat 63198;E3.0167;N45.9333;13;
3;FRA;Auvergne;Puy-de-Dôme;Ludesse 63199;E3.1167;N45.6167;13;
3;FRA;Auvergne;Puy-de-Dôme;Lussat 63200;E3.2333;N45.8333;13;
3;FRA;Auvergne;Puy-de-Dôme;Luzillat 63201;E3.3833;N45.9333;13;
3;FRA;Auvergne;Puy-de-Dôme;Madriat 63202;E3.2000;N45.4333;13;
3;FRA;Auvergne;Puy-de-Dôme;Malauzat 63203;E3.0500;N45.8500;13;
3;FRA;Auvergne;Puy-de-Dôme;Malintrat 63204;E3.2000;N45.8167;13;
3;FRA;Auvergne;Puy-de-Dôme;Manglieu 63205;E3.3500;N45.6167;13;
3;FRA;Auvergne;Puy-de-Dôme;Manzat 63206;E2.9333;N45.9667;13;
3;FRA;Auvergne;Puy-de-Dôme;Marat 63207;E3.6833;N45.6667;13;
3;FRA;Auvergne;Puy-de-Dôme;Marcillat 63208;E3.0500;N46.0833;13;
3;FRA;Auvergne;Puy-de-Dôme;Mareugheol 63209;E3.1833;N45.4833;13;
3;FRA;Auvergne;Puy-de-Dôme;Maringues 63210;E3.3333;N45.9167;13;
3;FRA;Auvergne;Puy-de-Dôme;Marsac-en-Livradois 63211;E3.7333;N45.4833;13;
3;FRA;Auvergne;Puy-de-Dôme;Marsat 63212;E3.0833;N45.8833;13;
3;FRA;Auvergne;Puy-de-Dôme;Martres-sur-Morge 63215;E3.2167;N45.9333;13;
3;FRA;Auvergne;Puy-de-Dôme;Mauzun 63216;E3.4333;N45.7000;13;
3;FRA;Auvergne;Puy-de-Dôme;Mayres 63218;E3.7000;N45.3833;13;
3;FRA;Auvergne;Puy-de-Dôme;Mazaye 63219;E2.8667;N45.7833;13;
3;FRA;Auvergne;Puy-de-Dôme;Mazoires 63220;E3.0833;N45.4000;13;
3;FRA;Auvergne;Puy-de-Dôme;Medeyrolles 63221;E3.8000;N45.4000;13;
3;FRA;Auvergne;Puy-de-Dôme;Meilhaud 63222;E3.1667;N45.5500;13;
3;FRA;Auvergne;Puy-de-Dôme;Menat 63223;E2.9000;N46.1000;13;
3;FRA;Auvergne;Puy-de-Dôme;Ménétrol 63224;E3.1333;N45.8667;13;
3;FRA;Auvergne;Puy-de-Dôme;Messeix 63225;E2.5500;N45.6167;13;
3;FRA;Auvergne;Puy-de-Dôme;Mezel 63226;E3.2333;N45.7500;13;
3;FRA;Auvergne;Puy-de-Dôme;Mirefleurs 63227;E3.2333;N45.7000;13;
3;FRA;Auvergne;Puy-de-Dôme;Miremont 63228;E2.7167;N45.9000;13;
3;FRA;Auvergne;Puy-de-Dôme;Moissat 63229;E3.3500;N45.7667;13;
3;FRA;Auvergne;Puy-de-Dôme;Mons 63232;E3.4167;N46.0000;13;
3;FRA;Auvergne;Puy-de-Dôme;Mont-Dore 63236;E2.8000;N45.5667;13;
3;FRA;Auvergne;Puy-de-Dôme;Montaigut 63233;E2.8083;N46.1833;13;
3;FRA;Auvergne;Puy-de-Dôme;Montaigut-le-Blanc 63234;E3.1000;N45.5833;13;
3;FRA;Auvergne;Puy-de-Dôme;Montcel 63235;E3.0500;N46.0167;13;
3;FRA;Auvergne;Puy-de-Dôme;Montel-de-Gelat 63237;E2.5833;N45.9333;13;
3;FRA;Auvergne;Puy-de-Dôme;Montfermy 63238;E2.8167;N45.8833;13;
3;FRA;Auvergne;Puy-de-Dôme;Montmorin 63239;E3.3667;N45.6833;13;
3;FRA;Auvergne;Puy-de-Dôme;Montpensier 63240;E3.2167;N46.0333;13;
3;FRA;Auvergne;Puy-de-Dôme;Montpeyroux 63241;E3.2167;N45.6167;13;
3;FRA;Auvergne;Puy-de-Dôme;Moriat 63242;E3.2500;N45.4000;13;
3;FRA;Auvergne;Puy-de-Dôme;Moureuille 63243;E2.9167;N46.1667;13;
3;FRA;Auvergne;Puy-de-Dôme;Mozac 63245;E3.1000;N45.8833;13;
3;FRA;Auvergne;Puy-de-Dôme;Murat-le-Quaire 63246;E2.7333;N45.6000;13;
3;FRA;Auvergne;Puy-de-Dôme;Murol 63247;E2.9500;N45.5833;13;
3;FRA;Auvergne;Puy-de-Dôme;Nébouzat 63248;E2.9000;N45.7167;13;
3;FRA;Auvergne;Puy-de-Dôme;Néronde-sur-Dore 63249;E3.5333;N45.8000;13;
3;FRA;Auvergne;Puy-de-Dôme;Neschers 63250;E3.1667;N45.5833;13;
3;FRA;Auvergne;Puy-de-Dôme;Neuf-Église 63251;E2.9000;N46.1000;13;
3;FRA;Auvergne;Puy-de-Dôme;Neuville 63252;E3.4333;N45.7417;13;
3;FRA;Auvergne;Puy-de-Dôme;Noalhat 63253;E3.4500;N45.9167;13;
3;FRA;Auvergne;Puy-de-Dôme;Nohanent 63254;E3.0667;N45.8167;13;
3;FRA;Auvergne;Puy-de-Dôme;Nonette 63255;E3.2833;N45.4833;13;
3;FRA;Auvergne;Puy-de-Dôme;Novacelles 63256;E3.6500;N45.4333;13;
3;FRA;Auvergne;Puy-de-Dôme;Olby 63257;E2.8833;N45.7500;13;
3;FRA;Auvergne;Puy-de-Dôme;Olliergues 63258;E3.6333;N45.6667;13;
3;FRA;Auvergne;Puy-de-Dôme;Olloix 63259;E3.0500;N45.6167;13;
3;FRA;Auvergne;Puy-de-Dôme;Olmet 63260;E3.6500;N45.7000;13;
3;FRA;Auvergne;Puy-de-Dôme;Orbeil 63261;E3.2833;N45.5667;13;
3;FRA;Auvergne;Puy-de-Dôme;Orcet 63262;E3.1833;N45.7000;13;
3;FRA;Auvergne;Puy-de-Dôme;Orcines 63263;E3.0167;N45.7833;13;
3;FRA;Auvergne;Puy-de-Dôme;Orcival 63264;E2.8500;N45.6833;13;
3;FRA;Auvergne;Puy-de-Dôme;Orléat 63265;E3.4333;N45.8667;13;
3;FRA;Auvergne;Puy-de-Dôme;Orsonnette 63266;E3.3000;N45.4667;13;
3;FRA;Auvergne;Puy-de-Dôme;Palladuc 63267;E3.6333;N45.9000;13;
3;FRA;Auvergne;Puy-de-Dôme;Pardines 63268;E3.1667;N45.5500;13;
3;FRA;Auvergne;Puy-de-Dôme;Parent 63269;E3.2500;N45.6333;13;
3;FRA;Auvergne;Puy-de-Dôme;Parentignat 63270;E3.3000;N45.5333;13;
3;FRA;Auvergne;Puy-de-Dôme;Paslières 63271;E3.5000;N45.9333;13;
3;FRA;Auvergne;Puy-de-Dôme;Pérignat-lès-Sarliève 63272;E3.1500;N45.7333;13;
3;FRA;Auvergne;Puy-de-Dôme;Pérignat-sur-Allier 63273;E3.2500;N45.7333;13;
3;FRA;Auvergne;Puy-de-Dôme;Perpezat 63274;E2.7750;N45.6833;13;
3;FRA;Auvergne;Puy-de-Dôme;Perrier 63275;E3.2167;N45.5500;13;
3;FRA;Auvergne;Puy-de-Dôme;Peschadoires 63276;E3.5167;N45.8167;13;
3;FRA;Auvergne;Puy-de-Dôme;Peslières 63277;E3.4667;N45.4333;13;
3;FRA;Auvergne;Puy-de-Dôme;Pessat-Villeneuve 63278;E3.1500;N45.9333;13;
3;FRA;Auvergne;Puy-de-Dôme;Picherande 63279;E2.7833;N45.4667;13;
3;FRA;Auvergne;Puy-de-Dôme;Pignols 63280;E3.2833;N45.6500;13;
3;FRA;Auvergne;Puy-de-Dôme;Pionsat 63281;E2.7000;N46.1000;13;
3;FRA;Auvergne;Puy-de-Dôme;Plauzat 63282;E3.1500;N45.6167;13;
3;FRA;Auvergne;Puy-de-Dôme;Pont-du-Château 63284;E3.2500;N45.8000;13;
3;FRA;Auvergne;Puy-de-Dôme;Pontaumur 63283;E2.6833;N45.8667;13;
3;FRA;Auvergne;Puy-de-Dôme;Pontgibaud 63285;E2.8667;N45.8333;13;
3;FRA;Auvergne;Puy-de-Dôme;Pouzol 63286;E2.9667;N46.0833;13;
3;FRA;Auvergne;Puy-de-Dôme;Prompsat 63288;E3.0667;N45.9500;13;
3;FRA;Auvergne;Puy-de-Dôme;Prondines 63289;E2.6833;N45.7667;13;
3;FRA;Auvergne;Puy-de-Dôme;Pulvérières 63290;E2.9167;N45.8833;13;
3;FRA;Auvergne;Puy-de-Dôme;Puy-Guillaume 63291;E2.6333;N45.7833;13;
3;FRA;Auvergne;Puy-de-Dôme;Puy-Saint-Gulmier 63292;E3.4833;N45.9500;13;
3;FRA;Auvergne;Puy-de-Dôme;Queuille 63294;E2.8500;N45.9667;13;
3;FRA;Auvergne;Puy-de-Dôme;Randan 63295;E3.3667;N46.0167;13;
3;FRA;Auvergne;Puy-de-Dôme;Ravel 63296;E3.4000;N45.7833;13;
3;FRA;Auvergne;Puy-de-Dôme;Reignat 63297;E3.3500;N45.7500;13;
3;FRA;Auvergne;Puy-de-Dôme;Rentières 63299;E3.1000;N45.4167;13;
3;FRA;Auvergne;Puy-de-Dôme;Riom 63300;E3.1167;N45.9000;13;
3;FRA;Auvergne;Puy-de-Dôme;Ris 63301;E3.5000;N46.0000;13;
3;FRA;Auvergne;Puy-de-Dôme;Roche-Charles-la-Mayrand 63303;E3.0167;N45.4500;13;
3;FRA;Auvergne;Puy-de-Dôme;Roche-d'Agoux 63304;E2.6333;N46.0500;13;
3;FRA;Auvergne;Puy-de-Dôme;Rochefort-Montagne 63305;E2.8167;N45.6833;13;
3;FRA;Auvergne;Puy-de-Dôme;Romagnat 63307;E3.1000;N45.7333;13;
3;FRA;Auvergne;Puy-de-Dôme;Royat 63308;E3.0500;N45.7667;13;
3;FRA;Auvergne;Puy-de-Dôme;Saillant 63309;E3.0167;N45.5667;13;
3;FRA;Auvergne;Puy-de-Dôme;Saint-Agoulin 63311;E3.1333;N46.0333;13;
3;FRA;Auvergne;Puy-de-Dôme;Saint-Alyre-d'Arlanc 63312;E3.6333;N45.3667;13;
3;FRA;Auvergne;Puy-de-Dôme;Saint-Alyre-ès-Montagne 63313;E3.0000;N45.4000;13;
3;FRA;Auvergne;Puy-de-Dôme;Saint-Amant-Roche-Savine 63314;E3.6333;N45.5667;13;
3;FRA;Auvergne;Puy-de-Dôme;Saint-Amant-Tallende 63315;E3.1167;N45.6667;13;
3;FRA;Auvergne;Puy-de-Dôme;Saint-Anastaise 63316=63038;E2.9833;N45.4667;13;
3;FRA;Auvergne;Puy-de-Dôme;Saint-André-le-Coq 63317;E3.3167;N45.9667;13;
3;FRA;Auvergne;Puy-de-Dôme;Saint-Angel 63318;E2.9333;N45.9833;13;
3;FRA;Auvergne;Puy-de-Dôme;Saint-Anthème 63319;E3.9167;N45.5167;13;
3;FRA;Auvergne;Puy-de-Dôme;Saint-Avit 63320;E2.5333;N45.8667;13;
3;FRA;Auvergne;Puy-de-Dôme;Saint-Babel 63321;E3.3000;N45.6000;13;
3;FRA;Auvergne;Puy-de-Dôme;Saint-Beauzire 63322;E3.1833;N45.8500;13;
3;FRA;Auvergne;Puy-de-Dôme;Saint-Bonnet-le-Bourg 63323;E3.6167;N45.4333;13;
3;FRA;Auvergne;Puy-de-Dôme;Saint-Bonnet-le-Chastel 63324;E3.6333;N45.4500;13;
3;FRA;Auvergne;Puy-de-Dôme;Saint-Bonnet-lès-Allier 63325;E3.2500;N45.7500;13;
3;FRA;Auvergne;Puy-de-Dôme;Saint-Bonnet-près-Orcival 63326;E2.8667;N45.7000;13;
3;FRA;Auvergne;Puy-de-Dôme;Saint-Bonnet-près-Riom 63327;E3.1000;N45.9333;13;
3;FRA;Auvergne;Puy-de-Dôme;Saint-Cirgues-sur-Couze 63330;E3.1500;N45.5500;13;
3;FRA;Auvergne;Puy-de-Dôme;Saint-Clément-de-Régnat 63332;E3.3000;N46.0000;13;
3;FRA;Auvergne;Puy-de-Dôme;Saint-Clément-de-Valorgue 63331;E3.9167;N45.5000;13;
3;FRA;Auvergne;Puy-de-Dôme;Saint-Denis-Combarnazat 63333;E3.3333;N45.9667;13;
3;FRA;Auvergne;Puy-de-Dôme;Saint-Dier-d'Auvergne 63334;E3.5000;N45.6833;13;
3;FRA;Auvergne;Puy-de-Dôme;Saint-Diéry 63335;E3.0333;N45.5500;13;
3;FRA;Auvergne;Puy-de-Dôme;Saint-Donat 63336;E2.7167;N45.4667;13;
3;FRA;Auvergne;Puy-de-Dôme;Saint-Éloy-la-Glacière 63337;E3.5667;N45.5500;13;
3;FRA;Auvergne;Puy-de-Dôme;Saint-Éloy-les-Mines 63338;E2.8333;N46.1500;13;
3;FRA;Auvergne;Puy-de-Dôme;Saint-Étienne-des-Champs 63339;E2.5833;N45.8333;13;
3;FRA;Auvergne;Puy-de-Dôme;Saint-Étienne-sur-Usson 63340;E3.4167;N45.5000;13;
3;FRA;Auvergne;Puy-de-Dôme;Saint-Ferréol-des-Côtes 63341;E3.7167;N45.5333;13;
3;FRA;Auvergne;Puy-de-Dôme;Saint-Floret 63342;E3.1167;N45.5500;13;
3;FRA;Auvergne;Puy-de-Dôme;Saint-Flour 63343;E3.5167;N45.7000;13;
3;FRA;Auvergne;Puy-de-Dôme;Saint-Gal-sur-Sioule 63344;E3.0167;N46.1167;13;
3;FRA;Auvergne;Puy-de-Dôme;Saint-Genès-Champanelle 63345;E3.0167;N45.7167;13;
3;FRA;Auvergne;Puy-de-Dôme;Saint-Genès-Champespe 63346;E2.7333;N45.4167;13;
3;FRA;Auvergne;Puy-de-Dôme;Saint-Genès-du-Retz 63347;E3.2167;N46.0667;13;
3;FRA;Auvergne;Puy-de-Dôme;Saint-Genès-la-Tourette 63348;E3.4833;N45.5167;13;
3;FRA;Auvergne;Puy-de-Dôme;Saint-Georges-de-Mons 63349;E2.8333;N45.9333;13;
3;FRA;Auvergne;Puy-de-Dôme;Saint-Georges-sur-Allier 63350;E3.2500;N45.7000;13;
3;FRA;Auvergne;Puy-de-Dôme;Saint-Germain-l'Herm 63353;E3.5667;N45.4500;13;
3;FRA;Auvergne;Puy-de-Dôme;Saint-Germain-Lembron 63352;E3.2500;N45.4500;13;
3;FRA;Auvergne;Puy-de-Dôme;Saint-Germain-près-Herment 63351;E2.5500;N45.7500;13;
3;FRA;Auvergne;Puy-de-Dôme;Saint-Gervais-d'Auvergne 63354;E2.8167;N46.0333;13;
3;FRA;Auvergne;Puy-de-Dôme;Saint-Gervais-sous-Meymont 63355;E3.6000;N45.6833;13;
3;FRA;Auvergne;Puy-de-Dôme;Saint-Gervazy 63356;E3.2333;N45.4167;13;
3;FRA;Auvergne;Puy-de-Dôme;Saint-Hérent 63357;E3.1667;N45.4667;13;
3;FRA;Auvergne;Puy-de-Dôme;Saint-Hilaire 63360;E3.0500;N46.0500;13;
3;FRA;Auvergne;Puy-de-Dôme;Saint-Hilaire-la-Croix 63358;E2.6667;N45.8167;13;
3;FRA;Auvergne;Puy-de-Dôme;Saint-Hilaire-les-Monges 63359;E2.6333;N46.1083;13;
3;FRA;Auvergne;Puy-de-Dôme;Saint-Hippolyte 63361=63103;E3.0667;N45.9167;13;
3;FRA;Auvergne;Puy-de-Dôme;Saint-Ignat 63362;E3.2667;N45.9167;13;
3;FRA;Auvergne;Puy-de-Dôme;Saint-Jacques-d'Ambur 63363;E2.7833;N45.9000;13;
3;FRA;Auvergne;Puy-de-Dôme;Saint-Jean-d'Heurs 63364;E3.4500;N45.8167;13;
3;FRA;Auvergne;Puy-de-Dôme;Saint-Jean-des-Ollières 63365;E3.4500;N45.6500;13;
3;FRA;Auvergne;Puy-de-Dôme;Saint-Jean-en-Val 63366;E3.3667;N45.5167;13;
3;FRA;Auvergne;Puy-de-Dôme;Saint-Jean-Saint-Gervais 63367;E3.3833;N45.4167;13;
3;FRA;Auvergne;Puy-de-Dôme;Saint-Julien-de-Coppel 63368;E3.3167;N45.7000;13;
3;FRA;Auvergne;Puy-de-Dôme;Saint-Julien-la-Geneste 63369;E2.7333;N46.0500;13;
3;FRA;Auvergne;Puy-de-Dôme;Saint-Julien-Puy-Lavèze 63370;E2.6833;N45.6667;13;
3;FRA;Auvergne;Puy-de-Dôme;Saint-Just 63371;E3.7917;N45.4667;13;
3;FRA;Auvergne;Puy-de-Dôme;Saint-Laure 63372;E3.2833;N45.9000;13;
3;FRA;Auvergne;Puy-de-Dôme;Saint-Maigner 63373;E2.7000;N46.0833;13;
3;FRA;Auvergne;Puy-de-Dôme;Saint-Martin-d'Ollières 63376;E3.4667;N45.4167;13;
3;FRA;Auvergne;Puy-de-Dôme;Saint-Martin-des-Olmes 63374;E3.8000;N45.5333;13;
3;FRA;Auvergne;Puy-de-Dôme;Saint-Martin-des-Plains 63375;E3.3167;N45.4833;13;
3;FRA;Auvergne;Puy-de-Dôme;Saint-Maurice 63378;E3.2333;N45.6667;13;
3;FRA;Auvergne;Puy-de-Dôme;Saint-Maurice-près-Pionsat 63377;E2.6000;N46.0667;13;
3;FRA;Auvergne;Puy-de-Dôme;Saint-Myon 63379;E3.1167;N46.0000;13;
3;FRA;Auvergne;Puy-de-Dôme;Saint-Nectaire 63380;E3.0000;N45.6000;13;
3;FRA;Auvergne;Puy-de-Dôme;Saint-Ours 63381;E2.9000;N45.8500;13;
3;FRA;Auvergne;Puy-de-Dôme;Saint-Pardoux 63382;E3.0167;N46.0500;13;
3;FRA;Auvergne;Puy-de-Dôme;Saint-Pierre-Colamine 63383;E3.0167;N45.5333;13;
3;FRA;Auvergne;Puy-de-Dôme;Saint-Pierre-la-Bourlhonne 63384;E3.7500;N45.6667;13;
3;FRA;Auvergne;Puy-de-Dôme;Saint-Pierre-le-Chastel 63385;E2.8500;N45.8000;13;
3;FRA;Auvergne;Puy-de-Dôme;Saint-Pierre-Roche 63386;E2.8333;N45.7333;13;
3;FRA;Auvergne;Puy-de-Dôme;Saint-Priest-Bramefant 63387;E3.4333;N46.0333;13;
3;FRA;Auvergne;Puy-de-Dôme;Saint-Priest-des-Champs 63388;E2.7667;N45.9833;13;
3;FRA;Auvergne;Puy-de-Dôme;Saint-Quentin-sur-Sauxillanges 63389;E3.4000;N45.5500;13;
3;FRA;Auvergne;Puy-de-Dôme;Saint-Quintin-sur-Sioule 63390;E3.0667;N46.1000;13;
3;FRA;Auvergne;Puy-de-Dôme;Saint-Rémy-de-Blot 63391;E2.9333;N46.0833;13;
3;FRA;Auvergne;Puy-de-Dôme;Saint-Rémy-de-Chargnat 63392;E3.3333;N45.5167;13;
3;FRA;Auvergne;Puy-de-Dôme;Saint-Rémy-sur-Durolle 63393;E3.6000;N45.8833;13;
3;FRA;Auvergne;Puy-de-Dôme;Saint-Romain 63394;E3.9000;N45.4833;13;
3;FRA;Auvergne;Puy-de-Dôme;Saint-Sandoux 63395;E3.1167;N45.6333;13;
3;FRA;Auvergne;Puy-de-Dôme;Saint-Saturnin 63396;E3.1000;N45.6500;13;
3;FRA;Auvergne;Puy-de-Dôme;Saint-Sauves-d'Auvergne 63397;E2.6833;N45.6000;13;
3;FRA;Auvergne;Puy-de-Dôme;Saint-Sauveur-la-Sagne 63398;E3.6667;N45.3833;13;
3;FRA;Auvergne;Puy-de-Dôme;Saint-Sulpice 63399;E2.6333;N45.6500;13;
3;FRA;Auvergne;Puy-de-Dôme;Saint-Sylvestre-Pragoulin 63400;E3.3833;N46.0500;13;
3;FRA;Auvergne;Puy-de-Dôme;Saint-Victor-la-Rivière 63401;E2.9333;N45.5500;13;
3;FRA;Auvergne;Puy-de-Dôme;Saint-Victor-Montvianeix 63402;E3.6000;N45.9333;13;
3;FRA;Auvergne;Puy-de-Dôme;Saint-Vincent 63403;E3.1500;N45.5500;13;
3;FRA;Auvergne;Puy-de-Dôme;Saint-Yvoine 63404;E3.2333;N45.5833;13;
3;FRA;Auvergne;Puy-de-Dôme;Sainte-Agathe 63310;E3.6167;N45.8167;13;
3;FRA;Auvergne;Puy-de-Dôme;Sainte-Catherine 63328;E3.4833;N45.4500;13;
3;FRA;Auvergne;Puy-de-Dôme;Sainte-Christine 63329;E2.8333;N46.0667;13;
3;FRA;Auvergne;Puy-de-Dôme;Sallèdes 63405;E3.3333;N45.6500;13;
3;FRA;Auvergne;Puy-de-Dôme;Sardon 63406;E3.2167;N45.9667;13;
3;FRA;Auvergne;Puy-de-Dôme;Saulzet-le-Froid 63407;E2.9167;N45.6333;13;
3;FRA;Auvergne;Puy-de-Dôme;Sauret-Besserve 63408;E2.8167;N46.0000;13;
3;FRA;Auvergne;Puy-de-Dôme;Saurier 63409;E3.0500;N45.5333;13;
3;FRA;Auvergne;Puy-de-Dôme;Sauvagnat 63410;E2.6167;N45.7667;13;
3;FRA;Auvergne;Puy-de-Dôme;Sauvagnat-Sainte-Marthe 63411;E3.2167;N45.5833;13;
3;FRA;Auvergne;Puy-de-Dôme;Sauvessanges 63412;E3.8667;N45.3833;13;
3;FRA;Auvergne;Puy-de-Dôme;Sauviat 63414;E3.5500;N45.7167;13;
3;FRA;Auvergne;Puy-de-Dôme;Sauxillanges 63415;E3.3833;N45.5667;13;
3;FRA;Auvergne;Puy-de-Dôme;Savennes 63416;E2.5167;N45.6000;13;
3;FRA;Auvergne;Puy-de-Dôme;Sayat 63417;E3.0667;N45.8333;13;
3;FRA;Auvergne;Puy-de-Dôme;Sermentizon 63418;E3.5167;N45.7667;13;
3;FRA;Auvergne;Puy-de-Dôme;Servant 63419;E2.9167;N46.1333;13;
3;FRA;Auvergne;Puy-de-Dôme;Seychalles 63420;E3.3333;N45.8000;13;
3;FRA;Auvergne;Puy-de-Dôme;Singles 63421;E2.5333;N45.5500;13;
3;FRA;Auvergne;Puy-de-Dôme;Solignat 63422;E3.1833;N45.5167;13;
3;FRA;Auvergne;Puy-de-Dôme;Sugères 63423;E3.4167;N45.6000;13;
3;FRA;Auvergne;Puy-de-Dôme;Surat 63424;E3.2500;N45.9333;13;
3;FRA;Auvergne;Puy-de-Dôme;Tallende 63425;E3.1333;N45.6667;13;
3;FRA;Auvergne;Puy-de-Dôme;Tauves 63426;E2.6333;N45.5667;13;
3;FRA;Auvergne;Puy-de-Dôme;Teilhède 63427;E3.0667;N45.9500;13;
3;FRA;Auvergne;Puy-de-Dôme;Teilhet 63428;E2.8167;N46.1000;13;
3;FRA;Auvergne;Puy-de-Dôme;Ternant-les-Eaux 63429;E3.1500;N45.4833;13;
3;FRA;Auvergne;Puy-de-Dôme;Thiers 63430;E3.5667;N45.8500;13;
3;FRA;Auvergne;Puy-de-Dôme;Thiolières 63431;E3.7000;N45.5833;13;
3;FRA;Auvergne;Puy-de-Dôme;Thuret 63432;E3.2667;N45.9667;13;
3;FRA;Auvergne;Puy-de-Dôme;Tortebesse 63433;E2.6500;N45.7333;13;
3;FRA;Auvergne;Puy-de-Dôme;Tours-sur-Meymont 63434;E3.5833;N45.6667;13;
3;FRA;Auvergne;Puy-de-Dôme;Tourzel-Ronzières 63435;E3.1333;N45.5333;13;
3;FRA;Auvergne;Puy-de-Dôme;Tralaigues 63436;E2.6000;N45.9000;13;
3;FRA;Auvergne;Puy-de-Dôme;Trémouille-Saint-Loup 63437;E2.5667;N45.5000;13;
3;FRA;Auvergne;Puy-de-Dôme;Trézioux 63438;E3.4833;N45.7167;13;
3;FRA;Auvergne;Puy-de-Dôme;Usson 63439;E3.3500;N45.5333;13;
3;FRA;Auvergne;Puy-de-Dôme;Valbeleix 63440;E3.0000;N45.4667;13;
3;FRA;Auvergne;Puy-de-Dôme;Valcivières 63441;E3.8000;N45.5833;13;
3;FRA;Auvergne;Puy-de-Dôme;Valz-sous-Châteauneuf 63442;E3.4167;N45.4333;13;
3;FRA;Auvergne;Puy-de-Dôme;Varennes-sur-Morge 63443;E3.1833;N45.9333;13;
3;FRA;Auvergne;Puy-de-Dôme;Varennes-sur-Usson 63444;E3.3000;N45.5333;13;
3;FRA;Auvergne;Puy-de-Dôme;Vassel 63445;E3.3167;N45.7667;13;
3;FRA;Auvergne;Puy-de-Dôme;Vensat 63446;E3.1833;N46.0500;13;
3;FRA;Auvergne;Puy-de-Dôme;Vergheas 63447;E2.6167;N46.0333;13;
3;FRA;Auvergne;Puy-de-Dôme;Vernet-la-Varenne 63448;E3.4667;N45.4667;13;
3;FRA;Auvergne;Puy-de-Dôme;Verneugheol 63450;E2.5333;N45.7667;13;
3;FRA;Auvergne;Puy-de-Dôme;Vernines 63451;E2.8833;N45.6667;13;
3;FRA;Auvergne;Puy-de-Dôme;Verrières 63452;E3.0500;N45.5667;13;
3;FRA;Auvergne;Puy-de-Dôme;Vertaizon 63453;E3.3000;N45.7667;13;
3;FRA;Auvergne;Puy-de-Dôme;Vertolaye 63454;E3.7000;N45.6500;13;
3;FRA;Auvergne;Puy-de-Dôme;Veyre-Monton 63455;E3.1667;N45.6833;13;
3;FRA;Auvergne;Puy-de-Dôme;Vic-le-Comte 63457;E3.2500;N45.6333;13;
3;FRA;Auvergne;Puy-de-Dôme;Vichel 63456;E3.2333;N45.4333;13;
3;FRA;Auvergne;Puy-de-Dôme;Villeneuve 63458;E3.2000;N45.4833;13;
3;FRA;Auvergne;Puy-de-Dôme;Villeneuve-les-Cerfs 63459;E3.3333;N46.0167;13;
3;FRA;Auvergne;Puy-de-Dôme;Villosanges 63460;E2.6333;N45.9000;13;
3;FRA;Auvergne;Puy-de-Dôme;Vinzelles 63461;E3.3833;N45.9167;13;
3;FRA;Auvergne;Puy-de-Dôme;Virlet 63462;E2.6833;N46.1500;13;
3;FRA;Auvergne;Puy-de-Dôme;Viscomtat 63463;E3.6667;N45.8167;13;
3;FRA;Auvergne;Puy-de-Dôme;Vitrac 63464;E2.8667;N45.9667;13;
3;FRA;Auvergne;Puy-de-Dôme;Viverols 63465;E3.8833;N45.4333;13;
3;FRA;Auvergne;Puy-de-Dôme;Vodable 63466;E3.1500;N45.5000;13;
3;FRA;Auvergne;Puy-de-Dôme;Voingt 63467;E2.5333;N45.8000;13;
3;FRA;Auvergne;Puy-de-Dôme;Vollore-Montagne 63468;E3.6833;N45.7833;13;
3;FRA;Auvergne;Puy-de-Dôme;Vollore-Ville 63469;E3.6000;N45.7833;13;
3;FRA;Auvergne;Puy-de-Dôme;Volvic 63470;E3.0500;N45.8667;13;
3;FRA;Auvergne;Puy-de-Dôme;Youx 63471;E2.8000;N46.1333;13;
3;FRA;Auvergne;Puy-de-Dôme;Yronde-et-Buron 63472;E3.2500;N45.6167;13;
3;FRA;Auvergne;Puy-de-Dôme;Yssac-la-Tourette 63473;E3.0833;N45.9333;13;
